0.000260260758581463
0.000230979786504166
0.000285756566699975
0.000261563375239557
0.000219824743393788
0.000207309042537993
0.000212075557205642
0.000209573860514514
6.93186934827139e-05
-4.78683933660129e-06
3.17151947281324e-06
-2.30170710581845e-05
-8.55175189962942e-05
-0.000199539233853407
-0.000193951847624305
-0.000174177347613043
-0.000261822841621093
-0.000183146821319458
-8.06861396341674e-05
-0.000161294698058505
-0.000170596960217626
-7.59535260097621e-05
-1.55958973289394e-05
7.93175582582961e-06
9.14099537165924e-05
0.000101115774419345
5.95837983580338e-05
0.000149198462388789
0.000218015927840778
0.000199307488243878
0.000184721128569798
0.000195588262099609
0.000145653772854377
0.000131195911036937
0.000144714941065054
0.000160293826159297
0.000143351796605344
4.17693044430934e-05
2.81090330819822e-05
1.17504911349897e-05
-4.86191579193829e-05
-1.98853815221511e-05
-5.57909737187856e-05
-3.60448686863180e-05
-4.09072301106406e-05
-0.000137286977003619
9.49934834572730e-06
1.23760281395136e-05
4.44205530975239e-06
0.000133713359264362
0.000162924586728010
0.000228533691810497
0.000212643298459732
0.000231200903061151
0.000321990855200269
0.000362397343497243
0.000349222012976007
0.000344213271996949
0.000412303331615682
0.000410494948235254
0.000330072530741639
0.000284577160437394
0.000233957962528066
0.000213277138575911
0.000216479971497989
0.000216909071757350
0.000180444901058756
9.11849245353835e-05
8.57397705367902e-05
9.30173626997544e-05
2.75940263901830e-05
-6.77139160039886e-05
-8.38492043857642e-05
-9.08357673499438e-05
-0.000127716677124710
-0.000127245450684477
-0.000168331957667291
-0.000176339746385779
-0.000209972884540655
-0.000232909278309386
-0.000123421149161551
-0.000110363642124440
-0.000104448537572708
-5.77099380677382e-05
-5.56493399626490e-05
3.99656289262040e-05
0.000123615768126939
0.000172823097278894
0.000299239914440577
0.000498735021253332
0.000594436040620003
0.000693189203404430
0.000946714982208512
0.00106305444571117
0.00110088679159242
0.00120126824415832
0.00133729435515633
0.00134724979055234
0.00131927709720742
0.00137337751660859
0.00127594585070950
0.00120930427895967
0.00122664852888038
0.00110641698409013
0.000941349027201461
0.000804547465139720
0.000660216141137653
0.000573338716206611
0.000459309411478430
0.000326962700921838
0.000225797769029601
8.36201635337375e-05
-3.12416505252600e-05
-9.43904903801141e-05
-0.000199258381008924
-0.000316096100782630
-0.000421467200836609
-0.000541961997527949
-0.000644645601301370
-0.000780352639059423
-0.000958585312810349
-0.00103143421377812
-0.00114046232450463
-0.00127073240507386
-0.00127178038186621
-0.00132921607594014
-0.00138519082796947
-0.00138063219769847
-0.00140757032066624
-0.00147048836323954
-0.00140466011865776
-0.00137956988926966
-0.00139809233006758
-0.00133196525715896
-0.00135700794491648
-0.00136139629337642
-0.00133900415119314
-0.00139153692171043
-0.00138057755831696
-0.00130729278390199
-0.00135011095633374
-0.00134066873445221
-0.00131811558863014
-0.00136204870398558
-0.00136486129329192
-0.00137982985442427
-0.00137859278731810
-0.00134168831505100
-0.00129185137072582
-0.00135714144018046
-0.00136228938200126
-0.00130246863498034
-0.00134162478244033
-0.00127035908442444
-0.00115187738295532
-0.00105716949078637
-0.000952884633099576
-0.000853909824027035
-0.000769057481630213
-0.000591298015668302
-0.000380217014907966
-0.000313635862286175
-0.000211018124370543
4.44196917648831e-05
0.000175894638680951
0.000281010111619828
0.000491180749160733
0.000603453040295747
0.000770942875818186
0.000896721862516472
0.000937971519729892
0.00107607963345117
0.00118824002658755
0.00123623790857259
0.00130930753170780
0.00133440060040670
0.00138907285311973
0.00148157419457007
0.00146687089108397
0.00147186870521963
0.00153380947454700
0.00155712104610906
0.00153834815587061
0.00152200450972380
0.00149599388332035
0.00145014667304935
0.00141368810549359
0.00140002437073100
0.00135115082611634
0.00129165758293375
0.00132684526160659
0.00136736873571891
0.00139136150080212
0.00141791094655751
0.00142844680047624
0.00141852516360764
0.00141362829302587
0.00144730817513796
0.00148819915426927
0.00146674793206927
0.00140959489187175
0.00147386388165678
0.00148624719250151
0.00146379606565361
0.00135673326888622
0.00121745757808341
0.00129302798912612
0.00127109533156009
0.00119871100257882
0.00117053913148006
0.00116867803693097
0.00107085945783027
0.000904219614303443
0.000896543707114788
0.000830128362002895
0.000737149798797496
0.000689398104478762
0.000573672277723141
0.000423710528702053
0.000309796704161300
0.000186629316926847
4.04317524533493e-05
-0.000100009104157399
-0.000309699900258194
-0.000477295412346175
-0.000517169084059397
-0.000611869516504004
-0.000795431983917325
-0.000909543819974115
-0.000981069042364169
-0.00110050277647225
-0.00116594957505317
-0.00118421992413538
-0.00124550272387648
-0.00128681145165523
-0.00130038447526374
-0.00137600330656802
-0.00145619080105952
-0.00153817211492466
-0.00153956316035554
-0.00151466703851639
-0.00156435136519455
-0.00151455780627110
-0.00155305976499250
-0.00159756079643934
-0.00149427771011858
-0.00147279516258280
-0.00146271157839060
-0.00139452171049477
-0.00126821314595993
-0.00113276007483790
-0.000994413730451953
-0.000868786898638803
-0.000771648048361371
-0.000617471027132481
-0.000467624198941863
-0.000282220800031823
-0.000173062196649241
-0.000143051363236495
2.29550061698092e-05
0.000164679991014793
0.000151141520670706
0.000170136850934099
0.000220974028162502
0.000202640492567383
0.000146593255876368
0.000114794175029189
9.67906382201278e-05
6.03742561442999e-05
1.63392957549746e-05
4.45705364661819e-05
0.000120847477482187
2.62563918256120e-05
-3.80369528871682e-05
5.68619978663776e-05
1.81174724402666e-05
-5.52599058828918e-05
9.75726087943940e-06
4.08860628425600e-06
-4.50915348160663e-05
-3.29858505484992e-05
-3.58490639722930e-05
-5.88219433214476e-05
-0.000112632707610274
-0.000133532659757805
-0.000165546939497645
-0.000215139135005202
-0.000250399417838523
-0.000292829063054256
-0.000397483882050409
-0.000533707157575805
-0.000554887137397770
-0.000599771132813345
-0.000686807348708740
-0.000694956011698054
-0.000749152098463313
-0.000793371880108751
-0.000767357472215906
-0.000836617459104190
-0.000909259372775679
-0.000881525449673291
-0.000862558620586356
-0.000905231359963636
-0.000897512739253692
-0.000860568464206608
-0.000817574769325447
-0.000752509558081691
-0.000674844498589415
-0.000550925209916855
-0.000488998929418472
-0.000391375848776399
-0.000215996457326852
-7.10404099971740e-05
8.19112627860186e-05
0.000207271053118792
0.000372573677820460
0.000617762656339060
0.000800824323002707
0.000957890359131253
0.00113154634315792
0.00123469668878906
0.00138649571763620
0.00151136163328029
0.00157391063086196
0.00172550486002951
0.00177753136299001
0.00182289784036529
0.00191332337656316
0.00188499207402208
0.00184448273415235
0.00181849508071540
0.00181188025522514
0.00174111782826156
0.00160967447776788
0.00153486546067976
0.00141822838449690
0.00133592647279624
0.00121130782736324
0.00104048651052830
0.000951594609377136
0.000823893292606939
0.000723670899629094
0.000606711076058204
0.000435828837053038
0.000345350089484984
0.000335929838765781
0.000258154199168601
0.000148575196765881
0.000119095918941170
0.000147328679084708
0.000113634762641830
2.26669506560029e-07
-3.03518190079188e-05
-0.000107473726061009
-0.000229239919354605
-0.000300971549494768
-0.000376852741224667
-0.000476939738584363
-0.000616148815886923
-0.000737720556333343
-0.000881504278223986
-0.00103109063019012
-0.00118224857945620
-0.00135829690453740
-0.00147943196602569
-0.00160341217223525
-0.00169200993416929
-0.00170557547430029
-0.00177962223038726
-0.00186700217024153
-0.00188617430502688
-0.00189586750292371
-0.00191241524411666
-0.00183912852244951
-0.00170875887395205
-0.00160511841531282
-0.00151090245783735
-0.00141101631625673
-0.00126318430484524
-0.00111078564954219
-0.000983257142337877
-0.000835161487788199
-0.000663922786886673
-0.000540252966688222
-0.000396367108887823
-0.000207650162309001
-9.15017891296799e-05
-2.32792603380716e-06
0.000112183247366779
0.000174039072626826
0.000190911925677284
0.000230159322288159
0.000188411350735116
0.000181366151282560
0.000241191236075391
0.000155278789825655
0.000154140930419597
0.000135724734105978
1.84152657346637e-05
5.37868117444296e-05
-3.04556471092976e-05
-0.000172352067342132
-0.000237303286658870
-0.000277113249357508
-0.000265593435338900
-0.000291713954252018
-0.000337678481651427
-0.000350098420459393
-0.000312674242797097
-0.000225213476317290
-0.000127004535291384
-5.93779193590294e-05
8.93236110682238e-05
0.000231861133680056
0.000390217880218025
0.000538281346237177
0.000636264368827355
0.000825845237561040
0.000924825555508768
0.00104058496157023
0.00119899315762780
0.00121699466166390
0.00124009050565007
0.00128274975237396
0.00125080783950899
0.00121652640627445
0.00121616223851653
0.00120865401158667
0.00115897247462541
0.00111869350592883
0.00113469674087256
0.00114938860929890
0.00115970443451687
0.00117450386652223
0.00123325069274095
0.00134071003922180
0.00135258041229754
0.00141394903812270
0.00153409969405416
0.00156265288753460
0.00161322569131848
0.00167350365718114
0.00161405597941744
0.00152916321440351
0.00153042697163514
0.00139699243306886
0.00125133410163556
0.00119203319303310
0.000977175355390259
0.000704618081003865
0.000529126634388533
0.000276466633486585
1.52192590753941e-05
-0.000157249620282531
-0.000357053145968536
-0.000595592866177714
-0.000805186588032427
-0.000931073560289528
-0.00109563976372652
-0.00121909885556299
-0.00137272193319427
-0.00148386383892647
-0.00148569032687469
-0.00155348220095247
-0.00149182419061237
-0.00145326414494035
-0.00146072588297079
-0.00137036444478115
-0.00128330441361904
-0.00118732293651528
-0.00107960909257692
-0.000914481820026776
-0.000825132078921627
-0.000738639917614208
-0.000585561125295087
-0.000518198313626463
-0.000463589664132584
-0.000398470326325793
-0.000348682476874842
-0.000270038890741908
-0.000136219294093323
-8.15428781841021e-05
-4.79648915544217e-05
9.41014106440363e-05
0.000165700888164366
0.000226310751175802
0.000367225422595503
0.000392477635415389
0.000404121311257768
0.000495290574597327
0.000589621203325343
0.000704090590970452
0.000704896721693871
0.000727317789527966
0.000782537034810282
0.000747376134540261
0.000752632417688837
0.000670468524165635
0.000600311111644452
0.000585319340870925
0.000419862309890853
0.000352647989318449
0.000300198394238933
0.000115163195539196
1.37506344328031e-05
-8.63395925220800e-05
-0.000211283022087194
-0.000261121860462161
-0.000255475016554989
-0.000336264775898734
-0.000405876985168021
-0.000413380860908106
-0.000439814684788686
-0.000408605260084443
-0.000441245188563215
-0.000478797069266577
-0.000471023115627958
-0.000542133433580361
-0.000528220588929287
-0.000529194286950840
-0.000632341150551525
-0.000689175403316966
-0.000789597910189528
-0.000843335839192179
-0.000862276025741693
-0.000986058965914509
-0.00105549395612620
-0.00112134023886476
-0.00124607008431603
-0.00137299261046884
-0.00144320590136068
-0.00149353760077389
-0.00167072135004311
-0.00173615655724120
-0.00172013506367918
-0.00176782714375413
-0.00179884829533343
-0.00184464852588864
-0.00187794879565619
-0.00186260425563781
-0.00179781502855541
-0.00172552442396547
-0.00163589056665952
-0.00155990769698168
-0.00143624719249475
-0.00123835331590914
-0.00108448767689118
-0.000893945676311878
-0.000644016815629547
-0.000425704894587424
-0.000199788750515282
5.06493788933149e-05
0.000241337721746646
0.000449876583748399
0.000719671654210750
0.000919702607988384
0.00106673782500682
0.00125188956344562
0.00143142273922784
0.00156900466726214
0.00170055012153874
0.00182513025076261
0.00190531952418986
0.00198516849706806
0.00204281243765912
0.00209176206702701
0.00217449842687842
0.00214607043706700
0.00215581437691426
0.00223321940536316
0.00214289837427685
0.00210056338913525
0.00212816975196446
0.00205624968265340
0.00203910542574128
0.00198310856794144
0.00191971886711542
0.00190050926042268
0.00175664957943503
0.00160671562830366
0.00149602803303580
0.00133632390157047
0.00111325984222802
0.000893631191037372
0.000687221742730060
0.000515897221956223
0.000313585649257888
3.78564239333912e-05
-0.000161336579875737
-0.000364832901174736
-0.000506847177467478
-0.000618535422703417
-0.000783733488801062
-0.000815390647380525
-0.000918125863243802
-0.00100895388062931
-0.000952958576432295
-0.00100117466293124
-0.00100230082877300
-0.000928660621743909
-0.000827557939132717
-0.000725172042484523
-0.000693984508604153
-0.000566947702211209
-0.000456911411220027
-0.000371543413635109
-0.000201103475290978
-0.000110954904869409
-1.80995477840540e-05
8.80932758293795e-05
0.000155423790108280
0.000245519090970880
0.000309801224525934
0.000354398949059664
0.000368898070010744
0.000399988907532105
0.000393054364131302
0.000295134714634209
0.000221722787153062
0.000167132275426543
7.19141188559291e-05
-1.16109437683143e-05
-5.77613365768492e-05
-9.99312400121255e-05
-0.000159776340507758
-0.000235020633214695
-0.000300583465635338
-0.000415943988064633
-0.000401939668646696
-0.000337312442905500
-0.000378317365113325
-0.000320116982809386
-0.000229483610107302
-0.000164871091239496
-0.000135533778000863
-5.75721576938104e-05
5.55259520544116e-05
4.42707450102686e-05
6.73054650982774e-05
0.000125658742175405
0.000146182966381208
0.000193574108411860
0.000157748090160033
0.000138913008613260
0.000153797288187295
0.000147622947055714
0.000157499447424834
5.48765120946637e-05
3.26522677162711e-06
3.11185090096977e-06
-8.11340570320596e-05
-0.000100788157094618
-0.000109110410398809
-0.000149816248596171
-0.000157138773629484
-0.000194186487519996
-0.000197830502995462
-0.000184145521856696
-0.000215944084781547
-0.000208598064392511
-0.000274985710570679
-0.000320282054347683
-0.000344948353209951
-0.000448231956536276
-0.000419143105291013
-0.000410252551673569
-0.000469008316924899
-0.000562102032966099
-0.000669616424802726
-0.000639404758559650
-0.000582872498934144
-0.000601774113770315
-0.000672970714290067
-0.000669927238728096
-0.000631690456435159
-0.000555578547273203
-0.000496880712531738
-0.000545242353354212
-0.000501036914082356
-0.000445910547322157
-0.000430721988885079
-0.000412175137771520
-0.000399946673058587
-0.000364309062355090
-0.000341575241486716
-0.000296718595651360
-0.000297326826728055
-0.000304383073726715
-0.000243103092903505
-0.000203688021324773
-0.000175339645917028
-0.000181321658356297
-0.000180430049967884
-7.05960792860472e-05
4.29545678888110e-05
9.09959542493322e-05
0.000129881922205062
0.000137343725310126
0.000189200557430045
0.000262300211408864
0.000266183280471930
0.000314178286327866
0.000338807068634184
0.000412616960342627
0.000534221730918318
0.000558828826718809
0.000562171190650886
0.000591968218646155
0.000629520868137377
0.000579346570168990
0.000607719509738018
0.000630910161193867
0.000481811522323952
0.000454860038359985
0.000465303506736596
0.000377813138265424
0.000321669443104948
0.000290806081725083
0.000274647204386689
0.000262641336825826
0.000234433386316582
0.000193579586594819
0.000193258526050428
0.000231311976739477
0.000250613514719813
0.000262211999288020
0.000247116179338409
0.000174910674170139
0.000150167933941159
0.000157108084125426
0.000169478880215816
0.000240814054658678
0.000259041555196617
0.000257291472868815
0.000287256902580371
0.000373047190882669
0.000458246118285182
0.000541615955617463
0.000641434703343684
0.000706863366091230
0.000836975905264747
0.00100542423231956
0.00110299916784115
0.00119280929607898
0.00136383883434207
0.00141513174926249
0.00140710900053832
0.00147131574215985
0.00150579457499647
0.00148158562717697
0.00139647666093097
0.00137612169306767
0.00137506070679726
0.00123514687218719
0.00108493152961968
0.000930317703466219
0.000736982311357117
0.000602981363018991
0.000369949889431211
7.65263448171183e-05
-0.000180842860359185
-0.000406100639258824
-0.000605134597516184
-0.000770873882079997
-0.000952499456000595
-0.00117576334557555
-0.00124514389375058
-0.00134482047176867
-0.00143796824789838
-0.00144890745175417
-0.00150476669696822
-0.00150457244024111
-0.00154804700310947
-0.00156301571869989
-0.00148206680696397
-0.00145017892228509
-0.00143354415869709
-0.00136809333980175
-0.00131098481750968
-0.00127848284142516
-0.00120402867075782
-0.00115712845053253
-0.00112835232899798
-0.00109921565046406
-0.00114248207185057
-0.00113297720007353
-0.00115893570295142
-0.00127382603443266
-0.00127557937274688
-0.00125810463545108
-0.00135654375161593
-0.00145541537157413
-0.00145950998922764
-0.00142944455266971
-0.00139215005534396
-0.00143222224598766
-0.00147718191706616
-0.00145855130829595
-0.00140039242994298
-0.00129337642453073
-0.00126112621804502
-0.00120251130597289
-0.00111490283073962
-0.00106170449439858
-0.000983859976626320
-0.000850160050472013
-0.000679640155671066
-0.000634517283271592
-0.000587060938775750
-0.000450952780895051
-0.000354105069708659
-0.000229490665322665
-8.91527997310959e-05
2.21930007309368e-05
9.41151250835937e-05
0.000158116621762563
0.000286283297728662
0.000376516391344453
0.000400328713084752
0.000500275089565907
0.000628195091634334
0.000748452404426150
0.000787772429280604
0.000827786817498186
0.000976235231927696
0.00101460698111357
0.00107523639641521
0.00117068284267457
0.00117128388357255
0.00124488189430529
0.00130198191760808
0.00132063247493235
0.00139955134296237
0.00140467908026181
0.00141852142906018
0.00145743516707583
0.00143234980534089
0.00136634014603494
0.00130186340161750
0.00129690522790206
0.00126090263858785
0.00127269215895495
0.00132729089572351
0.00129972788712770
0.00132294910784395
0.00141188882288461
0.00144468621265005
0.00144494578524707
0.00147951159097971
0.00157142535375208
0.00167131960346488
0.00175806699982651
0.00184561159377274
0.00189671953457626
0.00200922916879676
0.00210450062501891
0.00209236833972469
0.00211005777678828
0.00214247547984400
0.00213199057043518
0.00213278085849389
0.00210732549907338
0.00203439070664121
0.00201540059276564
0.00194349930843444
0.00186282802274857
0.00180418088203975
0.00161775326379140
0.00151818134097116
0.00141369170053893
0.00122920868997509
0.00113761133245500
0.000954404049492581
0.000770989899256946
0.000681163981933182
0.000551211049137876
0.000367193074545114
0.000116855253209209
-8.08147080807231e-05
-0.000235007936220697
-0.000512428821630522
-0.000760153813184701
-0.000979612900217859
-0.00118412426039995
-0.00134073292180574
-0.00162776219511855
-0.00188403309099115
-0.00209739530713264
-0.00241503313750130
-0.00264885549256306
-0.00282568873755707
-0.00301856298300493
-0.00316457662459030
-0.00335456335057856
-0.00352885342506752
-0.00365736745500413
-0.00373946058277838
-0.00381424881369242
-0.00391717669075575
-0.00396741024205042
-0.00393433629205006
-0.00390672719859168
-0.00390648851262355
-0.00376931751159830
-0.00360321129270261
-0.00349466483843202
-0.00331902503140384
-0.00308058767346282
-0.00285218908035674
-0.00258072235598078
-0.00232806494975392
-0.00210642127505793
-0.00185163390080120
-0.00159562994663915
-0.00134107844580726
-0.00112642992401220
-0.000869812276657740
-0.000642837974569090
-0.000494262179652623
-0.000282894093348460
-7.67888845894049e-05
4.01482156003397e-05
0.000162812732953981
0.000370098633243643
0.000495463732596022
0.000575413872856103
0.000669005447259892
0.000725134884135912
0.000802616789270800
0.000813366470953128
0.000846773621079429
0.000934503480131035
0.000954224104315991
0.000911737254894955
0.000895267762532654
0.000808991026567751
0.000739169922526646
0.000724414151051152
0.000611774880565292
0.000560515039402212
0.000512796453834312
0.000450231530224272
0.000417472047025527
0.000376919091667069
0.000382926948672946
0.000345806566564555
0.000291092669056994
0.000324120883578587
0.000379586503653044
0.000371810902078025
0.000377328327998185
0.000471778419657696
0.000596155252649879
0.000729822636360709
0.000834724250269048
0.000902521418673601
0.000953542629048627
0.00104169323412584
0.00112108945749867
0.00113080355081706
0.00121482427437996
0.00128833834611072
0.00127923680232371
0.00126978341409071
0.00122773451063395
0.00119940036180950
0.00115167200604660
0.00106732965191341
0.000974634456344177
0.000915894844541469
0.000849099865332335
0.000731850443265500
0.000612644933540167
0.000515133377173953
0.000488951619274047
0.000393538384650043
0.000278017247527345
0.000218050966759051
0.000197471850818403
0.000117324240535623
1.86840760025575e-05
3.56445548405304e-05
2.70709483882570e-05
-1.16395852177220e-05
-2.27734417730119e-05
5.67662832530402e-05
0.000141216492749265
0.000173537339457681
0.000242351424116691
0.000330724192976959
0.000450860270682085
0.000588518354964691
0.000723595130169770
0.000884340444926295
0.00100997794829652
0.00115228073413022
0.00131965269315799
0.00142015403698949
0.00153166604704623
0.00159809199595287
0.00164028468827226
0.00171316323438020
0.00170337799282649
0.00167644327803117
0.00168457999864216
0.00170180211045647
0.00167510053237976
0.00158551696816630
0.00146042454873381
0.00136316745431841
0.00134365404613817
0.00132915722540190
0.00115688331768325
0.000990598700817458
0.000906795214484646
0.000768221636394628
0.000717469806113655
0.000701697867329756
0.000684179908063740
0.000660963393910024
0.000579163046283924
0.000538217469264737
0.000483146398871881
0.000423477267940839
0.000340934084028675
0.000192701849352730
0.000121451531585990
-5.83208108416500e-06
-0.000138455370633324
-0.000242448044535593
-0.000401635808945748
-0.000564010577571779
-0.000759373195113540
-0.000913669132974029
-0.00102064437185385
-0.00120995552908212
-0.00137810872593472
-0.00146799679292423
-0.00163099708965469
-0.00174234150359200
-0.00185782013037722
-0.00195354941146924
-0.00199209939122586
-0.00204554037868714
-0.00204198913838241
-0.00199866317599753
-0.00198166772822475
-0.00199368509285645
-0.00187077044681974
-0.00177652870465160
-0.00171460063962247
-0.00158898274885818
-0.00148396770171388
-0.00140403509510417
-0.00131494283129896
-0.00120518829415506
-0.00112056774531219
-0.00111624970829588
-0.00118705878291852
-0.00116808629104813
-0.00114060889906987
-0.00122622401568290
-0.00131772996458370
-0.00130386499088401
-0.00135686980464257
-0.00141139088470618
-0.00144616485156144
-0.00154850605263025
-0.00160249076210072
-0.00160142159020071
-0.00150564896088163
-0.00149315919500952
-0.00149866076669992
-0.00141324284020642
-0.00130437430110966
-0.00120853487710292
-0.00106317939582325
-0.000853049831762220
-0.000702002750068509
-0.000517838696517998
-0.000372760924578479
-0.000161614767818961
0.000145387291438865
0.000401552470933382
0.000639739277109186
0.000829196505024328
0.00108958357607158
0.00137519876108477
0.00165701278082800
0.00192560573615268
0.00213128388670128
0.00232392082902386
0.00260141817719102
0.00289691509007426
0.00300882717933973
0.00311263412196169
0.00326387684529536
0.00337556999469484
0.00347557075712743
0.00357463402794437
0.00363135707071379
0.00359279503840043
0.00359338378696123
0.00363581870037777
0.00355198398769474
0.00341311988058081
0.00336751412124158
0.00333756293887475
0.00319194487866852
0.00301112318198065
0.00286900314257061
0.00266699330499876
0.00245758850363721
0.00228909755638696
0.00204838026279596
0.00186944271903123
0.00164006884928774
0.00130654089599137
0.000973019901939338
0.000678148616892429
0.000498005815504694
0.000115718996817877
-0.000263937028364207
-0.000462910404371604
-0.000794916351086474
-0.00111525495923903
-0.00134363603658770
-0.00168663049647787
-0.00199560849589247
-0.00223309461146606
-0.00249822690687814
-0.00268227242494817
-0.00291204196291595
-0.00307606839298380
-0.00314739589694810
-0.00328390395687535
-0.00333567110421484
-0.00337935503848456
-0.00345708157547435
-0.00333828876698220
-0.00316910179254450
-0.00303342748373439
-0.00282530507437556
-0.00268648142685365
-0.00240831501413297
-0.00205147363347280
-0.00174531266962717
-0.00133698598050088
-0.00104574409425311
-0.000720288367523096
-0.000363503107899987
-5.32115152006440e-05
0.000354808047111277
0.000642287864920661
0.000951010226463893
0.00123454572822268
0.00140965191521218
0.00162896683888150
0.00170573421443777
0.00182275437305819
0.00197695910400455
0.00195701123575475
0.00191697630854634
0.00181402085638055
0.00167851055436444
0.00160416381076914
0.00140506358805425
0.00114138304725714
0.000957294163857654
0.000730596585853221
0.000396113722803619
3.87667410055315e-05
-0.000245482555319825
-0.000534799910566051
-0.000859128299078975
-0.00113960497839827
-0.00135723840122651
-0.00156791600370326
-0.00181387289232745
-0.00206594211445818
-0.00224252293524032
-0.00234103673267995
-0.00244317840155915
-0.00252513527184604
-0.00255702779195616
-0.00249348212303445
-0.00244375971745939
-0.00241858742706313
-0.00232436524602676
-0.00220986863757858
-0.00200530698946565
-0.00181506757378273
-0.00165921282754169
-0.00150174344458648
-0.00130233230046215
-0.00106815379105612
-0.000923938987830724
-0.000729802790229144
-0.000448484368923374
-0.000236623596164236
-7.05688316200792e-05
0.000106955869202210
0.000264185734789209
0.000444328912081318
0.000532514583956782
0.000631269565422059
0.000793146698895981
0.000842624196237125
0.000892639028054063
0.000966947210436899
0.000949866415725538
0.000970850444196714
0.000973072571730427
0.000944049971802770
0.00100669196808482
0.000952466852887000
0.000957150171856824
0.000961095359480098
0.000947440134528037
0.00105657986541772
0.000964249286331409
0.000929680267240727
0.000998157523178236
0.000967129739523500
0.000982070854950123
0.000930731404832237
0.000918438889373832
0.000919877120949693
0.000919923192327126
0.000921617190948787
0.000849137958373660
0.000909880042916917
0.000915536480139707
0.000909820482733643
0.000932982637765250
0.000945269209052242
0.00101741460795775
0.00102964666071056
0.00105927334832199
0.00112829317746652
0.00112468898739767
0.00112539418388863
0.00113819931990363
0.00110454812079801
0.00114298948095474
0.00106339116234793
0.000944355648196407
0.000867772637243149
0.000714634458549739
0.000593909001588813
0.000437038139879746
0.000277920787096946
0.000142972275478357
-2.41096176068822e-05
-0.000218076199751067
-0.000414619631979605
-0.000654849294021744
-0.000882635424881002
-0.00107792065684258
-0.00131740038043084
-0.00149748904146506
-0.00174135787637596
-0.00198096155557522
-0.00216982594632213
-0.00246201315730673
-0.00273008396023073
-0.00295192974668950
-0.00307907951971714
-0.00322702288009609
-0.00337625683581493
-0.00348343819149250
-0.00369116624881002
-0.00369045456348665
-0.00355985802453375
-0.00353019259495177
-0.00342853642927551
-0.00324255805554465
-0.00306000184270715
-0.00278193661724202
-0.00246328116348451
-0.00217545954627262
-0.00178511612691295
-0.00136233626647371
-0.000969241813062283
-0.000537166684542498
-5.29554884774441e-05
0.000299471458208096
0.000707445337721655
0.00119108573100869
0.00149140161867196
0.00177626698634780
0.00206682959254231
0.00235556793367572
0.00257583561948955
0.00270530829848184
0.00283614512871722
0.00286247506456810
0.00295412548417282
0.00301611037383644
0.00296596363325641
0.00308409572377947
0.00316228702891564
0.00320593134124245
0.00325878883358165
0.00334190965511766
0.00352137037517302
0.00357171882087812
0.00366889009958221
0.00392345166479558
0.00410344057723073
0.00417829638537704
0.00429293906902828
0.00445337301711767
0.00458596249777585
0.00472324801703721
0.00472572728328089
0.00473570159586807
0.00473532182050754
0.00454230777128935
0.00449655219945409
0.00432275857964008
0.00393609439580384
0.00366720795363889
0.00324317170166472
0.00276271272958670
0.00230770389718860
0.00169152465758835
0.00113871984057219
0.000508296271341990
-0.000238624985710132
-0.000905425703052387
-0.00160826597489383
-0.00227741155003557
-0.00286018246898124
-0.00346533744440166
-0.00397364762696938
-0.00435123366774576
-0.00482879845939991
-0.00515823977816751
-0.00535997163002946
-0.00569865606192209
-0.00590093768130430
-0.00591660151631800
-0.00593293671904434
-0.00591847616947007
-0.00590615466926181
-0.00584174215170350
-0.00569619311469438
-0.00549738398938189
-0.00527678622204036
-0.00512794030344139
-0.00495480410404667
-0.00479746216442976
-0.00455898044931246
-0.00426242583991865
-0.00408111025418634
-0.00386776912603494
-0.00359701920456047
-0.00331731146459305
-0.00297940504665036
-0.00260919846667733
-0.00218127606644501
-0.00186112565433561
-0.00147592263148312
-0.000930852186431252
-0.000572116329712173
-0.000201038823928457
0.000167066954163602
0.000486768969917648
0.000816962027857500
0.00109170685916588
0.00136902483226947
0.00146584867853598
0.00148621923017515
0.00158504484498117
0.00156199308880570
0.00140186654926531
0.00123322410600965
0.00109446290287250
0.000955759529265343
0.000689926204541056
0.000414373832652135
0.000291875227343432
0.000140888730873172
-4.58166609613286e-05
-0.000166743919315593
-0.000226316653061609
-0.000245385002561420
-0.000188637596728043
-3.00127219180268e-05
0.000104000194388902
0.000308656326730556
0.000574145724607433
0.000809554905046568
0.00109127388609465
0.00129035064548049
0.00155335247773294
0.00182058092091140
0.00194184332290675
0.00211526844062547
0.00226304606087567
0.00239866344248213
0.00253310340078230
0.00263657344346967
0.00267879373398500
0.00270228946795825
0.00272710731359510
0.00255055402673136
0.00236330163864096
0.00225897867315069
0.00213672005221426
0.00192692537293638
0.00164341940731219
0.00142923190456045
0.00117667256759205
0.000889204493226146
0.000644559835794638
0.000437393504069092
0.000246574501918531
9.11360361516245e-05
-2.49724573271237e-05
-7.93591329097865e-05
-7.11357812777180e-05
-7.35580356145249e-05
9.78002152646695e-05
0.000301490742527193
0.000425637613729606
0.000649811947874923
0.000929376289019928
0.00115412192887518
0.00131642988695830
0.00151449603551981
0.00170668262349025
0.00188164128666827
0.00204546342664301
0.00217828067941724
0.00221657230077540
0.00220115547356755
0.00224150097736214
0.00218442752238303
0.00208821085649490
0.00203634984297096
0.00192827012190023
0.00178439320156542
0.00167271742568715
0.00161040387825366
0.00150628785271707
0.00142071981612389
0.00135883956207366
0.00127732353733364
0.00120518004391869
0.00110914323132235
0.00100355960897922
0.000970931715331602
0.000922294097638101
0.000851633973605246
0.000826911612880750
0.000718419989486918
0.000610744769068745
0.000468256640735092
0.000297972133128965
0.000113872612478900
-0.000174238608305242
-0.000418414849662199
-0.000718669764332693
-0.00109335818099720
-0.00138135891643819
-0.00169822204481184
-0.00206361293097647
-0.00240641492075714
-0.00272634717684166
-0.00293874745769134
-0.00308849022870341
-0.00321094081726145
-0.00326775339118299
-0.00324193574105237
-0.00310527367415673
-0.00291923685417792
-0.00263506529224443
-0.00226856501320555
-0.00188006564527235
-0.00146345589186438
-0.00104476249869023
-0.000579597924355824
-0.000151415392741541
0.000195532729690342
0.000566040721690015
0.000950604726669653
0.00125010505300530
0.00146785663693031
0.00166205661932217
0.00188821554707722
0.00207743493521150
0.00215274265125849
0.00213031482652411
0.00210017833918215
0.00211879009946628
0.00206638856271866
0.00189978778791087
0.00170881333750970
0.00152069732348679
0.00120820815787411
0.000847440177864769
0.000552394266941576
0.000132103107074784
-0.000277254494647394
-0.000611467185265724
-0.00107908219629323
-0.00144939849346699
-0.00179654874699239
-0.00216860844035153
-0.00240819029860063
-0.00264687979472939
-0.00283800913405074
-0.00302453456284695
-0.00322593577084334
-0.00331779281990208
-0.00342972737045344
-0.00356337897230915
-0.00365123245101714
-0.00376386186355958
-0.00393939849818921
-0.00409778269843429
-0.00416254943880361
-0.00429784502382589
-0.00446925395465684
-0.00452610695929863
-0.00458297362465913
-0.00465776611119821
-0.00465301438450439
-0.00464347859697526
-0.00463991919519870
-0.00460578237148638
-0.00459090872301275
-0.00455974918824438
-0.00453849216846109
-0.00451193065787891
-0.00444437489330106
-0.00435948870590764
-0.00435486241277538
-0.00438701059926792
-0.00428202393961797
-0.00416098195446857
-0.00400853000581005
-0.00376393978154198
-0.00354158371126712
-0.00327995775864807
-0.00294270764641489
-0.00256863919888552
-0.00216122580138837
-0.00174477070929669
-0.00122492635974893
-0.000695803541959776
-0.000314794459397945
8.38667814727501e-05
0.000523199671155794
0.000859994210132129
0.00118259194807820
0.00144507678846111
0.00169556694183882
0.00197193926091416
0.00216287639027996
0.00238084976768477
0.00258660726848376
0.00277270319435104
0.00299435617153677
0.00320946498524108
0.00341257835463239
0.00366957370564649
0.00395501472357296
0.00423291787766004
0.00449356273274759
0.00475097470004471
0.00504180666728928
0.00533601162188916
0.00565194648299155
0.00592589745155635
0.00618698451057355
0.00653774578959599
0.00681168173177525
0.00709575109652064
0.00739018341969654
0.00761055830043915
0.00785411597003019
0.00797915159698164
0.00811547205968793
0.00820548938308718
0.00819635617530139
0.00823516417203052
0.00817721799087110
0.00803792767680591
0.00786854652505212
0.00764332592878986
0.00734861116197180
0.00700121973228249
0.00665685502730980
0.00629490221152878
0.00583818191676869
0.00536740300184079
0.00498170673893071
0.00453417861215883
0.00408490276293264
0.00362072183852831
0.00309655321025161
0.00265541510889079
0.00221300630939709
0.00177532783622297
0.00136381712669703
0.000914909734878790
0.000559038742804034
0.000293328882357002
-1.43471203526246e-05
-0.000273908010545938
-0.000473839223530490
-0.000672145736489540
-0.000857131870571948
-0.00105505206948223
-0.00129506665492301
-0.00157430426163046
-0.00187019452303886
-0.00219612462069037
-0.00256900549828252
-0.00302268482400109
-0.00352688887015542
-0.00405087060916802
-0.00463405608314806
-0.00518170778054530
-0.00570631881730986
-0.00622113941082475
-0.00668844741717635
-0.00708647668198537
-0.00742150458358836
-0.00764974149120803
-0.00771345595103611
-0.00775644167739770
-0.00767895643566618
-0.00745474014836361
-0.00722056005501514
-0.00689552145308255
-0.00651247270587120
-0.00607036000191599
-0.00551758425796052
-0.00503802161495273
-0.00454114883744993
-0.00405425664042028
-0.00361358487410769
-0.00312954488222942
-0.00273774386095468
-0.00227712276759519
-0.00183924710172590
-0.00151333694505368
-0.00116998488884292
-0.000839681544657367
-0.000534447610642133
-0.000312045854979104
-6.33653419275504e-05
0.000106079671382560
0.000152364791235584
0.000208977130967227
0.000247086527085756
0.000281716871174922
0.000259654083156562
0.000242706412922331
0.000243716618963532
0.000246641095899776
0.000179537111387553
0.000108119947120002
0.000115335536189605
0.000102690110471535
0.000117036230655820
0.000175078843673528
0.000327779930353529
0.000458954643729230
0.000581752757121823
0.000777279280733660
0.00103098575771270
0.00131744641757157
0.00163310142965269
0.00195457522082755
0.00223048866162085
0.00255367962722101
0.00277887510914347
0.00293804332099047
0.00308152212056854
0.00324955215937884
0.00332134515596756
0.00322628874330768
0.00320224524100560
0.00304575722390929
0.00276028617586050
0.00247869849147740
0.00212990383359411
0.00174239398647288
0.00130909547611871
0.000834593228872080
0.000336791807015473
-0.000180735752547001
-0.000716071082663810
-0.00125367765902187
-0.00176907089512770
-0.00228455917183375
-0.00282122302600570
-0.00339969100621822
-0.00390178211121874
-0.00430313876351331
-0.00469527760676495
-0.00503461665157399
-0.00530464681353948
-0.00550217657344774
-0.00556213033984314
-0.00554032251099645
-0.00548912550846886
-0.00525035224152283
-0.00487889938704655
-0.00442608989482949
-0.00394909018724285
-0.00343707687189358
-0.00281427734589840
-0.00218079391885865
-0.00149877119269036
-0.000826583606857838
-0.000138495183561247
0.000511195607069936
0.00102912429774520
0.00155915888506797
0.00203841908784312
0.00241429657473944
0.00273919148842623
0.00302044521014068
0.00320026321797911
0.00332040613027687
0.00346303005270897
0.00360911254288538
0.00377650588337502
0.00398219555269321
0.00421028511010718
0.00442220894046528
0.00469823602864466
0.00504608364508755
0.00540915792287365
0.00576206096688907
0.00612015194526890
0.00649435080020822
0.00691368579650288
0.00728483866604307
0.00760546109535852
0.00788797039713671
0.00809691486079970
0.00843300607843787
0.00866294270550412
0.00877078065598198
0.00889247213294766
0.00891244881371193
0.00886666215382917
0.00874676356300284
0.00856895000702991
0.00832121070019426
0.00801358870334354
0.00769690413436493
0.00731699868696452
0.00686226563960290
0.00640133265685968
0.00589305653702297
0.00535778130283653
0.00488754605176922
0.00433858595734002
0.00372284788740963
0.00317310096341707
0.00255791148825431
0.00199122247655836
0.00143965831547376
0.000815252606607970
0.000202927017589900
-0.000396216027430683
-0.000903485863154572
-0.00141095662490216
-0.00192015144618125
-0.00245211569123569
-0.00293323559026135
-0.00337269945459468
-0.00387030744154060
-0.00436261802155798
-0.00489198191332491
-0.00538675249531082
-0.00586266347702178
-0.00622321109916186
-0.00650818830907099
-0.00683036952598911
-0.00705817428470880
-0.00727854809356984
-0.00747234209114993
-0.00764485398218085
-0.00782297969279171
-0.00795011253718428
-0.00807463642478069
-0.00818979674493107
-0.00834424543610055
-0.00847259178698550
-0.00861099667706412
-0.00879951350770739
-0.00898858119359034
-0.00921106147823593
-0.00948507094789648
-0.00978674506873745
-0.00999510882930963
-0.0102769063303322
-0.0105523155330764
-0.0107160528248266
-0.0109348713928091
-0.0110449248464909
-0.0110332016904806
-0.0109800887739698
-0.0108212333830869
-0.0106428186985198
-0.0103878997166157
-0.00999794687585563
-0.00957353867558140
-0.00905215938997003
-0.00848535556152569
-0.00791573787466689
-0.00721486651875580
-0.00645440726548657
-0.00573030336673810
-0.00499575833782501
-0.00427685301634369
-0.00356912527769964
-0.00282448901177645
-0.00216068811423213
-0.00160149579852941
-0.00106819105057838
-0.000541337289741648
-7.44623267340216e-05
0.000314259266888826
0.000766748544120048
0.00115932383331966
0.00143593617393833
0.00170827973042080
0.00200145487617064
0.00229545879567482
0.00252979729329510
0.00278863453597328
0.00311620873932732
0.00350434757403992
0.00388097204751645
0.00431803841102365
0.00477980922063423
0.00526960446384749
0.00585111357266001
0.00637520097830276
0.00695445014824259
0.00746681811786772
0.00802961806247680
0.00871005028422900
0.00929554502607488
0.00988509876240386
0.0104360570936328
0.0109995771614831
0.0115291095538947
0.0120148342276178
0.0125366491924507
0.0129231149762762
0.0132844896825210
0.0136106526182590
0.0138394078899967
0.0141752559708459
0.0143501528576189
0.0144300848530401
0.0145208655532934
0.0144410142950929
0.0143273859772853
0.0141267490765435
0.0137865138828622
0.0134053555556164
0.0130052719732717
0.0124864858878371
0.0118360601957048
0.0110848521562031
0.0103353126059420
0.00950924123298748
0.00853524539629248
0.00758598294362812
0.00661193592253802
0.00561787286909535
0.00453533070853815
0.00340685830842176
0.00233002353511580
0.00115880783325068
3.92116318543856e-05
-0.000977158275707240
-0.00205353566125837
-0.00314652913625196
-0.00416465135516575
-0.00517609198972309
-0.00625052473495089
-0.00724313892733449
-0.00807299542615510
-0.00887186347754550
-0.00967165848820002
-0.0103527908970722
-0.0109138647123382
-0.0113678290117753
-0.0117718364118736
-0.0121012553499253
-0.0123695981499674
-0.0126347971435786
-0.0127664426499956
-0.0128379857113282
-0.0128351835946467
-0.0127414022331237
-0.0125729918460769
-0.0124064068101978
-0.0122463753677005
-0.0118993951289951
-0.0115153035791639
-0.0111704022745232
-0.0107051518540965
-0.0101693740062416
-0.00954543133178618
-0.00881884886130990
-0.00806610081014242
-0.00708852076957214
-0.00618360475276916
-0.00548384671291615
-0.00450667123067035
-0.00337473890688557
-0.00237182524989919
-0.00134381702257826
-0.000270432971828996
0.000766772501483501
0.00173092959671635
0.00263872573281049
0.00348867052251819
0.00413902733251177
0.00478121918047293
0.00545870977438256
0.00594693003694943
0.00624534148114833
0.00649628068168283
0.00665803237387649
0.00670516280364382
0.00666993868526902
0.00644587182256828
0.00609881199272650
0.00567664337193094
0.00518732757909106
0.00467821658751632
0.00408230586202080
0.00333844074628360
0.00259115700041832
0.00189176605196622
0.00118898588895945
0.000501488651236741
-0.000183219159735017
-0.000804293583242952
-0.00142105137342526
-0.00197992020086758
-0.00240419998242487
-0.00286735404186459
-0.00333199663808102
-0.00360615468663639
-0.00380061298034377
-0.00400003270675711
-0.00419158392706095
-0.00430719412118549
-0.00433469603768288
-0.00440976669500060
-0.00442619974852164
-0.00444996348964878
-0.00448649480286235
-0.00444804347725039
-0.00436113883590906
-0.00419777846903628
-0.00401208896877165
-0.00379239142611539
-0.00344682397133909
-0.00305206865439573
-0.00268302425339527
-0.00220597011825760
-0.00167215504541218
-0.00117805516620479
-0.000587713567473998
1.20969448212804e-05
0.000607947484354270
0.00126806325857473
0.00184624264831342
0.00241480454908071
0.00300094674738318
0.00350172303070934
0.00400032606388919
0.00453020592616582
0.00490399019383915
0.00526343787427322
0.00567193986614711
0.00598688483129990
0.00628521321939417
0.00647925229132596
0.00664010905608706
0.00682814594771401
0.00697008409307102
0.00708286332627495
0.00716047266115567
0.00722843363217152
0.00733359209689496
0.00738147578351260
0.00733414189292233
0.00730668075254897
0.00720945739888578
0.00698414051451124
0.00677416570733044
0.00647892340592307
0.00605970398968537
0.00561222516921902
0.00497447366971159
0.00424868536479380
0.00346329796154265
0.00256018848260652
0.00164050454319522
0.000573911846221620
-0.000576637185303071
-0.00169139654737592
-0.00288828450848996
-0.00415273047719211
-0.00543149782505850
-0.00666793343980089
-0.00789988378326541
-0.00913199914232166
-0.0103070109034331
-0.0114225393785142
-0.0124040381015755
-0.0133592850315262
-0.0142172768637590
-0.0148302703069311
-0.0153360603519860
-0.0157844340909264
-0.0160120327186013
-0.0159792166358648
-0.0158684819119799
-0.0155926003882706
-0.0150192422643767
-0.0144112603757753
-0.0137243194345541
-0.0127842501750831
-0.0117605529718594
-0.0106960663396177
-0.00957916325169549
-0.00838406524030546
-0.00711801275594979
-0.00588367888496777
-0.00465935222000439
-0.00339743718501239
-0.00224651828039015
-0.00114029571164579
-2.44293210076307e-05
0.000885929682438302
0.00173891159871665
0.00267021712017908
0.00345252169235565
0.00412751364795881
0.00478773459640713
0.00536784348955578
0.00593667581825088
0.00637786132498619
0.00676854107799272
0.00715052305916544
0.00747632941722628
0.00774807951996678
0.00791856187670561
0.00815268796259545
0.00831905775903635
0.00836134100148769
0.00846155165555501
0.00856380166900806
0.00858396467981947
0.00861800696939611
0.00867697295836024
0.00863602391964264
0.00858602742612334
0.00855524978260462
0.00846239254192199
0.00832301342538131
0.00808243207120995
0.00778783843042845
0.00745964426948774
0.00701531823068365
0.00655602999460086
0.00605767304190806
0.00546575810303239
0.00492768409288260
0.00429904705536046
0.00360683585316224
0.00303361510919956
0.00240812874431811
0.00179547238332759
0.00125260752469330
0.000747102596296259
0.000344877533947283
-4.30039396434268e-05
-0.000386890513092908
-0.000661432763561152
-0.000885757008348946
-0.00108116963313819
-0.00122944864881674
-0.00133223538574782
-0.00148765357192644
-0.00155304485050351
-0.00157314010073264
-0.00165457299260595
-0.00176623024717060
-0.00188002659525580
-0.00199748688322643
-0.00215828368968062
-0.00226122918865542
-0.00241161439624307
-0.00263357655347704
-0.00281193759666962
-0.00307322017768854
-0.00338571109214854
-0.00361026117435017
-0.00386435774390748
-0.00418677757625460
-0.00447136962022114
-0.00474382164860685
-0.00500088126750484
-0.00520011011754036
-0.00540471861500976
-0.00553698325809648
-0.00558863028688734
-0.00562814971701016
-0.00555892074743383
-0.00544764373091368
-0.00529731249733061
-0.00501895623300641
-0.00464996074317241
-0.00426139838888389
-0.00377197715898262
-0.00315158505504542
-0.00251513935667617
-0.00181413708802722
-0.00103504297261679
-0.000343224012719361
0.000323043405412022
0.00103536909008483
0.00176503002382617
0.00243543368922190
0.00304939041531725
0.00372768581618345
0.00422269789863890
0.00458228952094032
0.00495607810386559
0.00526575126923035
0.00548631187447882
0.00559676121192979
0.00559929956941346
0.00558330862806315
0.00546116408914600
0.00515417003707626
0.00496305238747937
0.00471826088048601
0.00429608935944543
0.00398982112843214
0.00371084921191368
0.00339559472745464
0.00306206183716313
0.00275315177181142
0.00250936460715707
0.00216872659609066
0.00182738491731129
0.00163121165824577
0.00137217322023730
0.00108704599606767
0.000844662565457384
0.000557593498517690
0.000363909285251793
0.000141063310912841
-0.000125558805267474
-0.000337694905198305
-0.000546966893481340
-0.000729697743142879
-0.000904528269007869
-0.00103037660633845
-0.00116573087392908
-0.00128572824136199
-0.00132254018799131
-0.00134141995586333
-0.00129793532399503
-0.00130248179087403
-0.00123579257401957
-0.00106245306273081
-0.00101403815148046
-0.000913647940549254
-0.000764259084335208
-0.000672798238641690
-0.000612911167248740
-0.000472603749149130
-0.000318613656542084
-0.000279637350314488
-0.000137738934313347
-2.19003843994869e-05
0.000130406808449379
0.000269922937018237
0.000336141930755503
0.000486166840876194
0.000607866423116548
0.000842217961389906
0.00111468834527159
0.00135879061333640
0.00161363454135085
0.00192239114569929
0.00221853323113464
0.00249877619824360
0.00278833171002702
0.00296328714593415
0.00320490669600758
0.00352133653925989
0.00378422073625188
0.00406921506006370
0.00424634326876230
0.00435606603833094
0.00448143216190601
0.00448250565747458
0.00454149050556453
0.00459395694179193
0.00449317136802392
0.00427271666182037
0.00406880432735306
0.00389040442918258
0.00359873276994676
0.00331381874250269
0.00307269144473594
0.00274728749360179
0.00237263932456131
0.00203645475992175
0.00173384365194238
0.00144537127629178
0.00109756425790579
0.000734703259864773
0.000440695796724526
0.000197685130632408
-0.000161593192518694
-0.000498467592968837
-0.000822042796894493
-0.00122719533743521
-0.00148593409445823
-0.00181433355256956
-0.00229020608803921
-0.00259349126335508
-0.00283964937510973
-0.00318321608811402
-0.00340058220900573
-0.00358124016779868
-0.00372374775817150
-0.00372863675206474
-0.00377994518839614
-0.00374699450660330
-0.00362004942298256
-0.00350949624636428
-0.00328950025986103
-0.00306657605056955
-0.00286382185139701
-0.00255711387226597
-0.00226814717668162
-0.00197131565055145
-0.00163418856732562
-0.00143807863296502
-0.00113948918543088
-0.000735721898612383
-0.000574950535856260
-0.000374051964096225
-0.000146247588818369
3.11975628932260e-05
0.000257999399459550
0.000397702784316039
0.000505430439505972
0.000558363369056565
0.000640497888875302
0.000720456176065341
0.000714675235544178
0.000757026725477203
0.000790383439886000
0.000812432007088546
0.000891689740876132
0.000938047752252942
0.000953158380434047
0.00105162009543335
0.00123407826819459
0.00129250756383726
0.00133123729734223
0.00154866299201558
0.00168529001407535
0.00180855946821168
0.00205175673966210
0.00219121185056508
0.00229394382586122
0.00252853073723088
0.00269801750418310
0.00278131863990552
0.00293396629429736
0.00310872621502512
0.00330013530328500
0.00341186729833169
0.00347250777257557
0.00347341406321590
0.00350586245305777
0.00360301698682775
0.00359737619390472
0.00359435620638209
0.00353824087097905
0.00347492315795591
0.00346072380810966
0.00343619985911602
0.00340901235759418
0.00342505672825723
0.00338585692113185
0.00331864138895384
0.00321617265649451
0.00305897547854968
0.00293458583908873
0.00270963846130698
0.00259848670999702
0.00245349998364176
0.00206404367701886
0.00169364338417676
0.00142913137217580
0.00106216943557943
0.000595259514396993
0.000163092708335739
-0.000362726898979844
-0.000871196946682744
-0.00136812637786008
-0.00198899587560504
-0.00254443708745271
-0.00310272510544792
-0.00367629772252528
-0.00413814599870335
-0.00467792430923993
-0.00518637558448404
-0.00564917393024615
-0.00600167290448610
-0.00620578161282481
-0.00648165149170524
-0.00660807019864592
-0.00662216190897766
-0.00652899689731157
-0.00631873118904423
-0.00610220727199192
-0.00577833248603184
-0.00548014400037118
-0.00512346947093448
-0.00467847257851304
-0.00420461340250824
-0.00370353294361507
-0.00320503818735631
-0.00275381207997214
-0.00237658729640543
-0.00195586162815914
-0.00156559025430170
-0.00126640073641397
-0.00104128269737146
-0.000863268760689380
-0.000706909822811781
-0.000526080750250344
-0.000450109695824494
-0.000499827223220564
-0.000485223078900958
-0.000479715009844881
-0.000562670451254235
-0.000666179776246167
-0.000705992422797976
-0.000691691531191054
-0.000775994851067594
-0.000901083138936087
-0.000928710489216655
-0.000932112003616794
-0.000898888694156881
-0.000887257208698884
-0.000866577488851590
-0.000823649545502576
-0.000780592918198977
-0.000687937551533651
-0.000672605722828621
-0.000573497524972595
-0.000353436591915965
-0.000239439670776278
-9.75000048379116e-05
6.81276858256297e-05
9.80125578308844e-05
0.000207858154712994
0.000411475561002135
0.000577533417567793
0.000697499941391016
0.000793913395755226
0.000930654548661209
0.00100135669329120
0.00105933848514894
0.00116735146334463
0.00120737816354676
0.00121005539598457
0.00123908020702913
0.00129435593999631
0.00130668784192437
0.00119214338923712
0.00113845833201935
0.00108241914714370
0.00101242196493899
0.00101600349409523
0.00103322346297148
0.00108873531379629
0.00105688057352040
0.00109581023193471
0.00122796651038357
0.00140221511606399
0.00161016285357960
0.00181390436085792
0.00205316973496963
0.00226113483922518
0.00258202265098817
0.00290114048022076
0.00319721850373014
0.00358367438725281
0.00384793650504491
0.00398103166932970
0.00414539053025067
0.00435532707224979
0.00456309340342386
0.00480404933476848
0.00483920087942465
0.00474867803459404
0.00490804121883286
0.00488506645926918
0.00448605187462476
0.00426416483204719
0.00404180810931621
0.00361755831742698
0.00317644704505653
0.00259485024134563
0.00199033257324572
0.00134967136910689
0.000653860674621001
-4.96887991255335e-05
-0.000853794867916236
-0.00157883305718940
-0.00241478630240408
-0.00345895958142421
-0.00429871109587282
-0.00507355433454904
-0.00596701981952492
-0.00680885492957486
-0.00753523012106484
-0.00813425576707346
-0.00864449603038338
-0.00911003927731826
-0.00953431865298399
-0.00987314379441273
-0.0101237263874918
-0.0102384913219123
-0.0102595172314363
-0.0102177173804296
-0.0100040055362638
-0.00974729551255109
-0.00943468600242454
-0.00897654179638721
-0.00853905155951224
-0.00808124944570750
-0.00743152516697478
-0.00671004142360062
-0.00591030205920902
-0.00512745166386935
-0.00447498400514860
-0.00358899817002907
-0.00261047702703422
-0.00184235028748219
-0.00107987341128592
-0.000476753650266346
-5.85811042367368e-05
0.000484956113289741
0.000975508299526950
0.00143987423200656
0.00195170824807178
0.00259683940570426
0.00300197055960837
0.00239971285667480
0.00233737089075930
0.00279011341062983
0.00301996157047995
0.00426201932190054
0.00484964084625005
0.00441169393032908
0.00436182641147411
0.00444682503003207
0.00456261028270376
0.00465480801911667
0.00472463124537171
0.00457639368912794
0.00432887669474496
0.00439247160562900
0.00448303548222043
0.00430278701340967
0.00405151254418115
0.00381171332756935
0.00362731375509895
0.00356442299791070
0.00332686550820455
0.00326816344968307
0.00337810603682954
0.00326951659877807
0.00318268131524377
0.00303002096823207
0.00288110568690001
0.00262134717762081
0.00228286708947934
0.00206717448592144
0.00180365035836587
0.00148827137381232
0.00124548979421974
0.00104977248418379
0.000810651854053788
0.000514578879142107
0.000197910718216008
-0.000112959583601082
-0.000655552680358937
-0.00111691103933708
-0.00136053699943886
-0.00150613503607588
-0.00152826223929992
-0.00176242835281244
-0.00188970133508064
-0.00182026389434100
-0.00186490854428996
-0.00208283885508195
-0.00221375564153732
-0.00216538105147038
-0.00219044892481406
-0.00205947128815239
-0.00187843266554182
-0.00173931506435508
-0.00159136925427390
-0.00150261094007703
-0.00134274028106915
-0.00114813276293035
-0.000884426607985915
-0.000886299424989261
-0.00101216525018401
-0.000747155586836357
-0.000559122920553818
-0.000409767863482102
-0.000198614960894474
-0.000182855025994968
-5.95053971841253e-05
2.97604858553768e-05
3.69170336546176e-05
0.000130987713311868
6.06143773137546e-05
-5.78290198410514e-05
-0.000153297440022868
-0.000341116626291012
-0.000475076165714938
-0.000552978316105168
-0.000705481583724179
-0.000814614267937088
-0.000900398257205666
-0.00108598997447729
-0.00128785422614698
-0.00155438081767215
-0.00190478334374887
-0.00216128717969042
-0.00240365271960513
-0.00263977211710397
-0.00283471126391248
-0.00313465810813398
-0.00334373586298113
-0.00349214163681125
-0.00362833113184536
-0.00365633749697508
-0.00363812009568136
-0.00367240981021467
-0.00380278270749301
-0.00388191760137005
-0.00403447486587908
-0.00418394654142219
-0.00405115520316144
-0.00391254154822263
-0.00371841767434034
-0.00327571120761007
-0.00290959869770376
-0.00258622041878965
-0.00228207480444212
-0.00200013287475926
-0.00162497923948422
-0.00120989710273392
-0.000762375321198903
-0.000380874288556967
-4.03642271847104e-05
0.000284967837654690
0.000599004807126526
0.000965817593334961
0.00140046765977786
0.00169394078570882
0.00188007502834797
0.00231860130751983
0.00270406724584142
0.00287702698530651
0.00327537598972548
0.00370692070201272
0.00400131813578923
0.00432980469849610
0.00465347033170218
0.00498253493612353
0.00533309303852803
0.00568195473894193
0.00595177197443860
0.00618122542075781
0.00635424748257094
0.00642720730280018
0.00647781992103432
0.00649246945832914
0.00649867296651735
0.00647769213201173
0.00644047622795853
0.00637712313131061
0.00616258956183515
0.00597732289494104
0.00582664318239182
0.00553332156311001
0.00538983519486465
0.00526822795807505
0.00517948255625470
0.00505918916130355
0.00471048621305556
0.00434100968694892
0.00366135860705441
0.00308707926936862
0.00259390084346904
0.00210328513435712
0.00183347358331787
0.00133987064784023
0.000810328656868791
0.000495365281416014
0.000168901888252719
-0.000380295190946782
-0.000748431430882235
-0.000933551243656936
-0.00121844120479409
-0.00158596857577642
-0.00190043862318269
-0.00212306725023076
-0.00249502958277059
-0.00282279270116979
-0.00318384062733463
-0.00350829824156520
-0.00378375253424434
-0.00412692436472657
-0.00434314834357693
-0.00459559488275296
-0.00481584463653192
-0.00500928552507105
-0.00532558618140406
-0.00552367558673780
-0.00557526442709140
-0.00564640875455524
-0.00570143741265184
-0.00569533127705164
-0.00561699127953361
-0.00565730173113309
-0.00569321777564738
-0.00563973950439888
-0.00566367412635302
-0.00563423216116121
-0.00552929622337636
-0.00555075904547628
-0.00545271555600252
-0.00510672376541756
-0.00485148472708786
-0.00464135474805378
-0.00435164853569248
-0.00408921297333803
-0.00403196089408798
-0.00398340287760979
-0.00387267143718766
-0.00372243491709209
-0.00336289976224030
-0.00289308448298975
-0.00227660605908767
-0.00135763166829612
-0.000453253767041275
-3.36901415568036e-05
0.000732385813941079
0.00221624083568102
0.00327780707686713
0.00312371537709566
0.00375912043542144
0.00525771776738594
0.00687789851581726
0.00831151805294951
0.00797669205389354
0.00830600656781940
0.00899284075295583
0.00943624686666055
0.0100910558680462
0.0101288259134043
0.0110829562899832
0.0119976592878479
0.0114640988483177
0.0114028980792995
0.0119382007097357
0.0119444085267475
0.0116593930709035
0.0113300242211130
0.0114561643221376
0.0115954843186273
0.0111380025097000
0.0106017188834932
0.0101252957802632
0.00937774628283321
0.00854534375906567
0.00777016676453215
0.00708771576451156
0.00626406861766654
0.00544355843247693
0.00475962638139542
0.00395082346729954
0.00313358434025744
0.00210374483171261
0.000840257130039817
-0.000461142220094644
-0.00166374093357035
-0.00292479492858718
-0.00394624087398455
-0.00420381480662940
-0.00410483922409014
-0.00429940117563376
-0.00505569825134245
-0.00603315147032220
-0.00751046583919930
-0.00915934443010855
-0.00996848129513694
-0.0104145130696810
-0.0110867842143216
-0.0115472005918326
-0.0116437554665430
-0.0119693053527880
-0.0121195308042053
-0.0117086257872273
-0.0118510714370359
-0.0122029999714414
-0.0122151485155166
-0.0123043196502135
-0.0122554097209752
-0.0121090826257006
-0.0116762072312486
-0.0111822252166803
-0.0107935988005534
-0.0102589308423740
-0.00996674921140254
-0.00974425942199616
-0.00921889943388862
-0.00871474816013972
-0.00839527902496002
-0.00816809079145685
-0.00799338068556949
-0.00766694873957420
-0.00709533603392003
-0.00650091356662756
-0.00576552569617945
-0.00492519686907684
-0.00439123390168334
-0.00391249933678296
-0.00354547646493984
-0.00331216208458841
-0.00302036429401454
-0.00276946190568935
-0.00240415323160320
-0.00199005543299492
-0.00142276491356384
-0.00104667901251666
-0.000819761230354175
-0.000105201397792634
0.000384179453011697
0.000705474480653656
0.00134520191821849
0.00169919041948425
0.00193620719793486
0.00213646824465116
0.00198665747716902
0.00180110792390963
0.00162989285975925
0.00173590182724126
0.00238503597070434
0.00279344298764158
0.00328483265856164
0.00371582770633182
0.00337479770173388
0.00312372374143422
0.00321630124678507
0.00355406394589579
0.00374029829793415
0.00406465191868506
0.00479963757306848
0.00516113985513925
0.00522887705825099
0.00516670235326330
0.00516394689597746
0.00553817079719636
0.00585362476730438
0.00607124366482878
0.00628884783107026
0.00646749124283417
0.00679371255339959
0.00709278400074084
0.00746679346970439
0.00779686544039350
0.00797064597241786
0.00827117505782667
0.00868234817627581
0.00904180022215996
0.00930375681680744
0.00941427061626996
0.00930179066530741
0.00909005494569442
0.00881354318093145
0.00864021789334004
0.00851525233723748
0.00829064126401704
0.00818231954359078
0.00808898615983935
0.00805344726438761
0.00799405640171017
0.00788291171271965
0.00778056129959339
0.00740707131282875
0.00673012957810272
0.00590712210026823
0.00528371189901918
0.00527149616451709
0.00598070813461106
0.00699837768960606
0.00736743094275084
0.00673302688974104
0.00505466587653075
0.00333560577036167
0.00258963516413246
0.00206357324716862
0.00175953660455775
0.00156034754668894
0.00129531107493676
0.000843029266231383
0.000507206496176025
0.000361768601425752
-0.000278318204011043
-0.000711348932707665
-0.00113677291481252
-0.00191295180436313
-0.00263405004506154
-0.00322284970113998
-0.00336215244488500
-0.00348712085448149
-0.00345928046710640
-0.00339613350670845
-0.00377392257538130
-0.00404250875902912
-0.00445164694945145
-0.00468606141045555
-0.00474397984033772
-0.00508919760676079
-0.00550035176796442
-0.00603294445511338
-0.00625038392393648
-0.00596668999730809
-0.00546203210031649
-0.00498056763428110
-0.00474543545595367
-0.00477830171550949
-0.00516382211164398
-0.00549309531885626
-0.00579753400263201
-0.00611842814506190
-0.00620292570925983
-0.00649574792371112
-0.00690220877878431
-0.00705841609227292
-0.00696068930208668
-0.00704989537580786
-0.00718993544306670
-0.00698906938059764
-0.00677340226418977
-0.00647794281768427
-0.00612502082807907
-0.00573693353110826
-0.00530564474563647
-0.00506865037126801
-0.00523285905456532
-0.00599063648214042
-0.00660617782081403
-0.00658400909337729
-0.00638085318657147
-0.00549748891663455
-0.00445063229978842
-0.00448663869302720
-0.00450144821239462
-0.00388074003268969
-0.00335119118243597
-0.00295790323487864
-0.00239815843465095
-0.00177538852775086
-0.00115450848149152
-0.000674947359697882
-0.000402403610889621
-4.71395750565762e-06
0.000440434912041070
0.000852400680192886
0.00108824908623291
0.00122101926701667
0.00144919473984352
0.00170469551891195
0.00210232748511963
0.00266804742457143
0.00327029896156922
0.00368105948743724
0.00387213129605117
0.00401342689432740
0.00427329857012103
0.00462521041656086
0.00480882419183352
0.00486087083008094
0.00476734940231729
0.00440267577283890
0.00386441771353020
0.00333821049274562
0.00301192943672639
0.00270069838478641
0.00223195181580166
0.00181991760325047
0.00155908438211384
0.00132904501446475
0.00115195588894039
0.000711546351976295
0.000236554061066130
-0.000126263282620869
-0.000994414125768799
-0.00181271446843667
-0.00238389338758410
-0.00249370931369214
-0.00216159705267472
-0.00175043840362846
-0.00128623904070011
-0.00170632451684511
-0.00230799153400497
-0.00325654092207387
-0.00458255410257479
-0.00500819129878451
-0.00513429805748089
-0.00500998324309691
-0.00480686585405493
-0.00451051988746144
-0.00453660868014964
-0.00458828375672397
-0.00386664210166032
-0.00349607338537652
-0.00356416950516802
-0.00385372736010851
-0.00410848753311342
-0.00379800839496397
-0.00322032143516424
-0.00268717329697978
-0.00191551952466739
-0.00111746830146643
-0.000511016737370653
5.40533626519846e-05
0.000355432417916859
0.000627899307289681
0.00109960038119709
0.00164733519678691
0.00221566348424517
0.00266163016984024
0.00291878960275767
0.00309735743220188
0.00338260848720324
0.00417049869267146
0.00521752928381034
0.00597645203418324
0.00649848525200525
0.00674759874552422
0.00666470899361570
0.00659272683196491
0.00646874742238993
0.00602690148894737
0.00575443211222023
0.00573386431514450
0.00540464471880455
0.00526947795144338
0.00528260614366730
0.00471085766532553
0.00480896819247732
0.00497093090077954
0.00423126550296956
0.00394669725772530
0.00330830792920096
0.00192274810995457
0.000530269217068735
-0.000501421683268859
-0.000479357882576892
-0.000221391907397219
-0.000611012244096969
-0.000978658406447721
-0.000898038879963679
-0.000973063142172919
-0.00117345071036084
-0.00139095329948475
-0.00163691937633814
-0.00151254963650047
-0.00123290452466961
-0.000745193792841974
-8.48556551079582e-05
0.000540852971466279
0.00114317533727444
0.00158917474680152
0.00180589160087493
0.00195082969175246
0.00209248169879857
0.00235635260102583
0.00293144992461123
0.00361446575635000
0.00445366223588280
0.00527718654299065
0.00583475458565090
0.00621505833047365
0.00667005082745391
0.00743484316174488
0.00830606419475430
0.00915634706853496
0.00966132983492344
0.00966383357450468
0.00948709230722216
0.00930753669732269
0.00926850548291952
0.00936180335004792
0.00959887932824017
0.00979471289980381
0.00985078621765467
0.00986160499732932
0.00978191657959485
0.00967017004128365
0.00952330821511339
0.00935284589659005
0.00926303061733023
0.00876109395947197
0.00781117323871456
0.00698753872950718
0.00577395352495017
0.00535804980897652
0.00615967257901687
0.00679383191207595
0.00758476984971232
0.00724025304570606
0.00532089763398432
0.00292401733196130
0.000367316534083955
-0.00103918620316648
-0.00138991884972114
-0.00161701486149127
-0.00195265549952381
-0.00276922896222317
-0.00407899403018121
-0.00530217300856009
-0.00626234573975125
-0.00732427465302180
-0.00859473003388416
-0.0100142370886908
-0.0111457046922442
-0.0118185870938299
-0.0121428160328605
-0.0123280372005894
-0.0124885065311469
-0.0126120946937897
-0.0129090862332282
-0.0133957003509590
-0.0140142148142161
-0.0143815232075463
-0.0143493771105659
-0.0141657665060416
-0.0138929287236738
-0.0139808395956209
-0.0143091142193532
-0.0141060527386605
-0.0131272152915972
-0.0116611592442655
-0.0102685171983660
-0.00940002012762193
-0.00874343785367614
-0.00824948527507331
-0.00794175738439208
-0.00737101485835297
-0.00684122772173282
-0.00641757174969598
-0.00608063471291302
-0.00568300262212688
-0.00500125628227238
-0.00434516398378946
-0.00367048224262135
-0.00300460870381016
-0.00237105156045573
-0.00174941222490816
-0.00121298996930136
-0.000563995107665960
4.98261369727970e-05
0.000424443189197064
0.000803448021305258
0.00110035647614723
0.00108686522078187
0.000963806264243203
0.00112412359634732
0.00171784442040689
0.00216925214276500
0.00220808048190122
0.00223062577400754
0.00241265000489477
0.00255929965972825
0.00279989876247669
0.00336089159145558
0.00404962392034520
0.00461469803046953
0.00492471957467103
0.00497980212640186
0.00479015708278951
0.00456669683448013
0.00426496908809838
0.00404579598266480
0.00398584356891092
0.00373409366578244
0.00368961967000075
0.00374598656252203
0.00355351847418262
0.00355037373385301
0.00376188688371428
0.00388784543594113
0.00383980278760191
0.00387614024688446
0.00392204985796184
0.00387112498659747
0.00383442010831800
0.00368841499085647
0.00360919140537703
0.00355025810339555
0.00330998633406182
0.00297718917547911
0.00281063491571899
0.00276827620695542
0.00247249913089036
0.00233654210288421
0.00247452994456069
0.00238607428648550
0.00213397939396771
0.00205790393618713
0.00210211987358605
0.00157572910302065
0.000977254746352969
0.000801520000511573
0.000885656436803970
0.00135581800564580
0.00199924250343827
0.00254108852885054
0.00250288764770346
0.00217508764008244
0.00198450082345119
0.00153671902951828
0.000596722160064473
-0.000107320548550547
-0.000227333732674424
-0.000406403840904659
-0.000694067782607135
-0.000769235123834733
-0.000858467655621098
-0.00129767892521954
-0.00173145663125297
-0.00199110912873948
-0.00240448485825141
-0.00313845950267705
-0.00382314228352470
-0.00414094034606705
-0.00451563165116340
-0.00471566455574816
-0.00473836566494811
-0.00501462031371489
-0.00540995837540436
-0.00589399644626951
-0.00640005278603098
-0.00708605756374368
-0.00777053376258778
-0.00829565412103193
-0.00860392737603434
-0.00870020880524294
-0.00893789457415210
-0.00924068305272726
-0.00928156336651114
-0.00894243086023607
-0.00852284956834637
-0.00801829160840271
-0.00779930784289832
-0.00798538391294869
-0.00805744269206457
-0.00814016185616310
-0.00812952769813023
-0.00798036949272500
-0.00786998732789471
-0.00780453884447752
-0.00764286828527929
-0.00733287712457866
-0.00690609518049996
-0.00625125566815484
-0.00564704882324804
-0.00533309823892353
-0.00519410742514140
-0.00458341971598600
-0.00400624499980040
-0.00372198503980258
-0.00285520706415980
-0.00226675788829255
-0.00197994578031114
-0.00152768452969497
-0.00121143524773174
-0.000933014472797709
-0.000466667779346892
0.000129032600799803
0.000459497900826591
0.000649898126857806
0.00146358925013487
0.00248384410160909
0.00289586379341841
0.00356858706670344
0.00422631596723470
0.00441369882113069
0.00494625608250885
0.00547640818696816
0.00569236219156991
0.00579477521777562
0.00580016572699549
0.00599947490937012
0.00607706593799378
0.00626614651191005
0.00676181758423610
0.00685164048401731
0.00700312103555717
0.00735565492881136
0.00728938231351322
0.00727637457692964
0.00750438943395153
0.00770060682209731
0.00793734815003461
0.00804351316885516
0.00784817349735960
0.00756446962916755
0.00758972868804449
0.00756186078836436
0.00756872777779506
0.00752489010970351
0.00699108571360853
0.00680359869127187
0.00681485390260605
0.00659364773838206
0.00634083355277539
0.00590630791629394
0.00567403688457375
0.00550340632191705
0.00454740153962973
0.00368581722635611
0.00338256113096463
0.00293796072999214
0.00260613511522934
0.00248538535157365
0.00238987271825863
0.00146538919980543
0.00101249729915423
0.00214102370233803
0.00181946001452985
4.92624024445831e-06
-0.00118458962374092
-0.00192850213056772
-0.00295398221191363
-0.00402273349072431
-0.00438452035026017
-0.00468382006916983
-0.00525791678808417
-0.00552325125481957
-0.00614610293972476
-0.00717782754755518
-0.00769253725529069
-0.00793954311697462
-0.00826992685380958
-0.00861599383318776
-0.00875295058267113
-0.00877493755799207
-0.00880616942116518
-0.00879031153174822
-0.00867546758919929
-0.00843209667664013
-0.00842192191324045
-0.00850893039121274
-0.00869966021555570
-0.00890445520763933
-0.00836251260232388
-0.00764777722700899
-0.00713144659033333
-0.00646613835858830
-0.00591355760278361
-0.00521542761657031
-0.00441537709747763
-0.00331479581440703
-0.00209504048260612
-0.00153997970171702
-0.000841761005968920
-0.000215288361695229
0.000266300788262583
0.000916880433452434
0.00113669543362676
0.00180618701610683
0.00249284352983523
0.00275302667532571
0.00341459975257180
0.00398211058993752
0.00428353635530812
0.00465700491478401
0.00455651317217871
0.00428157597487257
0.00468774543642098
0.00469329069667765
0.00467981882291497
0.00539221525121207
0.00553479510945408
0.00560498446206111
0.00593939311402437
0.00597317464962316
0.00623099231232345
0.00680587592726624
0.00739101160744440
0.00780092652932240
0.00789752888503699
0.00791189659973270
0.00790574967136763
0.00803142861148672
0.00825718448097632
0.00826222163906436
0.00842086742716219
0.00833035771032996
0.00811786313721086
0.00807622106847020
0.00775334795557910
0.00755315877491512
0.00728790826367913
0.00690943373197570
0.00660111077683382
0.00641655902702610
0.00627652965718085
0.00596189887123160
0.00557588831484509
0.00489038012444439
0.00410731215405690
0.00347313911566062
0.00267913012809458
0.00185013713084118
0.00139677848578458
0.000866494978606625
3.32964751692089e-05
-0.000502461040725848
-0.000896715934377426
-0.00137630581028816
-0.00157277975969919
-0.00182950870941795
-0.00220624618238844
-0.00240702880941285
-0.00282986790355153
-0.00320745641276062
-0.00327364464470293
-0.00351388909999628
-0.00364409184470617
-0.00335415107941685
-0.00334732253747177
-0.00348411456522058
-0.00337465596611651
-0.00339441808192476
-0.00337382051464431
-0.00329705387424212
-0.00325308168295123
-0.00322014869323255
-0.00298064562814545
-0.00293418967410958
-0.00338517336575421
-0.00357424448674067
-0.00371680245112827
-0.00365336757910768
-0.00315752467677555
-0.00287384141797475
-0.00282437849111886
-0.00257372268390782
-0.00226325148435535
-0.00200537078063235
-0.00191102636191545
-0.00159837271597326
-0.00104738266284755
-0.000778255699977422
-0.000442190626610000
-0.000117467982112771
4.54413608690629e-05
0.000120372102161355
0.000361668312242500
0.000647553110316608
0.000712629920845984
0.000730871012751209
0.000883758470877751
0.00106137967159441
0.00144429553951795
0.00224083078432329
0.00277044838467418
0.00301257033130014
0.00334539827769106
0.00388281354507683
0.00465507684276872
0.00508237325415394
0.00528874787892278
0.00564056733762982
0.00580527605145107
0.00590458544427179
0.00619420498992838
0.00656051282641613
0.00676322767429156
0.00690617443225904
0.00715484330777485
0.00717515494754480
0.00727052283209503
0.00723484584825314
0.00699952421420335
0.00699329563159665
0.00667126844160407
0.00658987450721497
0.00673160976592044
0.00649378801788203
0.00612563499322533
0.00565413737261849
0.00536348940322540
0.00496022331037551
0.00438364851059617
0.00414243115049146
0.00376377408677328
0.00315202555827824
0.00286988645276892
0.00241689214853501
0.00160519128153098
0.00118964264414213
0.000526276951611280
-0.000300036314284675
-0.000740686917334443
-0.00148894437506058
-0.00236086481141598
-0.00302681832958100
-0.00356348681264592
-0.00439903006076861
-0.00529511686164028
-0.00590593784434930
-0.00649675333422010
-0.00713016884995454
-0.00783190790653464
-0.00821247318835333
-0.00863134765150505
-0.00925449860440836
-0.00979602652699384
-0.0103235724078212
-0.0107936009523189
-0.0112416622705780
-0.0117673473829359
-0.0121026573547397
-0.0121822409541284
-0.0125371983196470
-0.0128189664279745
-0.0129321073462984
-0.0130111570797482
-0.0129946515534721
-0.0128706182234504
-0.0126640813994771
-0.0124765303246556
-0.0121718234180503
-0.0118961047533327
-0.0115223874225461
-0.0111133252385457
-0.0106825242442687
-0.0101784670568316
-0.00974710941046226
-0.00921941204471295
-0.00875327608003943
-0.00830510702451761
-0.00785882079026720
-0.00753465805860458
-0.00694617890630070
-0.00627612694754561
-0.00561430783043733
-0.00475617658151151
-0.00408961905299833
-0.00343804887612791
-0.00273790657322493
-0.00209187437193066
-0.00131250319090356
-0.000543185515142142
0.000239645970219655
0.00104282220321146
0.00181774499129965
0.00264092333812904
0.00337183926185446
0.00380784639629809
0.00455280183944893
0.00527334081518376
0.00547500937962497
0.00596398411930494
0.00668120052198731
0.00714966151175588
0.00755562381649696
0.00803854417457472
0.00823092537980642
0.00849274487108914
0.00877991240107520
0.00879503826982955
0.00909290527347480
0.00938634085237538
0.00943236641959970
0.00944826011730925
0.00933398276858611
0.00910065798715834
0.00893283384269523
0.00866570884674957
0.00826776741122785
0.00802210810428733
0.00784261591722725
0.00755660597554709
0.00726356420983961
0.00706194655566435
0.00677951420460772
0.00652375678855435
0.00618929157290950
0.00577514963606916
0.00540134696820019
0.00486641340366191
0.00440801538267579
0.00415971238955365
0.00372802943716749
0.00325220298615534
0.00293202177687760
0.00240899124115288
0.00195060322249049
0.00151611451906149
0.00120455514732100
0.000832156164643152
0.000270616488339215
0.000138664410418983
2.85178028775590e-06
-0.000236490613332307
-0.000402401000733335
-0.000697200936036779
-0.00108805348228600
-0.00120502357331588
-0.00118413266331942
-0.00144057556766114
-0.00161287522166106
-0.00178830463094300
-0.00200393623127809
-0.00221737977082000
-0.00260577374970836
-0.00258840157430711
-0.00237249418964439
-0.00257537978377371
-0.00282260870941172
-0.00296511387735194
-0.00313843505712384
-0.00309351655000000
-0.00294806805516913
-0.00293609054904948
-0.00287584057243976
-0.00294962842487138
-0.00303400331911149
-0.00293852508967916
-0.00310271767407443
-0.00331351815349109
-0.00294568124972557
-0.00257923531694871
-0.00286587431309044
-0.00307410327009023
-0.00285876834819021
-0.00266683506981735
-0.00261004597078312
-0.00247912617654748
-0.00226011713303620
-0.00210581050181247
-0.00189701112037426
-0.00162259839283109
-0.00138863506145185
-0.00129704603801571
-0.00133579812683081
-0.00119940725170665
-0.000909104195407053
-0.000614415839139042
-0.000454323708645745
-0.000412567789746561
-0.000330897355777324
-0.000309611570417019
-0.000111232963591021
-2.21457525978508e-05
-0.000207050337876069
-0.000142506217229652
-2.43129054607039e-05
5.43955113249695e-05
0.000218233564825709
0.000356157175277474
0.000397594532762184
0.000555095835774182
0.000711698000193053
0.000603602857545411
0.000578179111597876
0.000725870845841996
0.000923924894708819
0.00102260726313119
0.00105586712258599
0.00111593268928544
0.00115141045745389
0.00133420990208720
0.00155933447261702
0.00164266721435439
0.00184439938232458
0.00217927298450348
0.00242864082796501
0.00285814213285960
0.00328835174165022
0.00350942213101860
0.00387960693799130
0.00428313740429189
0.00468396343931204
0.00512089708735459
0.00529783763534709
0.00545614908539989
0.00568313603160647
0.00578039108217382
0.00612661343507455
0.00654999463915175
0.00651724559215353
0.00645334605660679
0.00655514611655462
0.00642333878270762
0.00628879273575706
0.00631594142255182
0.00627491578496915
0.00629190865287740
0.00607538076217907
0.00574664360218918
0.00566219702948217
0.00534036438890922
0.00515403565596898
0.00492525107813279
0.00435894655043626
0.00388364480137540
0.00343331955055234
0.00302754956078722
0.00263323879286759
0.00230917541944109
0.00166815437142560
0.000812393238864893
0.000531596735921980
0.000361385717891132
-0.000103562187949393
-0.000590028040013948
-0.00129134117462215
-0.00168839761966751
-0.00174544659587028
-0.00207831534827875
-0.00231649784059840
-0.00276620207103719
-0.00316032996428646
-0.00322793259499889
-0.00351474879439621
-0.00382637421478506
-0.00423538450026484
-0.00449370754327134
-0.00448676705937800
-0.00451517245204400
-0.00452417706499887
-0.00480391951632498
-0.00507114182945770
-0.00509566926260618
-0.00507267802751073
-0.00491029082055434
-0.00485541085323348
-0.00484642100263386
-0.00469281005377184
-0.00449961002011094
-0.00432547561714557
-0.00412804284287859
-0.00385337036713224
-0.00365479592319332
-0.00346447288712398
-0.00287288075608103
-0.00247885529173800
-0.00242438275740199
-0.00207571192170747
-0.00177502090716473
-0.00153481073523437
-0.00123594582293094
-0.000857959569233913
-0.000445499499495554
-0.000242585132638169
0.000158895578871352
0.000641498138598990
0.000895052990662180
0.00125066287555399
0.00158714338768050
0.00183352743046385
0.00218843784966907
0.00242405976980933
0.00253787879588003
0.00284184725049443
0.00325230816176997
0.00364650852086868
0.00378522114149064
0.00387554041560975
0.00412994188082962
0.00423218132985255
0.00438290943659410
0.00460527206477082
0.00470424108081147
0.00478463529746591
0.00490009300026941
0.00502517350567018
0.00514184424417636
0.00540161644143382
0.00549149179445521
0.00543478309037710
0.00561076456468754
0.00554650383643775
0.00545705525658491
0.00551910974672751
0.00531485341416442
0.00505111390865181
0.00491714612900523
0.00472099647517211
0.00443366909330621
0.00418162999440710
0.00383418422019759
0.00346597469536391
0.00314449457576870
0.00262942691351668
0.00213996419180148
0.00179396827219307
0.00141918936897582
0.00105258867724956
0.000553562711583027
-2.05887000947769e-05
-0.000443670861330929
-0.000804459469019321
-0.00135802475688820
-0.00203479217850145
-0.00246493950643867
-0.00304547757198407
-0.00393578384825332
-0.00448102002007545
-0.00502361767032426
-0.00596062545217819
-0.00658380498033011
-0.00710066084211803
-0.00789779048715673
-0.00836869341621423
-0.00884175468523608
-0.00947440533961071
-0.0100048715035973
-0.0103575285628040
-0.0106703094855038
-0.0110753776620709
-0.0112866589624036
-0.0115901006322224
-0.0118753547428719
-0.0121259773231714
-0.0125393494787181
-0.0129188131018850
-0.0132297885445405
-0.0135271273051535
-0.0138547693939631
-0.0140614989576989
-0.0140860201619034
-0.0141748298868743
-0.0140992446345990
-0.0139370442362133
-0.0140786215008347
-0.0140496170800293
-0.0138054447092759
-0.0136341977782035
-0.0132899884578501
-0.0127688590346634
-0.0125212188676255
-0.0120706631917437
-0.0113823404440382
-0.0109891026018067
-0.0104308721250186
-0.00966176394666263
-0.00914668191762189
-0.00861633897972183
-0.00787528549416038
-0.00732075182052313
-0.00668373111274718
-0.00579292600244230
-0.00495409671299058
-0.00428031819725788
-0.00350834533800594
-0.00263083748069903
-0.00187652647123741
-0.00114518378177991
-0.000467091838437455
0.000134839630932220
0.000719712979404221
0.00138241199446043
0.00192302018923670
0.00241039025953228
0.00285105559255499
0.00307283782123193
0.00352831684030946
0.00379633482522934
0.00389935053075305
0.00423807791873571
0.00433998260135184
0.00451340192769379
0.00477210458428374
0.00509853087081410
0.00566653626536919
0.00604292652602737
0.00623188783150226
0.00659997605110547
0.00681323541450553
0.00691490648443661
0.00725684710706602
0.00750292013223444
0.00785306074302397
0.00834275630117162
0.00865772258485492
0.00862234588021480
0.00886539685745163
0.00943899155776194
0.00972511705643882
0.00981260347601591
0.00975330924722727
0.00976186625539924
0.00982248429795192
0.00999617367810657
0.0101316718853548
0.00991562454786958
0.00981678840097800
0.00977264751761197
0.00947311908125698
0.00917398223701469
0.00888506063338241
0.00849733160999278
0.00774649188414173
0.00715097063054884
0.00681902876491165
0.00617252639207834
0.00558485134465741
0.00514965365880983
0.00460441077103951
0.00386476313369315
0.00310401706659093
0.00226105143634697
0.00151884563063675
0.00117704057716196
0.000803566939866300
0.000428009317609508
0.000186881833718076
-0.000295204301036733
-0.000903818454047496
-0.00136681659677947
-0.00194372303177147
-0.00252879938303636
-0.00310988247568844
-0.00389432282042264
-0.00448951136130347
-0.00487683521837539
-0.00537829310684799
-0.00571566471926133
-0.00601529492969746
-0.00652851898450592
-0.00686583497625122
-0.00714985352752706
-0.00760342890427467
-0.00792062112206622
-0.00812256826529108
-0.00832093182644769
-0.00843707849922623
-0.00851699614509300
-0.00844629920396301
-0.00828626591072180
-0.00818207081356434
-0.00793248424602211
-0.00763104506997081
-0.00745076604829478
-0.00732454411480603
-0.00724255508886415
-0.00688479209276238
-0.00637689615180250
-0.00596309876144744
-0.00538857561713655
-0.00465855756666883
-0.00387783814529712
-0.00309307692208563
-0.00227665697735802
-0.00136972273726997
-0.000550106635845395
0.000342019779168368
0.00132986228464233
0.00212482109368693
0.00301128520673842
0.00405656381398103
0.00509291698975289
0.00607472658943493
0.00686934961252973
0.00795310659428651
0.00920980370170128
0.00983690838821417
0.0104599457014263
0.0112625887671663
0.0114096433328575
0.0113099110007238
0.0116243843607299
0.0120173830572173
0.0129958326366045
0.0146235006139750
0.0158150783390795
0.0164694124957862
0.0167768961802119
0.0168594405684996
0.0167010944533240
0.0166553642688609
0.0168609587487970
0.0171654996049574
0.0174184053991053
0.0174289161233503
0.0172642455296443
0.0169770142839275
0.0166559489065048
0.0160194090142681
0.0152993451479438
0.0146452811164238
0.0136910965824995
0.0128524194564613
0.0122866136238895
0.0114867145534083
0.0107716116360587
0.0103502547109531
0.00960585851880637
0.00860049055649370
0.00757555827635656
0.00643125941060362
0.00529539161698153
0.00435587809890137
0.00338524238402329
0.00188032794890717
0.000482594275466113
-0.000508033725508312
-0.00172809815196274
-0.00294723259216767
-0.00384958541919730
-0.00465300473078628
-0.00582047698439141
-0.00700245361134620
-0.00782605132094105
-0.00883426658595951
-0.00969118738769481
-0.00997173377669625
-0.00999169963991733
-0.00957709495495209
-0.00855976369503594
-0.00791342400632459
-0.00833736414217341
-0.00886861090567038
-0.00955534539230627
-0.0111137322184132
-0.0124266320867056
-0.0131068288370281
-0.0131011455606753
-0.0122520732355184
-0.0120808923286648
-0.0123140822597276
-0.0122951687567286
-0.0128057720508116
-0.0131445481485559
-0.0130049026878254
-0.0129621419835019
-0.0129780225726552
-0.0127685818930695
-0.0123862305458181
-0.0119197774642635
-0.0112287504665113
-0.0103534651770178
-0.00969494296155062
-0.00929357045027189
-0.00891218635432665
-0.00871352182938836
-0.00861033123944026
-0.00832773301730413
-0.00785945257002368
-0.00724795999332514
-0.00633434447626939
-0.00576939503082201
-0.00520277670648966
-0.00397638995524630
-0.00273635990865444
-0.00142295233698462
-0.000236900595928091
0.000573709412078074
0.000972755371504377
0.00117976845357759
0.00173998819298674
0.00230278547888702
0.00245785570461294
0.00260564912207968
0.00299177086366001
0.00354350481730990
0.00405954964345966
0.00400423470142783
0.00379212910303181
0.00384362074199345
0.00370328559435933
0.00348746701722405
0.00358073864889775
0.00366842720071759
0.00369193006229551
0.00388332558249118
0.00393970850000869
0.00372418728898367
0.00347619160335029
0.00340251112269527
0.00313149294864701
0.00302664071682628
0.00318839192441772
0.00297097446979947
0.00261773406452008
0.00240333511233331
0.00229712886179271
0.00218686927249919
0.00204732299351818
0.00169389188646875
0.00124965908545036
0.000837677713169853
0.000269558427050214
-0.000468536491711404
-0.000528155184078543
-0.000306231174980667
-0.000967003251355862
-0.00149486620885270
-0.00159538150903899
-0.00164144755731584
-0.00189471666704378
-0.00234966076668798
-0.00225707389708020
-0.00241853960199521
-0.00303603170763623
-0.00327893018037088
-0.00347657301858789
-0.00373357340979382
-0.00396600352391999
-0.00412938266067386
-0.00420168504237466
-0.00435031015221085
-0.00456920692737754
-0.00431698316053669
-0.00364719010318872
-0.00334853339511341
-0.00301076021351307
-0.00241085134483818
-0.00201205052119569
-0.00173582369833333
-0.00128924042366680
-0.000953981275581501
-0.000542105889160780
5.88851831894921e-05
0.000578258054706922
0.000979765722522963
0.00113497618556458
0.00155084018235797
0.00205269899094013
0.00261347211842597
0.00330719684886645
0.00345834745194665
0.00365716376465301
0.00417563185087090
0.00439017247423550
0.00440399251634730
0.00430964605686882
0.00428696662238608
0.00418530270534816
0.00412132682043023
0.00426595023270622
0.00406399252307267
0.00376662706709297
0.00373404476528307
0.00363212309252319
0.00345487277362849
0.00334192289627126
0.00305872376615739
0.00296273671677156
0.00289927894347088
0.00266489926397256
0.00255689177725373
0.00236907274837236
0.00207545372198993
0.00179953925003474
0.00172144460565065
0.00134598305838125
0.000803280063058480
0.000513098898137088
0.000275614258762005
0.000207451015436817
0.000119289695314819
0.000109380267133901
0.000256227440608967
0.000274441344482170
0.000287003987918695
0.000206427674099245
3.02038439511421e-05
-0.000192993737589120
-0.000586674483249681
-0.000916436793011570
-0.00110034897849673
-0.00137959238449355
-0.00155643117649774
-0.00132322910128572
-0.00149593045412530
-0.00178474415222020
-0.00169940025301486
-0.00184831877516480
-0.00204954070038070
-0.00200910540464569
-0.00195218070404692
-0.00191683146112808
-0.00194946095194304
-0.00206437584782549
-0.00195740846468112
-0.00198387514940890
-0.00202812081050176
-0.00197750713494870
-0.00213557991175776
-0.00221233007241636
-0.00218811137310993
-0.00209832085188076
-0.00187820777921402
-0.00170622918058825
-0.00160688068889378
-0.00134441488316817
-0.00115494820580125
-0.00135678658509448
-0.00145757034597523
-0.00120527186301928
-0.00126554302635185
-0.00158836392579133
-0.00148869692793042
-0.00145546186131298
-0.00159292669044433
-0.00170561297809968
-0.00181321363588836
-0.00193099858406583
-0.00199118825772018
-0.00178191543903935
-0.00180843498043899
-0.00177007179599087
-0.00170334570896230
-0.00190214888549050
-0.00199397435484457
-0.00203204973047662
-0.00187506944334160
-0.00183077110810615
-0.00212162345917505
-0.00220268862116768
-0.00222015966810716
-0.00219874878772032
-0.00201711588789891
-0.00188623178005884
-0.00162395736177814
-0.00131750055691981
-0.00121733990165581
-0.00110836572453820
-0.00102051797793933
-0.000735073142433009
-0.000359828237832858
-0.000356583746003594
0.000115499864702713
0.000526782534987547
0.000525338416208569
0.000857571688410985
0.000982146771736439
0.00122707353187877
0.00159177677019102
0.00176322541101172
0.00208711113451329
0.00237660395481498
0.00240529753688122
0.00260963673693652
0.00322701517363782
0.00361587666936998
0.00394628975595140
0.00419481285204597
0.00424968757379475
0.00444082083065268
0.00460866931368969
0.00473180491606343
0.00487663934670024
0.00497076476298560
0.00505811048823944
0.00532463746586245
0.00538615159134736
0.00523029351362027
0.00539876177505050
0.00559209678931950
0.00573600399268173
0.00585580976419919
0.00568878200663562
0.00562703246089939
0.00557082491403833
0.00534524453933784
0.00529001610725686
0.00515620421653239
0.00494215132721479
0.00480871118906123
0.00465218087069445
0.00453608081865298
0.00430311378418253
0.00402968797424308
0.00394391206480861
0.00387893656513768
0.00372806652251029
0.00359730382604084
0.00330223462836557
0.00313969706758826
0.00327642833513949
0.00303041775140002
0.00276132820242651
0.00273246571690976
0.00263856929919456
0.00251681261386267
0.00229390561273334
0.00215580191556626
0.00207818630776501
0.00194967255772070
0.00188247276844322
0.00183623465239407
0.00182157621029688
0.00192615666098121
0.00180709563069840
0.00142864952533017
0.00152492950486760
0.00175383081448793
0.00157701522666628
0.00154028745285466
0.00159754263757357
0.00155640954436137
0.00154577862912220
0.00129335922857294
0.000970748283220715
0.000862660862807019
0.000916699113077186
0.000796792330210110
0.000520243250306152
0.000688214990718166
0.000488857940433149
-0.000106612029642861
-0.000127081112756571
-0.000294804090270873
-0.000759509032782830
-0.000957234649031307
-0.00123231165227736
-0.00166159054274601
-0.00189792012251303
-0.00228753988178141
-0.00285603871802039
-0.00332355391771955
-0.00363978151105869
-0.00385417787200254
-0.00431687232050251
-0.00475714296461263
-0.00502763401580580
-0.00539181343425696
-0.00584085811427713
-0.00614090847526370
-0.00631523290285656
-0.00682474473621198
-0.00710684259190884
-0.00725553413163141
-0.00773225484177658
-0.00792734162332920
-0.00804989182344514
-0.00821998073149359
-0.00837974975070722
-0.00853330663591407
-0.00863938264528940
-0.00885911686678640
-0.00892180099181019
-0.00893196913239478
-0.00899393889965268
-0.00894666720425789
-0.00901075710163809
-0.00906099293182365
-0.00904542149516942
-0.00890664359629170
-0.00863867996415308
-0.00851888335706292
-0.00819164862578589
-0.00782952570895361
-0.00763972190328843
-0.00736795643142330
-0.00713287872276169
-0.00692194756501067
-0.00674831715963705
-0.00660685230495176
-0.00648448450670287
-0.00654197036296523
-0.00624713939098910
-0.00587823164493841
-0.00601463524059170
-0.00580851339063770
-0.00560497651278354
-0.00538737963191807
-0.00511347820691640
-0.00512352770724704
-0.00479510037544003
-0.00451815762667110
-0.00440415830034937
-0.00407283689277705
-0.00369537383853014
-0.00352120613418109
-0.00323002646826353
-0.00288985066850145
-0.00266581180553871
-0.00224451803782102
-0.00203808705238259
-0.00183151027950686
-0.00124452850419047
-0.000920239616102379
-0.000556087580598614
0.000113776541409436
0.000571776106648372
0.000915944179189694
0.00127607492323079
0.00181100693573740
0.00228902037200214
0.00250180576430068
0.00297453873442009
0.00357484792419143
0.00394147419558408
0.00451699559076360
0.00504766705303439
0.00539104630263068
0.00587144530745604
0.00626936299475801
0.00661088375300778
0.00711534949125564
0.00764696743333502
0.00800103620951688
0.00850486794221183
0.00900859980810992
0.00931083118987090
0.00950651473509765
0.00966675800609778
0.00989265395949246
0.0100879350726484
0.0103383102738633
0.0106028379781174
0.0108010798638975
0.0110240871593874
0.0112199078314757
0.0112898966781302
0.0113405053096380
0.0115777112351998
0.0118531046799194
0.0120173072354282
0.0121993133570811
0.0122063726221211
0.0121363905443468
0.0120041580118823
0.0118710224009465
0.0117472185901295
0.0113968298841587
0.0112821833587770
0.0110938576446654
0.0106846652493300
0.0104569021178270
0.0100379373803889
0.00944716451951081
0.00905149704023984
0.00862472512403201
0.00819927671473806
0.00784899823854175
0.00731216700006939
0.00675046217581325
0.00618173231829701
0.00555725642969549
0.00504760736846436
0.00457407790522552
0.00385188821826546
0.00318750287927742
0.00268458060980322
0.00193923106595321
0.00125606960915889
0.000752722331393443
0.000148530430217875
-0.000449623858361292
-0.00111347720835880
-0.00194812667667037
-0.00265442793564105
-0.00316640533917962
-0.00345800848811194
-0.00412007683277167
-0.00475335917297819
-0.00454989755361414
-0.00466419588488904
-0.00468428413520918
-0.00457505957767523
-0.00511617827861926
-0.00554419848091584
-0.00604254224227077
-0.00651386199838100
-0.00666119933730755
-0.00676083436305220
-0.00682055256185976
-0.00701720768308860
-0.00728919589537185
-0.00756355049318586
-0.00769883596370619
-0.00764093263234940
-0.00780603127716574
-0.00805605924908548
-0.00813671670135818
-0.00814145611501658
-0.00815115018360984
-0.00815826227556101
-0.00799358646037831
-0.00782636531083824
-0.00785072779784400
-0.00797831551006880
-0.00818194139361765
-0.00842163477493955
-0.00840107765670268
-0.00822486681364865
-0.00827799156590857
-0.00823554840739291
-0.00817500363982163
-0.00828755393526365
-0.00811555492823857
-0.00789307828916208
-0.00778267211652064
-0.00755150549752443
-0.00713905035045286
-0.00672154731165847
-0.00633276493187736
-0.00587450657143620
-0.00556055026534750
-0.00528269920950550
-0.00494050494478188
-0.00443926190353466
-0.00393864727428706
-0.00360114490927742
-0.00330651781510198
-0.00302448091699205
-0.00251711590949810
-0.00207825314540628
-0.00192077563485782
-0.00116845700005484
-0.000303902101347262
1.68148401542112e-05
0.000352585931249791
0.000424213544092424
0.000780827314134456
0.00124273530609742
0.00140823394898206
0.00204670142329633
0.00276806077813347
0.00323215654155433
0.00374020207615416
0.00420695838114085
0.00453445123078282
0.00493899333008372
0.00528803719400955
0.00557147407868413
0.00580282419765055
0.00611826174473038
0.00635661055791950
0.00641017406002689
0.00660547252766428
0.00665804758519158
0.00659587777496338
0.00656870894257857
0.00645707986036642
0.00637949983717991
0.00637158880396894
0.00633037225468474
0.00620675148614374
0.00596209792962570
0.00561659812574861
0.00531297647352758
0.00489426126220318
0.00445266370520349
0.00437292499736703
0.00423296542119751
0.00369788064265371
0.00320937367849737
0.00275318186747217
0.00214059463264569
0.00167350141939018
0.00125466362067087
0.000843866355830656
0.000404436992156292
-0.000192146376928122
-0.000520835596424192
-0.000592518034916481
-0.000880851841959185
-0.00137492716548351
-0.00140835423296082
-0.00145920189879305
-0.00210334666180245
-0.00229090126778502
-0.00238725871370264
-0.00327243957148340
-0.00323813668757410
-0.00250224174782986
-0.00224695819378795
-0.00193217100595376
-0.00222054336403090
-0.00279483131521459
-0.00302644691421506
-0.00353666071939955
-0.00398392500578012
-0.00401051006540968
-0.00416049196418754
-0.00420237088478331
-0.00434736901796271
-0.00452172349286684
-0.00455152806483056
-0.00473948223781008
-0.00483569943476454
-0.00495774314965132
-0.00492378095019546
-0.00487165905660433
-0.00498797684729752
-0.00482611526431583
-0.00449471079219876
-0.00428496172583650
-0.00398583967850087
-0.00380914377036234
-0.00379822507659597
-0.00358802142825354
-0.00340180693671286
-0.00314985969789774
-0.00264540627077238
-0.00225323203213563
-0.00200590308169971
-0.00185161989583293
-0.00166779536818510
-0.00120895743022388
-0.000611714495478619
0.000103793668412724
0.000774387520670405
0.00138659785409258
0.00196362587983259
0.00226904680603035
0.00258714391134660
0.00290151183137020
0.00316345045655240
0.00340595457110084
0.00352220153495438
0.00377443548723747
0.00412483172050372
0.00442010656463737
0.00467976840175979
0.00517518424552819
0.00563348829735702
0.00564042173601607
0.00595169421601085
0.00645882149872662
0.00647208475619479
0.00662116877714411
0.00683402931131013
0.00684201513592200
0.00696488402960085
0.00682922046806283
0.00688414009939720
0.00671758253647354
0.00652006487691679
0.00691200659161197
0.00695909922598901
0.00713451071275699
0.00735645101186961
0.00729252686296775
0.00708756621456374
0.00692060408760412
0.00667657600745855
0.00636032294660410
0.00614931910768057
0.00562780585043541
0.00511078713404984
0.00466333225407148
0.00408821474081925
0.00350634702414922
0.00303858579962901
0.00252642393921814
0.00191858593771897
0.00137124979047428
0.000849384889060616
0.000273411968363746
-0.000245054473245148
-0.000679760350886483
-0.00109674869357860
-0.00148197413549028
-0.00199462799073530
-0.00246911726645152
-0.00291225530791422
-0.00361429180669433
-0.00423704032268546
-0.00480757038386656
-0.00547123815232055
-0.00616531057868343
-0.00669986281918142
-0.00699293970653059
-0.00735042783728829
-0.00760646342735129
-0.00792289184535719
-0.00839508068929661
-0.00874729647855929
-0.00905420326150249
-0.00926783919144725
-0.00930678246147181
-0.00939773404483503
-0.00975337019825076
-0.0101051117270538
-0.0102132763419297
-0.0102595743153029
-0.0104131277445589
-0.0105396619416166
-0.0104315883648121
-0.0102585327503374
-0.0100333112689350
-0.00996506168616293
-0.0100680806547371
-0.0100769027571863
-0.0101228490361308
-0.0101051641401963
-0.00998310093173529
-0.00966653614248145
-0.00926317600461203
-0.00880827568141768
-0.00822132328480706
-0.00785561411293458
-0.00758777275362291
-0.00708773124012907
-0.00655463849595691
-0.00599868904269044
-0.00518405886117606
-0.00427875129599372
-0.00351557694123891
-0.00276608612266415
-0.00189757439987758
-0.00120029020037279
-0.000427321076948104
0.000453349738242963
0.00108936416990900
0.00188933304542815
0.00263568512591462
0.00349182367152991
0.00461823530482064
0.00556397216330623
0.00666565265929137
0.00763902075053352
0.00853087046747362
0.00922650545620343
0.00987952223873151
0.0107774459869574
0.0112664948302927
0.0118018321746297
0.0123925894030134
0.0128532902814914
0.0132779059224174
0.0136081776688206
0.0139414306210637
0.0142046105275131
0.0144064708068885
0.0145755901061671
0.0146658777115971
0.0147628731985100
0.0149163753835631
0.0149671614319834
0.0149261495869615
0.0148740344934140
0.0147410988630560
0.0144793866340297
0.0143032994370674
0.0139774448347350
0.0135029438367815
0.0132525873757294
0.0128185288982104
0.0122891745700429
0.0118325119960213
0.0112042243520591
0.0106466352171287
0.0101186201348827
0.00938546798821903
0.00867460147361044
0.00787530390577786
0.00693244143383254
0.00616447987053192
0.00524333077654831
0.00414709235687667
0.00322268813742483
0.00233250193617025
0.00129481589557741
0.000284478768929475
-0.000572969019202887
-0.00161566282685762
-0.00249680784412796
-0.00333382316465134
-0.00450645412448921
-0.00529277537772913
-0.00599216112357965
-0.00686925434540370
-0.00764419291647698
-0.00827830068216997
-0.00888596907778634
-0.00950121408577559
-0.00999081752394318
-0.0106096295853848
-0.0110913780191601
-0.0114905324583998
-0.0118398132038641
-0.0120465068605353
-0.0122190618741644
-0.0122092335914562
-0.0123819216004802
-0.0123460260631333
-0.0122418559134110
-0.0123343871031085
-0.0122685116926220
-0.0121344198534621
-0.0119425106136362
-0.0120155750149740
-0.0118146503693299
-0.0113811738158660
-0.0111698824432239
-0.0107437874217300
-0.0101858871677558
-0.00973196527956361
-0.00938896815762916
-0.00878904531456101
-0.00813381567562829
-0.00778521644527302
-0.00718402165416364
-0.00645003427340896
-0.00596658669262865
-0.00543391113234463
-0.00494251585495817
-0.00454769709069865
-0.00396579637930131
-0.00339655133551730
-0.00294940316196005
-0.00243415066275531
-0.00184658046835352
-0.00122975651111517
-0.000683845751700574
-0.000179406212512276
0.000425863154809463
0.000890214472838125
0.00126850380638928
0.00180060046223730
0.00223805979489015
0.00255929714957119
0.00310556124136213
0.00356736475779456
0.00386504808807729
0.00441340279039565
0.00480110467426073
0.00505373434693667
0.00550275878932837
0.00589215874958967
0.00612782178312045
0.00638304110470926
0.00673127608278378
0.00695565356733411
0.00706225895321381
0.00723412129550255
0.00743080786173536
0.00768836715007936
0.00770244742758692
0.00752480798611032
0.00747137956883179
0.00738683850860355
0.00723909866054299
0.00717209343501239
0.00709518150881479
0.00697903484396079
0.00696133833564034
0.00673308223651162
0.00640521802461791
0.00627382622282568
0.00606377893127714
0.00568752369667436
0.00536186217835365
0.00497510095084721
0.00459687506534721
0.00424898149034078
0.00382331302033435
0.00335669824789875
0.00274527494232757
0.00225359032551609
0.00183503743213976
0.00132850286349083
0.000882298213130355
0.000363742349153426
-0.000220511102649823
-0.000706159618428330
-0.00121082307181382
-0.00180181833993259
-0.00237643871478895
-0.00297406857729300
-0.00365158105727517
-0.00430763977586423
-0.00487584999992066
-0.00536031775158790
-0.00578695021676992
-0.00638120703116897
-0.00700634031823768
-0.00729904178829770
-0.00763189938310632
-0.00808521867796458
-0.00841275214905579
-0.00873512867642262
-0.00895749579876110
-0.00916518910509865
-0.00929609176937049
-0.00932783108042088
-0.00947195430951183
-0.00958719449322928
-0.00955324306259343
-0.00947764355162462
-0.00956291372394219
-0.00941771250769420
-0.00910460747755224
-0.00908855926440992
-0.00896352655581666
-0.00863617374948433
-0.00841464388420718
-0.00824223990554060
-0.00789200431523852
-0.00755746890453565
-0.00724722882276666
-0.00682996053123446
-0.00651994409961503
-0.00615106168269165
-0.00563717126854755
-0.00526914294158843
-0.00506526429832917
-0.00466252232250184
-0.00417741280846414
-0.00389084812282931
-0.00360270930827866
-0.00330155036560953
-0.00301560378665247
-0.00248199530095924
-0.00206002384750729
-0.00171664005750955
-0.00120067320553723
-0.000759114979499884
-0.000227447661163751
0.000318963577672804
0.000648958480766453
0.000969780032099550
0.00197769063231050
0.00279338446580738
0.00297569299546808
0.00349196485343327
0.00416427899333826
0.00470675558919652
0.00521396261400867
0.00581255000809051
0.00630656282284065
0.00677093790733977
0.00722088619791919
0.00766989263917651
0.00812680458282500
0.00855159958939112
0.00903487373583516
0.00930792233586885
0.00963075193154054
0.00999526671801789
0.0102909227741861
0.0104781349630662
0.0104695137118028
0.0105201313360499
0.0104146484826265
0.0103993055785793
0.0104882238229004
0.0103980434403786
0.0102839405148165
0.0100829605037768
0.00992705340194220
0.00978327861884850
0.00950150751696469
0.00917817952911264
0.00889547432842846
0.00861152079638032
0.00832171178231874
0.00801232015310120
0.00759283624773275
0.00721708322519476
0.00695378500789616
0.00671334386448279
0.00645815397075467
0.00616460434028056
0.00584591534389119
0.00545591420663982
0.00499575187100334
0.00450431130061418
0.00407220816586914
0.00373112084859713
0.00324805469324474
0.00273756562401502
0.00237923108233588
0.00188953802344770
0.00139096249510999
0.00102561018592155
0.000537301086599200
6.90945196117809e-05
-0.000266208535614396
-0.000670278202269969
-0.00103327605485447
-0.00133110522420992
-0.00178893113442825
-0.00207365066337331
-0.00224947603357236
-0.00273495891657376
-0.00311398314242069
-0.00325654096347904
-0.00354123431974074
-0.00394247610054450
-0.00431170892894926
-0.00465110700635492
-0.00492914411463019
-0.00509818335674112
-0.00531949316948683
-0.00551472398117824
-0.00548347741839756
-0.00549711603483999
-0.00560412206639533
-0.00584143083531133
-0.00611812667574020
-0.00611416445962393
-0.00602443153639827
-0.00602500996867750
-0.00615651334591000
-0.00616952874017727
-0.00595052392039300
-0.00585846703090553
-0.00578116076404889
-0.00556458767008557
-0.00533566817417984
-0.00499188769691294
-0.00477640946214272
-0.00464127478364581
-0.00427812960983033
-0.00413901148560726
-0.00404645974415146
-0.00392834200070539
-0.00398655937171270
-0.00394493712157029
-0.00384674661546413
-0.00365571499167906
-0.00339291236127224
-0.00318571395825355
-0.00277852759913564
-0.00234125710545115
-0.00216405939147366
-0.00189732830057965
-0.00161794435960206
-0.00141894045890542
-0.00122228055456767
-0.000938317840276035
-0.000642285821461499
-0.000625466170023827
-0.000290703406441146
0.000126171551833281
0.000273646765993121
0.000536522908832211
0.000677511178313921
0.000864760142485466
0.00117400515680316
0.00135645379940939
0.00153753037561572
0.00191985250822867
0.00233826919114861
0.00267554185286144
0.00289738067570639
0.00302822807718243
0.00309498920146311
0.00292171967788548
0.00284331618575379
0.00289777086411519
0.00289486619703851
0.00293720034589754
0.00299760467192655
0.00311825254853829
0.00316380359558963
0.00319286994843438
0.00320178129760947
0.00307514082802129
0.00303975989128716
0.00304252824139979
0.00291005752307925
0.00280290526857414
0.00285889230637906
0.00280362138424451
0.00255998476626161
0.00239416012219039
0.00214596779462880
0.00183542781385938
0.00175567250643951
0.00164000743571847
0.00142091594299259
0.00133487619201304
0.00119408385799304
0.000878988480181278
0.000661314408469167
0.000517858306264287
0.000252307125755351
-8.86889185704831e-05
-0.000431717162207832
-0.000804859707273806
-0.00115679474347630
-0.00138923910555349
-0.00160159928022324
-0.00181431175138215
-0.00209699853942467
-0.00240881672321258
-0.00259052502558383
-0.00269704719229175
-0.00277130337339209
-0.00286533449372683
-0.00302355044995778
-0.00315428445629323
-0.00329458150520210
-0.00336135622239915
-0.00352603067224273
-0.00372941494655784
-0.00372461965373567
-0.00395906749089953
-0.00413806947093484
-0.00423593204500591
-0.00435613643051610
-0.00421759953819269
-0.00412746104200458
-0.00414505146796472
-0.00412914331668219
-0.00405762341344769
-0.00399683967871525
-0.00388738146782117
-0.00373455403226885
-0.00361288734084397
-0.00345995135200027
-0.00329241271400392
-0.00314792911735808
-0.00294055906060123
-0.00262089145492723
-0.00232025037312155
-0.00217722167285530
-0.00194081845250480
-0.00165170826709897
-0.00152583734731166
-0.00116589130900621
-0.000804958274709691
-0.000664581081103393
-0.000369268313843634
-9.77940960606816e-05
7.09624372618123e-05
0.000458972352916760
0.000952752890972306
0.00138024219984430
0.00184321207148457
0.00232643033328827
0.00276222485236246
0.00332472934898988
0.00393195455646151
0.00448165497790228
0.00499662971235523
0.00551844029014603
0.00607552073774343
0.00650882838854329
0.00700759942020454
0.00755510605299605
0.00803648459443878
0.00849876381618060
0.00888244239137634
0.00921398038905636
0.00958682452454184
0.00993841161765261
0.0101202459521670
0.0103307656508235
0.0106551863485197
0.0108342906023978
0.0110443726893777
0.0111744810732245
0.0111474701731015
0.0112040316884105
0.0111335735029996
0.0108857078550011
0.0106946019951158
0.0105043650419645
0.0101132794665074
0.00976595207018249
0.00953538526792272
0.00921771912557091
0.00874895032754779
0.00825385026761097
0.00770519752389390
0.00712759871945281
0.00666317661653068
0.00621713104646759
0.00574023785867595
0.00518249277156947
0.00455099280825419
0.00397638278051218
0.00345877774825151
0.00285213846629347
0.00219664842233499
0.00152731983343315
0.000777630445846000
-9.72558320330563e-05
-0.000960079430380745
-0.00170434215195598
-0.00239473305904113
-0.00326410441568385
-0.00421149463409506
-0.00493111013676867
-0.00562148562249206
-0.00642790193728956
-0.00709026975364509
-0.00756198498742151
-0.00829263335479084
-0.00899938718564158
-0.00949592072210066
-0.0100595460724196
-0.0104595210071261
-0.0108114978811591
-0.0112451874631222
-0.0115592049934730
-0.0118219699538270
-0.0120109054368413
-0.0120843816795218
-0.0123506524450841
-0.0126312286295274
-0.0125887006533412
-0.0125894758509696
-0.0126498554381328
-0.0124795686254856
-0.0122610627952963
-0.0121102040683127
-0.0118510336181430
-0.0115289653702291
-0.0112039271953631
-0.0108935942482879
-0.0106681370191370
-0.0102875098858874
-0.00991944128004207
-0.00949807199614156
-0.00897094707460724
-0.00865160292266523
-0.00825093761155131
-0.00782896193993565
-0.00739492003665646
-0.00699940654020111
-0.00662297019287394
-0.00597624762372107
-0.00567375727478520
-0.00544049985966012
-0.00487185325538462
-0.00452755945443755
-0.00426997077904218
-0.00376204779549255
-0.00311467058765800
-0.00258293911534736
-0.00215254035372311
-0.00164101211194406
-0.00108026231524150
-0.000680231152174997
-0.000211062844144294
0.000424600703275928
0.000878404337226470
0.00128977542465464
0.00177917329153104
0.00214602353250655
0.00241943750101512
0.00276108333913356
0.00315687492928618
0.00339132413192317
0.00357257751851222
0.00381471188391600
0.00388348280467341
0.00400750303917079
0.00419349125286090
0.00416326596334059
0.00420974085725874
0.00426069794075815
0.00417494597678719
0.00416344138970949
0.00426838112078165
0.00432774160717514
0.00424740927510289
0.00418015789885459
0.00411405864223301
0.00407286020027875
0.00401571670855574
0.00377397431520883
0.00366924924662911
0.00371327997375445
0.00355054595561413
0.00331625526163222
0.00310984916283246
0.00310861625360261
0.00307144123117837
0.00297341077006635
0.00305155978731932
0.00306195814860246
0.00311698026230147
0.00305546236544160
0.00304086443792414
0.00326218872793675
0.00325065000135510
0.00326936886222228
0.00351574085864172
0.00349570333308691
0.00352280518187342
0.00364507695759102
0.00361708704539979
0.00371175861755319
0.00370077474565704
0.00362398212363502
0.00361709050618174
0.00358801719208401
0.00355517201993877
0.00353557118340149
0.00348407831622609
0.00339725058209893
0.00327470033152110
0.00318631939587817
0.00323399608695553
0.00316100809941332
0.00303045899104944
0.00283047423675299
0.00263640552254174
0.00265266486617549
0.00258120783051851
0.00246398539884041
0.00241346669196133
0.00238693572251975
0.00220418432265689
0.00196369683634686
0.00185487372370517
0.00168719367860746
0.00164721131266674
0.00152610374338707
0.00132163136695198
0.00132406926012976
0.00120148014863062
0.00111517299116912
0.00120557571594716
0.00107973890140343
0.000802416911925548
0.000642822310008739
0.000510887095980195
0.000456995895168149
0.000506357217128084
0.000454844909164791
0.000349220062023221
0.000313196888177956
0.000144526749351144
-0.000114390955513599
-0.000334064677372652
-0.000496580051650817
-0.000525983456764116
-0.000646949675069877
-0.000774557928029314
-0.000863676180396578
-0.000892071254686453
-0.000971958357710871
-0.00114795105238638
-0.00117551261452029
-0.00122520589583885
-0.00125339030074400
-0.00136122804645424
-0.00145004538657872
-0.00151716149812593
-0.00181786705643283
-0.00176827110151358
-0.00181667785608738
-0.00211242004263028
-0.00206653195849142
-0.00218161081139399
-0.00228605080744984
-0.00215636122599705
-0.00238749359939973
-0.00274688657727609
-0.00263068264167174
-0.00273714296168876
-0.00287303787229632
-0.00290270927804627
-0.00310278191181965
-0.00295862239702103
-0.00310414526830087
-0.00333034133246613
-0.00336178443296021
-0.00352654965423227
-0.00355857695862596
-0.00357294802422715
-0.00360443496520063
-0.00369360481673453
-0.00378455058825068
-0.00375396116000900
-0.00382177012223863
-0.00393934676369625
-0.00394864785166192
-0.00407457531654615
-0.00424602278351600
-0.00432815628384844
-0.00449201827853813
-0.00472471036918691
-0.00487748163569833
-0.00492565085435047
-0.00494966050123026
-0.00503997900227134
-0.00513861019560757
-0.00520063949140571
-0.00526504984395452
-0.00520986489822249
-0.00513646459017387
-0.00515122245261566
-0.00505424959853926
-0.00503629638864474
-0.00513134758937241
-0.00511035908877744
-0.00512950658877870
-0.00499108572157596
-0.00484715854009650
-0.00475362991047248
-0.00454200493939638
-0.00438280419051310
-0.00416408728435925
-0.00390798495034232
-0.00367927964997023
-0.00322054108587537
-0.00274859281262820
-0.00253751952403206
-0.00205543745503832
-0.00148846407784788
-0.00110855268417197
-0.000552967544468288
4.52329358995485e-05
0.000540165475530898
0.00102606187758852
0.00163840422795261
0.00234505454194277
0.00298350397643446
0.00365414012041526
0.00421870381517010
0.00488568191286959
0.00577579677617848
0.00641803740298201
0.00700347033320440
0.00768154916925369
0.00827015256452114
0.00883090776390077
0.00940624600047272
0.00994109395411670
0.0103966974577622
0.0107996956075476
0.0112590619568164
0.0116277260787706
0.0118844265543510
0.0122261165507257
0.0125828326281703
0.0128793959694428
0.0131098116213946
0.0132839369300461
0.0134016990326256
0.0133831585410178
0.0134080920135773
0.0136144974413241
0.0137251403617506
0.0136652461702340
0.0135718755215385
0.0134086334104825
0.0132844355315820
0.0130788584370760
0.0127166200419163
0.0125006706938552
0.0121898285740457
0.0118740429426327
0.0114848153959559
0.0108963924663942
0.0104247659934799
0.00997498369926973
0.00938503271119544
0.00869941087921688
0.00813200504365000
0.00755410093855289
0.00689028183908818
0.00626887170892559
0.00559388032960868
0.00482027756410929
0.00421098575460718
0.00364105597085697
0.00281553569312180
0.00205926521726063
0.00133831130843397
0.000509124310267808
-0.000201027156693172
-0.000962109330638867
-0.00174671915020937
-0.00244262880204644
-0.00323805580859300
-0.00401224267639748
-0.00465502626955100
-0.00534382174866835
-0.00600773839101123
-0.00663052179832221
-0.00715799604673748
-0.00760685735417098
-0.00820720853824696
-0.00876723983316595
-0.00929428478506623
-0.00993773975897739
-0.0105890387416315
-0.0112294966342142
-0.0117732672728289
-0.0121345207252273
-0.0125906530490738
-0.0130439597347981
-0.0133398178109371
-0.0137816883190760
-0.0140933388173016
-0.0141332078575533
-0.0143946341336857
-0.0146407379505922
-0.0145677172425280
-0.0146004916091147
-0.0146374659927631
-0.0143234489901749
-0.0141838916617326
-0.0141678854485815
-0.0139323567177451
-0.0137574869164121
-0.0135278517698418
-0.0131583522127301
-0.0128574639017018
-0.0126115341432842
-0.0122160133171371
-0.0117724440439008
-0.0113495419431399
-0.0108106403532827
-0.0102312796309764
-0.00973568088782031
-0.00920551173981607
-0.00859121636926830
-0.00796986465251052
-0.00730639829304209
-0.00660474332578474
-0.00585862268001279
-0.00510591752285336
-0.00459132302613057
-0.00421550166629459
-0.00380877050704441
-0.00342099955014305
-0.00297417317463555
-0.00271898764503817
-0.00229651082140833
-0.00163242832561252
-0.000984382476058272
-0.000112962358826394
0.000640066935126811
0.00136431330873904
0.00202707567652197
0.00241357162385697
0.00288530590169046
0.00336996743729401
0.00379469671462573
0.00430275128599419
0.00475402095271903
0.00523082389038549
0.00569690177710470
0.00596031930654213
0.00622247972671701
0.00652989220468072
0.00675289150615200
0.00680951519553993
0.00685115306319034
0.00707502743493066
0.00716747117983672
0.00718661794540466
0.00738535811629902
0.00753461074702713
0.00757194380218650
0.00764676690484777
0.00755576262659787
0.00726109399057009
0.00717439297040471
0.00706022985762417
0.00665306011455044
0.00624296344544291
0.00595271067552886
0.00567346137692255
0.00543409719687872
0.00526904270412786
0.00496796308307154
0.00468511807962273
0.00456261174207242
0.00438440285997984
0.00402227118850789
0.00381781378132075
0.00366471439366507
0.00350444792146590
0.00359068492355590
0.00372578060073124
0.00394038588903101
0.00403535813370297
0.00417123308913489
0.00409096905767740
0.00371170649000504
0.00351532084401583
0.00328599932834294
0.00312473892989601
0.00306994348810690
0.00287006623338556
0.00268783142970364
0.00246732278809418
0.00226099984663790
0.00221365273811813
0.00217172834945671
0.00199384735447694
0.00176719047427639
0.00171986629229878
0.00153006345503940
0.00134364054087854
0.00141829738864914
0.00137776425021883
0.00122814914391626
0.00119872303267073
0.00102001959704836
0.000851826421467479
0.000715501707014283
0.000345940691963449
-1.67670154013422e-06
-0.000360202521182060
-0.000620807510337187
-0.000678392554711849
-0.000558414060480317
-0.000240850867701425
4.80566686496786e-05
-5.62685440098676e-05
-0.000370081319235567
-0.000518167785312045
-0.000704848231460105
-0.000876922162422460
-0.000932895948812700
-0.000982474488239618
-0.000932725034438278
-0.00110683212885835
-0.00135931434022512
-0.00141573786964568
-0.00149885335651788
-0.00151875342180769
-0.00161491126351951
-0.00171921235926392
-0.00173588011916770
-0.00177907810586778
-0.00189806282167218
-0.00216327236994864
-0.00234276081766019
-0.00244687961361365
-0.00259170542949590
-0.00263572159760002
-0.00277257919640562
-0.00283960528524368
-0.00279776734262477
-0.00272522948138906
-0.00260643265159217
-0.00247742995383362
-0.00226258444461521
-0.00211400540114980
-0.00207708154343166
-0.00205264141041610
-0.00191491311621547
-0.00191587600851378
-0.00191001978185426
-0.00189725934242432
-0.00193099810283456
-0.00183492441454618
-0.00183203011450402
-0.00193430414264327
-0.00208147634408206
-0.00212851610719298
-0.00207883471743941
-0.00213068312135107
-0.00203899584503162
-0.00188223473192046
-0.00188665221961173
-0.00174287179068294
-0.00159595571106919
-0.00181444269930182
-0.00213562027386693
-0.00225735656916619
-0.00240247174436846
-0.00243799951115641
-0.00240854300577936
-0.00236350490626535
-0.00218816495760024
-0.00207475789957538
-0.00205205204125086
-0.00199386658671468
-0.00189797101530578
-0.00189826027858863
-0.00170320225393521
-0.00141718388835772
-0.00125157891129430
-0.00116460179284246
-0.00108341183497181
-0.000942913300549506
-0.000769440283148342
-0.000670271100960065
-0.000517885246297212
-0.000286562676807449
-0.000144862754519863
0.000124865513665497
0.000366690911356500
0.000552573760850237
0.000713042010005864
0.000735941491924024
0.000927231230713801
0.00106825823695274
0.00109366329175828
0.00122451416253909
0.00136291275551642
0.00147961254165182
0.00151502284146147
0.00170200756007745
0.00177414545391144
0.00186058055173902
0.00208174231413494
0.00217845567124670
0.00248084424485029
0.00277709933279652
0.00300050736325147
0.00319377801229706
0.00323498869796026
0.00334007965393624
0.00339941944329382
0.00344963960795781
0.00352495734175022
0.00348064523980298
0.00370500693825079
0.00391442530035391
0.00380924292055937
0.00380437864157472
0.00393476078684415
0.00404136465182347
0.00416756131631786
0.00428632439860905
0.00430178930733035
0.00436659065450755
0.00414798091845626
0.00399792647275945
0.00406058923154433
0.00376934120689782
0.00357443316558516
0.00341090683483515
0.00318528887282099
0.00297062260279205
0.00281960564240165
0.00261692140408201
0.00242383175238615
0.00230300584871031
0.00198144541592512
0.00177131568014261
0.00162368865194296
0.00154222319403885
0.00133447646758299
0.00103808826152701
0.000807972738364953
0.000429140609838612
0.000133515327123348
-1.83507561099105e-05
-0.000176302275317966
-0.000390737426516097
-0.000536032598144516
-0.000614059311228559
-0.000779316339155827
-0.000999755132738471
-0.00118548942570779
-0.00137270938560100
-0.00159362290250415
-0.00176585825476893
-0.00183141061739725
-0.00189310330590303
-0.00208339291147709
-0.00220104060236523
-0.00217229351550763
-0.00227625012771142
-0.00242497300669889
-0.00240799080878844
-0.00234000078638161
-0.00233781995473990
-0.00245722777113485
-0.00254090129936273
-0.00247145058981900
-0.00248062817410784
-0.00256551167791187
-0.00259569251804294
-0.00263563692970180
-0.00267197000434820
-0.00266340562828134
-0.00272378495928777
-0.00275795591884702
-0.00270016963027842
-0.00269664854288095
-0.00271731785840018
-0.00269302789394260
-0.00264263115860715
-0.00265284498309583
-0.00266493953763685
-0.00266685100874867
-0.00278084005216883
-0.00283422257432520
-0.00271899929939352
-0.00283849673693268
-0.00295146438346606
-0.00292194815169196
-0.00307218123029756
-0.00307792529152266
-0.00306164562460168
-0.00307973139670594
-0.00309054841972213
-0.00319040899300362
-0.00326670180606641
-0.00334049726520774
-0.00325897402874347
-0.00328149236124318
-0.00350834505640023
-0.00347176296353524
-0.00335637880641187
-0.00342745079877602
-0.00339053438423811
-0.00327788858770894
-0.00321266396796190
-0.00302427782207772
-0.00286455141079422
-0.00273486844735558
-0.00250438508476385
-0.00222035719138164
-0.00197626317098059
-0.00164099723612631
-0.00131492551715784
-0.00119266280801533
-0.000850488862316254
-0.000414031656525111
-0.000106708869129122
0.000262438566007006
0.000658827821494867
0.000969708499901856
0.00133246315719674
0.00173382352940720
0.00205246574296908
0.00255335151725163
0.00304235629314690
0.00344759184544358
0.00387115643661616
0.00410664853666276
0.00445369892184999
0.00485614315246863
0.00517390342652078
0.00542051898335558
0.00559854051848959
0.00589584001911987
0.00605422813396274
0.00621296544110521
0.00644826897262504
0.00647628629568970
0.00653744487073482
0.00656190092918422
0.00656179660606057
0.00675228021625259
0.00683771891036486
0.00679335123874211
0.00680272753345690
0.00684396758376067
0.00687159436811527
0.00679483072127113
0.00670783182942358
0.00654899264748082
0.00641244572287008
0.00632598637226977
0.00597671850378333
0.00579859819565968
0.00571099885828630
0.00538825846715469
0.00512808985496491
0.00482463913185740
0.00441076888135925
0.00414824188846509
0.00391677438131680
0.00356786638955327
0.00323068317447706
0.00281505125641147
0.00239088122686326
0.00209850996273225
0.00179565789043792
0.00146987298539592
0.00112145952666415
0.000653636692560546
0.000276303605244763
-3.40638898578050e-05
-0.000484175035547665
-0.000900075996703436
-0.00116978725599651
-0.00148306541336154
-0.00181663767833498
-0.00206408254043140
-0.00232704035558612
-0.00256476854496412
-0.00283682519317580
-0.00303735943835534
-0.00308822699010960
-0.00318653434648354
-0.00324473626285680
-0.00328223151926437
-0.00333797321996684
-0.00340813224764929
-0.00354691900141233
-0.00362591293009473
-0.00369646908323830
-0.00376586184930261
-0.00379913343845772
-0.00397277665351339
-0.00410995273351830
-0.00408417991522811
-0.00418795079152801
-0.00432785355037311
-0.00431862675079572
-0.00430268229518902
-0.00442616807434035
-0.00447417702012160
-0.00436468012323644
-0.00448264619600650
-0.00457292719274506
-0.00449327389256553
-0.00456170822635102
-0.00460156174033443
-0.00454315224491609
-0.00455836354820519
-0.00473414696253599
-0.00485432418996822
-0.00483119227732175
-0.00491098071762792
-0.00498901482415761
-0.00502175883356870
-0.00504184441300083
-0.00498281066939455
-0.00500567579755852
-0.00492404123260030
-0.00470998269204642
-0.00472984853031733
-0.00470289762049390
-0.00451783148368577
-0.00436541998617258
-0.00407674905507406
-0.00394403526014912
-0.00401106151381157
-0.00379961675451341
-0.00359002217600221
-0.00357775932418065
-0.00330160742919418
-0.00305134649335798
-0.00299188702026697
-0.00273482737268694
-0.00257065554653138
-0.00238940385940964
-0.00202758861724078
-0.00175651741670151
-0.00150517714760042
-0.00129018689620779
-0.00107198820476526
-0.000676841743145644
-0.000322547230252042
0.000134705742532333
0.000696666204625274
0.000978125275356945
0.00140211262099768
0.00187017741481327
0.00222168559419856
0.00256600012678348
0.00287674539753212
0.00329128058390239
0.00355369070013538
0.00387004652191607
0.00431115874523655
0.00459401195068438
0.00485535640704271
0.00508257027359278
0.00531417246531895
0.00555431910857337
0.00567962698426683
0.00591557037885934
0.00611014978597897
0.00610763083841430
0.00618229055016304
0.00629939575972784
0.00628784339582499
0.00623746527001567
0.00625212241487690
0.00620686400616846
0.00603852132843606
0.00580735817397116
0.00556528963432365
0.00529699436438559
0.00495750507426475
0.00473931957757564
0.00452528204891497
0.00424704343217456
0.00409772760099290
0.00384784008979004
0.00355870711017602
0.00326901370572074
0.00307391929668825
0.00286561055308191
0.00246067703185780
0.00224307015863133
0.00201391089375406
0.00173710466792059
0.00157807984761334
0.00131959517284130
0.00107484860141085
0.000805265996264950
0.000533295417617126
0.000213549546535319
-0.000237013608416419
-0.000435709011123606
-0.000762488110022162
-0.00138998772536496
-0.00165601892674147
-0.00195497685591022
-0.00248859944855155
-0.00287335869842394
-0.00317768163738151
-0.00350246902906690
-0.00383926581720630
-0.00402305610906240
-0.00435667678019513
-0.00470151486184079
-0.00493764765201490
-0.00530202821766608
-0.00544647913746616
-0.00565467412847795
-0.00613512521934865
-0.00622604108870661
-0.00630814330089464
-0.00664850731734475
-0.00663835189942404
-0.00665837332976054
-0.00686792049480943
-0.00685993250257639
-0.00684006413848067
-0.00687756879930902
-0.00660997892281245
-0.00636060242100740
-0.00631385837976325
-0.00615414415203645
-0.00606698079293864
-0.00597038153790805
-0.00572999097295337
-0.00560179072798235
-0.00553109644130899
-0.00542417295586148
-0.00536709822854192
-0.00519105357224134
-0.00492790716542515
-0.00480783413945318
-0.00472402272176538
-0.00459793326256957
-0.00445974984923709
-0.00425997883252478
-0.00413495240405311
-0.00403400835597054
-0.00388482403516136
-0.00388740048504559
-0.00372661323007918
-0.00342035750821850
-0.00322202621382260
-0.00287939916412164
-0.00245064062904945
-0.00203159712003313
-0.00157608714069369
-0.00117097785539642
-0.000723999608081130
-0.000335012493954707
1.79673604336017e-05
0.000479209795025213
0.000831675230878943
0.00128162213572438
0.00178527431154492
0.00221458354239076
0.00261848658087871
0.00300138892120572
0.00344799365823292
0.00369603624248043
0.00403041312521452
0.00448952308524611
0.00481261165172100
0.00525054844353292
0.00558791574848783
0.00581649465738849
0.00617648483191601
0.00636723935648547
0.00644678164217737
0.00657998266345089
0.00656912895038886
0.00645342729870890
0.00648544238309455
0.00646374036203383
0.00645848190777429
0.00649659195678225
0.00643914437727062
0.00649476320953340
0.00638555457234702
0.00637427579497739
0.00650581557944747
0.00644199599243507
0.00639337605857918
0.00638252244725209
0.00632736093455719
0.00613713458209304
0.00609130189187340
0.00592682218006075
0.00561759758923472
0.00560188894502176
0.00547916985790721
0.00542033141781076
0.00534018409427176
0.00513251677113999
0.00499834297815823
0.00495268435285766
0.00498387488999697
0.00481159546694812
0.00457506551871234
0.00431426813298174
0.00401386923560210
0.00385777103375801
0.00363475670899732
0.00332158553856800
0.00316080806736409
0.00289678804908306
0.00260610527315748
0.00252577376162094
0.00235113386576074
0.00214277202058327
0.00209720949559426
0.00198767917652106
0.00183316864950257
0.00175488559899065
0.00162474319955834
0.00146023508809265
0.00127127450222588
0.00108314752330386
0.000942174830782960
0.000736105689373403
0.000604466170311184
0.000482282667448999
0.000306515665504890
0.000260797216284914
9.98167330521937e-05
-3.86545607582889e-05
-9.49115620164776e-05
-0.000315817060378265
-0.000358413006462968
-0.000373956143026533
-0.000599834985839891
-0.000773008976542258
-0.000959858273906775
-0.00118033516349527
-0.00136556144628230
-0.00150119775371593
-0.00172994201395525
-0.00206937931013442
-0.00234636109783253
-0.00258039646249969
-0.00288822522902805
-0.00315855965422863
-0.00337306208407334
-0.00358765752743917
-0.00372923677815294
-0.00397454026507791
-0.00421184371531835
-0.00443991488086120
-0.00473596385494069
-0.00495691859514416
-0.00516176414136034
-0.00542191879393485
-0.00557691753446200
-0.00569074073657241
-0.00586160307423789
-0.00600578231892627
-0.00611752154953422
-0.00603935752307727
-0.00596372251782526
-0.00609009366283146
-0.00610290808209044
-0.00600035208107457
-0.00597804761371435
-0.00585733998041931
-0.00575039998840453
-0.00570673150900248
-0.00552622353411039
-0.00532749539570524
-0.00516303429226049
-0.00505153508607620
-0.00485193353490409
-0.00462735199175256
-0.00439604718334181
-0.00401584487519507
-0.00375332472032365
-0.00341213343305590
-0.00309459103858812
-0.00277743810767552
-0.00235463461071452
-0.00206136627492407
-0.00163053181917327
-0.00122853665499491
-0.000813335028123987
-0.000425425103705095
-0.000156412084323279
0.000346902100197042
0.000771605035551062
0.00111525407614593
0.00141439766321469
0.00177606242892026
0.00232883723759429
0.00262359463267813
0.00296931714687020
0.00337040747386823
0.00364566525731988
0.00394647772776921
0.00416425264947804
0.00445282377687420
0.00472373924886995
0.00480254749664255
0.00497043074220727
0.00513764091653883
0.00521766176490047
0.00531702666937264
0.00536928175802814
0.00535303234987453
0.00528592980668037
0.00532230078822209
0.00526018853930680
0.00509144979426225
0.00503268788235573
0.00488311190549211
0.00472846519020465
0.00460925216000732
0.00446211063768999
0.00427613368896033
0.00415137597048840
0.00402030172118373
0.00382737358246430
0.00375531419370020
0.00356927994269029
0.00343192240569039
0.00335168003838447
0.00316006934453441
0.00300428031621607
0.00291383724221078
0.00272077271423285
0.00264728772720900
0.00260510960291384
0.00222072623365364
0.00211273593208787
0.00197830640082856
0.00170605472158613
0.00173041488764639
0.00153862360385773
0.00126408938038509
0.00113294783836487
0.000899041971305508
0.000592744788099822
0.000464558113510094
0.000227068097604395
-0.000119368171593006
-0.000302589115864080
-0.000500530922820577
-0.000823760457766305
-0.00107713860793705
-0.00127938302025083
-0.00160571946890940
-0.00173281546425414
-0.00203737911111602
-0.00243994416377447
-0.00250945231272837
-0.00271316317607031
-0.00290426677963850
-0.00296677850543460
-0.00316169710174378
-0.00324515878608395
-0.00328543889632343
-0.00337972787394577
-0.00341971700083548
-0.00346497769604156
-0.00349278692064530
-0.00351111517831583
-0.00348448423329927
-0.00350557317147093
-0.00353161941980744
-0.00349396955469700
-0.00350748244742306
-0.00346967451293864
-0.00346861899610474
-0.00347021866223514
-0.00338606561819063
-0.00344713714767494
-0.00342529215395132
-0.00330373161739857
-0.00327069996746843
-0.00324601114009084
-0.00324232324806275
-0.00320466381507970
-0.00321486576851413
-0.00318978534804216
-0.00316634654277493
-0.00305252308084505
-0.00292793509385973
-0.00283829506065359
-0.00266862594096381
-0.00265899966679143
-0.00250278842953094
-0.00228197565504360
-0.00217745072575298
-0.00193706732559008
-0.00179281356358700
-0.00166261927257722
-0.00137422105935968
-0.00123259481960531
-0.000961138336357408
-0.000629632222362346
-0.000384001671176719
-2.34827933344661e-05
0.000306187099109962
0.000638969112640524
0.000917362822450514
0.00129061744998026
0.00164751627295416
0.00187094308170074
0.00220887174814678
0.00247542607796859
0.00279237664338609
0.00319361066258402
0.00341895880189867
0.00356530334003963
0.00371215563847514
0.00393678023496705
0.00413533329039339
0.00423029477546855
0.00433065270562402
0.00439437930277322
0.00448006412292138
0.00449616123495559
0.00440933905864107
0.00435890947967280
0.00430412925647211
0.00420392708767821
0.00412872705158826
0.00402767222315738
0.00382139974176887
0.00369625589692426
0.00365426261937685
0.00346895606152174
0.00327165985887937
0.00314733797194180
0.00297497342801236
0.00279684302174061
0.00266354570928897
0.00259617902648088
0.00242097950403561
0.00222534384860325
0.00215842946405090
0.00197050806519258
0.00179437810169588
0.00169757489649129
0.00160780691721271
0.00156591103377878
0.00142677179428802
0.00133396004785965
0.00124464254061394
0.00109989975335964
0.00105778261752789
0.000961430036808508
0.000869710542468454
0.000858958836340946
0.000756200851220115
0.000630845132085369
0.000561281698457208
0.000471762462142920
0.000373591019549622
0.000303437044900647
0.000142156105006848
1.78686241446258e-05
-2.66479995843838e-05
-0.000112721041460304
-0.000259430491859121
-0.000423704583573681
-0.000481943803563922
-0.000624315848772312
-0.000836097336832609
-0.000902415859734447
-0.000960537485742066
-0.00110194095099416
-0.00124970979350906
-0.00136760259454320
-0.00156474137857913
-0.00174867315607912
-0.00180964803923075
-0.00200356257216072
-0.00213195354148070
-0.00234531702956019
-0.00257062686717291
-0.00253175362507932
-0.00267458156937494
-0.00281117708020645
-0.00293415013482047
-0.00312854241950959
-0.00323286044618726
-0.00341473322551792
-0.00349492568961807
-0.00355541240076661
-0.00364479721723683
-0.00366827480491509
-0.00376909294016798
-0.00383460065253701
-0.00393985510328321
-0.00403299039311492
-0.00408753903183083
-0.00421009275571123
-0.00423513133490928
-0.00436262157769875
-0.00452876919794107
-0.00450440611038516
-0.00454922377673029
-0.00459641647411786
-0.00463912946821552
-0.00474851809306188
-0.00480878839336697
-0.00487402703340649
-0.00488236352898355
-0.00485317798212122
-0.00494260377762885
-0.00489092960735661
-0.00480386817179465
-0.00486980363024713
-0.00478067080390531
-0.00468364273603299
-0.00469097251211451
-0.00464937360637975
-0.00457167135755753
-0.00445305982058130
-0.00433179740744834
-0.00416131183108917
-0.00398026887749268
-0.00388576247492892
-0.00376814955800057
-0.00360266621696837
-0.00349983479173204
-0.00341015028185154
-0.00315623501819516
-0.00295731683605425
-0.00275330556140375
-0.00239576261024013
-0.00222646141383279
-0.00207929426733301
-0.00178852250936586
-0.00156453153945336
-0.00129147132757851
-0.000942986616014139
-0.000743879121498310
-0.000477826189614348
-0.000165046420624719
4.85312578533126e-05
0.000350214058021834
0.000701057342880915
0.000987655245509842
0.00114969863160070
0.00141461307931195
0.00168146303443933
0.00189181829584186
0.00222666152929499
0.00246601304721331
0.00272547367399948
0.00306102105589613
0.00317264151523641
0.00336996670635511
0.00364299097526569
0.00370469707758801
0.00384626429964953
0.00403100300702292
0.00415552877144705
0.00425601328639658
0.00432907145457918
0.00447971952631846
0.00463099632259500
0.00465694196563803
0.00465629714897148
0.00475241443510669
0.00477543476712441
0.00465660278906142
0.00471088963435705
0.00472806033444613
0.00451445667869365
0.00450845621847463
0.00453820298461750
0.00432600229240848
0.00423185781729416
0.00420941561227494
0.00397392702532329
0.00374445431774660
0.00371818084561369
0.00357734342264337
0.00331154266300558
0.00315151006239830
0.00299053161732843
0.00279973014406380
0.00258354554175327
0.00241638228083502
0.00222948340925655
0.00187101856844038
0.00161237125569414
0.00147391308185661
0.00120279756814341
0.000976025103647658
0.000841874974361758
0.000646479630303247
0.000363460994304319
6.45270340177717e-05
-0.000161742812006480
-0.000343700168625105
-0.000451355182705413
-0.000660864262092389
-0.000813569019416889
-0.000866404436325183
-0.00110525074611303
-0.00124462340424287
-0.00137646796139535
-0.00152042542235449
-0.00148386448253035
-0.00159032712880332
-0.00169575551165508
-0.00173288168712276
-0.00178383567923049
-0.00175352175649095
-0.00174846650571425
-0.00158472279290237
-0.00155809147344570
-0.00161865190935885
-0.00152906675166321
-0.00146619725533895
-0.00134007314738398
-0.00124249803589578
-0.00111846942217369
-0.00101744333678681
-0.000935802923635549
-0.000754037552345892
-0.000635544286425898
-0.000588783856768771
-0.000420126647678103
-0.000281096250685096
-0.000224971732208701
-6.68230585964125e-05
1.62583340929245e-05
9.56480926785730e-05
0.000284513864658891
0.000326164290091526
0.000413067752825498
0.000619918648438897
0.000653123582845865
0.000678551106964847
0.000787725258326191
0.000873953555961293
0.00100796026595845
0.00113992194575502
0.00111558948447822
0.00112808968593441
0.00123438039990305
0.00124611427972582
0.00118531190568234
0.00125201346604285
0.00132327656873201
0.00121325149127017
0.00128979151567023
0.00140305870098700
0.00126727140330559
0.00129110613340885
0.00139343797628698
0.00129006678236948
0.00122524434547131
0.00127576142227326
0.00125174454993811
0.00116195090783776
0.00119738359535376
0.00117821484580730
0.00101250913983563
0.00105742725857937
0.00110569822928909
0.000971611680222964
0.00106921073823344
0.00120715945619651
0.00109683730678455
0.00104007935435504
0.00106267766094447
0.00100987010401923
0.00105918828692751
0.00102865741390190
0.000925902715273992
0.000855747154434994
0.000817570899360476
0.000870769382628112
0.000788288734907212
0.000726755164351118
0.000584652271834045
0.000517910348220312
0.000601869945815281
0.000471184482536273
0.000433728094695880
0.000429224615814974
0.000320002051437882
0.000270600781681480
0.000174942926285553
0.000183242840221283
0.000130200392276549
-2.99738773293257e-06
-9.95950518785094e-06
-8.85869080340740e-05
-0.000261782145044265
-0.000334898534165973
-0.000266486364247953
-0.000465818958906539
-0.000523675062705991
-0.000428577415916038
-0.000680187186863748
-0.000734695490205581
-0.000744783599647008
-0.000913793980275557
-0.00101838346466366
-0.00108900354121033
-0.00115361683725425
-0.00125347028129724
-0.00125112948792832
-0.00131179200366475
-0.00141289542748439
-0.00143826903007763
-0.00162655441461055
-0.00175148797760230
-0.00173579305026479
-0.00182408295609108
-0.00184882498452964
-0.00184603380922411
-0.00196551840086080
-0.00204430007845801
-0.00203601492177071
-0.00205028800483419
-0.00212157831063827
-0.00212819187660877
-0.00209205563473681
-0.00201587024606042
-0.00192577784158168
-0.00193106958864995
-0.00190711262276594
-0.00174453528983193
-0.00149529241221444
-0.00136113815243050
-0.00129024174114363
-0.00104440620935051
-0.000930193414010603
-0.000799293282069158
-0.000379496011724854
-0.000234685574673961
-0.000130307759342401
0.000234774912413229
0.000442050917243506
0.000661736369720529
0.000849069318359597
0.00101645457151946
0.00133207150825712
0.00150004313981910
0.00172209622518139
0.00183049738699708
0.00194146924776831
0.00218051277215039
0.00225814191494919
0.00242315242416382
0.00252977362109533
0.00252742074345775
0.00260895086732404
0.00264252525520902
0.00261447449401089
0.00258421354098601
0.00252739107384656
0.00254486624890987
0.00240999475775126
0.00222666292711011
0.00219061259365347
0.00207114498587586
0.00184451688468428
0.00161755739006537
0.00143186084567759
0.00119594833081450
0.000973112740885398
0.000807906188074554
0.000543982135471168
0.000203206109574694
-2.73449225261402e-06
-0.000191807812873606
-0.000518314059334912
-0.000768183033796461
-0.000885305707021331
-0.00107930717315647
-0.00134707535259565
-0.00153117562031284
-0.00167317112645335
-0.00182261284972725
-0.00203380307452584
-0.00216287915953757
-0.00220085846666983
-0.00237112415181258
-0.00254910956469715
-0.00257734882239848
-0.00261614677170353
-0.00268906482921100
-0.00276966491288860
-0.00291975101218274
-0.00289080797491941
-0.00281602253073274
-0.00287322342691876
-0.00285855377878683
-0.00279147314116855
-0.00278970314013655
-0.00272930921643855
-0.00267314841367327
-0.00267975430765532
-0.00258914800762561
-0.00248785233778825
-0.00245955400699025
-0.00239072015024092
-0.00233957695072391
-0.00239518640220481
-0.00235135385924586
-0.00224928822795455
-0.00224406680201234
-0.00223837201337489
-0.00219930897200427
-0.00216227208959893
-0.00212522528699864
-0.00204590452934298
-0.00197417289133583
-0.00188335515014131
-0.00178384898179147
-0.00173569246880220
-0.00167753728396420
-0.00162369798850008
-0.00143198590395912
-0.00128549574677493
-0.00126527908757197
-0.00106219111878545
-0.000893592887379384
-0.000846405763217888
-0.000609381304369379
-0.000376017929077932
-0.000250020801196342
-5.66817376321183e-05
0.000223320590123990
0.000590189202146689
0.000748046753626852
0.000903097564223856
0.00127161379217426
0.00147688557205754
0.00177380911167660
0.00210533466122740
0.00232128809316748
0.00270787538242416
0.00296898926049778
0.00328789142773189
0.00371657381392652
0.00392443507314738
0.00419626597058254
0.00452687644073933
0.00475545022334814
0.00501953557665729
0.00530783717191412
0.00551556644925427
0.00564688283238809
0.00592416257426237
0.00630250650063942
0.00644726090198788
0.00656687979309993
0.00678922632715967
0.00682816824188478
0.00685031005742076
0.00698599872442117
0.00708362047522599
0.00709191213318718
0.00705502737840845
0.00706733405874843
0.00702766662147894
0.00681360662268162
0.00662262390338015
0.00648254170841824
0.00634039123884293
0.00609917299461699
0.00579039065383711
0.00551802771515867
0.00518809170485525
0.00490211204287789
0.00464960466668430
0.00436344453033996
0.00387677961375772
0.00350257477861561
0.00320834609342967
0.00267043981477002
0.00226791168408241
0.00196927736079573
0.00149434376198244
0.00103140204070627
0.000586514378029506
0.000130246476643521
-0.000294279948594607
-0.000742557332617686
-0.00114482409889654
-0.00158238370830308
-0.00200322425771063
-0.00240877029479989
-0.00281905553144426
-0.00319871621165944
-0.00352592308674176
-0.00382949540102757
-0.00418370300010594
-0.00454599435356556
-0.00486675048678990
-0.00508744272041838
-0.00537028805423972
-0.00559756640617025
-0.00580086536375461
-0.00613259252072481
-0.00627735952652756
-0.00640643052864704
-0.00666881024679441
-0.00675038847491578
-0.00674968023613730
-0.00685703518762182
-0.00690598078982873
-0.00696520126124995
-0.00697084072105440
-0.00688408169100512
-0.00686883766546202
-0.00683342973491222
-0.00678428742487995
-0.00666150172516438
-0.00659297127920127
-0.00641575675687648
-0.00605925281269720
-0.00586360708592565
-0.00567041001214136
-0.00535520272524764
-0.00512053914989110
-0.00494458668330310
-0.00451336205574819
-0.00414299016627808
-0.00396210600399741
-0.00364839568780667
-0.00335806268228453
-0.00309510844146104
-0.00268189960775118
-0.00229153016245249
-0.00204375443701508
-0.00170442138224558
-0.00137548530294794
-0.00109832909295363
-0.000650419518072454
-0.000192365246793997
0.000249240585186215
0.000667115280100745
0.00101464194308790
0.00131955839576307
0.00163805425026311
0.00199814648201908
0.00231361263158561
0.00270126422944486
0.00297794743317240
0.00309397233349998
0.00342165128386824
0.00370141023863695
0.00375359446203348
0.00405092704622007
0.00452673100574884
0.00466292229191765
0.00478337446852237
0.00507599898231035
0.00525248542224460
0.00542425333442999
0.00551778398588823
0.00562159566292330
0.00570256197053482
0.00564796834244753
0.00569355715393712
0.00575662885805208
0.00569405682228165
0.00565628609497381
0.00568352276191433
0.00556434893730497
0.00547642894186481
0.00552951672190019
0.00539002354020724
0.00517660327291480
0.00498023752615666
0.00474124928226104
0.00458182584510823
0.00437439557808432
0.00414137704629994
0.00400737816651727
0.00383813316383410
0.00358346253440175
0.00347241881299738
0.00336628345430569
0.00312130663170080
0.00299654853559417
0.00275620610020837
0.00244859381603305
0.00212468366137330
0.00175117520966694
0.00146159986625349
0.00121961692052594
0.00108199063350014
0.000735944361925931
0.000395826509008543
9.43566132582419e-05
-0.000208976402413441
-0.000457928577625353
-0.000906385376304684
-0.00110389957716734
-0.00122528443973806
-0.00155157837974912
-0.00181002922563948
-0.00214530846420587
-0.00246699550747906
-0.00263050056463840
-0.00290711656468829
-0.00327734178548496
-0.00358210419017098
-0.00391284479003957
-0.00426709428995707
-0.00451270842207634
-0.00465784934960823
-0.00479976440558858
-0.00491738731611804
-0.00505616733344482
-0.00514279380981805
-0.00524888895081403
-0.00542608230664200
-0.00550601822369913
-0.00553898923060388
-0.00562988605852183
-0.00578365843793677
-0.00585879342300473
-0.00589980460488619
-0.00590995084888164
-0.00578438416617587
-0.00569912385516091
-0.00571004211322588
-0.00554630489951933
-0.00536220663675749
-0.00522339777971524
-0.00507665775176747
-0.00502755070670105
-0.00491526164165748
-0.00480061555533212
-0.00477780591746182
-0.00475531962572745
-0.00463393150962702
-0.00442094247938030
-0.00423114168779875
-0.00406547556781334
-0.00386323125108390
-0.00358474052994552
-0.00340502072574623
-0.00325543464206532
-0.00288661526817862
-0.00249962799704576
-0.00220190195208204
-0.00201163732242151
-0.00175155196865148
-0.00148832432221752
-0.00139488987896868
-0.00123781994258650
-0.000968571079295089
-0.000747120497253491
-0.000696555064662334
-0.000528645641857679
-0.000296681770915370
-0.000115487270838344
0.000172796790256484
0.000343302416036977
0.000424839901107816
0.000516691244139338
0.000689205288928747
0.000789814838100256
0.000709640953836015
0.000845359432021269
0.000879795148879907
0.000810864694058466
0.000888935708270253
0.000829143281822837
0.000823476304322242
0.000819361778360133
0.000743109573797085
0.000864476756368333
0.000946019360086723
0.000867001543480512
0.000925936514486239
0.00100793588574504
0.00106456579788727
0.00107678238555863
0.00103914181807951
0.00105825142342539
0.00102700606449289
0.000915136203454097
0.000912169696841403
0.00105575299336110
0.00112985041329154
0.00110950730366476
0.00121102397090802
0.00135489273153638
0.00140117301602203
0.00147001383931912
0.00154359035623834
0.00161090221387266
0.00152263501255742
0.00157745418498209
0.00173204732412469
0.00169768230230595
0.00176188791271819
0.00181344160328038
0.00176362223704295
0.00180931262378493
0.00191368371132796
0.00195072196213559
0.00214525980853715
0.00232688840422966
0.00234731379335656
0.00243610857533312
0.00254536564540572
0.00248344809105987
0.00250921691381336
0.00273396030325074
0.00279885353444982
0.00280021294499420
0.00269454774966732
0.00253835760795241
0.00250598753460110
0.00257388734780292
0.00266891870744018
0.00264544009287718
0.00251361450947925
0.00244685249259589
0.00257088077544822
0.00257000384348174
0.00235826810267682
0.00222945944329297
0.00216502798118341
0.00187643792307313
0.00164262865125480
0.00167188452691136
0.00139574942684533
0.000984730244314420
0.000926330005415679
0.00101482687617263
0.000846485994258046
0.000459210432098445
0.000286377291517681
0.000236584908223989
3.72147140923573e-05
-0.000205489937943497
-0.000406764980137666
-0.000518802489345518
-0.000729837341590525
-0.000929443464013673
-0.000941384273747019
-0.00113003044206593
-0.00140026349358394
-0.00147710068495940
-0.00151504197477152
-0.00152155169480068
-0.00148741019866236
-0.00165717707881086
-0.00169239767539068
-0.00155111388468953
-0.00160045591766149
-0.00163888295729436
-0.00160976595997511
-0.00158253671666444
-0.00159326291723787
-0.00166243632992661
-0.00163521960260766
-0.00163192677403870
-0.00170697783742668
-0.00160245286839896
-0.00165828691582291
-0.00185863819581513
-0.00176274493293946
-0.00170657250087061
-0.00174020609055361
-0.00166748366777838
-0.00175192826710799
-0.00175417571184212
-0.00173518562794385
-0.00189412830497801
-0.00191584318737981
-0.00196227126514359
-0.00197357965098774
-0.00200667721992886
-0.00208178828107293
-0.00210910587501701
-0.00221285616822399
-0.00220299782427333
-0.00220984432541570
-0.00218862456888559
-0.00212556798425283
-0.00215872953862061
-0.00212340380558459
-0.00209592825590050
-0.00200937933298150
-0.00188591733383646
-0.00180818130318414
-0.00167908027844987
-0.00156963398765811
-0.00142714944212372
-0.00130120367780449
-0.00120552052688822
-0.00107318371889477
-0.000914535444826186
-0.000782661527154573
-0.000679459895332002
-0.000489468555290955
-0.000344589542572749
-0.000293611941565359
-0.000139926082277952
3.92261353050571e-05
9.80313408200573e-05
0.000193468519976818
0.000352928976597013
0.000485303289345325
0.000633901130483991
0.000738315744442843
0.000832136841502802
0.00109003725078367
0.00127811447040074
0.00138401309696860
0.00145965142903265
0.00153801711451649
0.00171810548423309
0.00190778269920656
0.00218720595899299
0.00228894383338457
0.00229933312035712
0.00256678683624955
0.00273476551130557
0.00276790763717713
0.00295893893209552
0.00310346335694646
0.00319184474135398
0.00339267716824793
0.00351681555484618
0.00344442909181510
0.00350333554884287
0.00370289440751264
0.00368802110379079
0.00375167248423395
0.00386476914986986
0.00379974942342983
0.00379989288343495
0.00377396989812269
0.00369597093124867
0.00368860315496875
0.00365266091123374
0.00350533769884862
0.00344460967216321
0.00352103945818214
0.00341064329717085
0.00323303667129835
0.00320071462064334
0.00307008419716510
0.00297056014194766
0.00301233223650797
0.00292919542584741
0.00290637094826764
0.00287287655757950
0.00278488642848174
0.00289762569769835
0.00283268882919572
0.00271105412701786
0.00276528380460888
0.00272142165498622
0.00269831824209405
0.00257709723679113
0.00239215651138125
0.00243404424016830
0.00239701457027593
0.00226606188189464
0.00219224262403543
0.00210733061274880
0.00202059303355213
0.00188307707686306
0.00175999600463172
0.00161602857912328
0.00146508520367036
0.00128220899167900
0.00112730669384916
0.00114178310919101
0.000991210363030746
0.000762997598442325
0.000601584383254021
0.000530971198595580
0.000401394533668054
0.000149357162604815
9.91544500089958e-05
3.28197399807095e-05
-7.03112185979649e-05
-6.08601115871466e-05
-0.000156346785382766
-0.000278837666109268
-0.000178154366327590
-0.000198978852709786
-0.000300673889465770
-0.000234101868189782
-0.000168199478225120
-0.000130428423636886
-8.68126628066079e-05
8.08907163730055e-06
8.75047642355753e-05
0.000135641167880323
0.000343482695040080
0.000328244682531533
0.000165365780390658
0.000427816346974907
0.000469396830092848
0.000425614157459293
0.000550272052096332
0.000594485376459630
0.000706130645123437
0.000600903407771511
0.000611904672646482
0.000719454414114722
0.000655047159540665
0.000631062365052912
0.000608444109098087
0.000623011110535714
0.000564478848750554
0.000574740813039938
0.000555391924066697
0.000408950919126738
0.000368244194570622
0.000238746145013096
9.85733250936960e-05
-5.56516980040556e-06
-6.23938934501211e-05
-0.000117599801331494
-0.000155065916195838
-0.000229343644394078
-0.000477696400516265
-0.000644636950019617
-0.000745500105573456
-0.000821450447838572
-0.00100259756975987
-0.00124317966489485
-0.00134545985276873
-0.00154854201178807
-0.00173396378380005
-0.00175635983415361
-0.00199614403900057
-0.00216292566868844
-0.00224211830425645
-0.00240790387963557
-0.00251035173738558
-0.00272722159628756
-0.00290993488467848
-0.00304478035932334
-0.00317921656844703
-0.00338058457387092
-0.00346091802613046
-0.00339045262444415
-0.00359936741216302
-0.00373440214534298
-0.00375846410295480
-0.00390343643854749
-0.00394455494680074
-0.00400670851308178
-0.00396239945961611
-0.00395013685234289
-0.00413751646964386
-0.00420005693049177
-0.00422572215121591
-0.00424972959195372
-0.00423342452098495
-0.00420138157308657
-0.00414260346760898
-0.00406663668285660
-0.00397413704434825
-0.00390958009388385
-0.00392454074005570
-0.00384935067573792
-0.00372949435804230
-0.00362137195712421
-0.00346128871713859
-0.00343862909909433
-0.00340424137442369
-0.00323677687534314
-0.00312596427331755
-0.00306402427018043
-0.00285973883913414
-0.00271776337556958
-0.00262970782371383
-0.00250140907061052
-0.00238875247861472
-0.00221868156608196
-0.00214920776217923
-0.00204746526091242
-0.00192649588891754
-0.00176015398580262
-0.00158646604402747
-0.00159744948407877
-0.00147686534931552
-0.00129395564989693
-0.00113287589465131
-0.00104590754514618
-0.000985651700160020
-0.000855771872231799
-0.000773981267622048
-0.000537337960054174
-0.000373606112851803
-0.000373684068929947
-0.000258021454959305
-0.000107350172514202
-3.72773593923625e-05
-2.14702401294176e-05
0.000159287692669920
0.000369283212111782
0.000409851210349075
0.000577153093524316
0.000815147534112271
0.000948181594722541
0.00112095275805075
0.00128383482495963
0.00136136899521915
0.00143140346514826
0.00154071876916902
0.00172454047343109
0.00195140629795418
0.00218574293535568
0.00226217796301171
0.00230803348908609
0.00250340387423037
0.00258306769070757
0.00260570642823623
0.00273076196214902
0.00282450978801151
0.00288817092143432
0.00298803068380380
0.00303596540165856
0.00302109387740451
0.00301826279201904
0.00312904865323475
0.00310208192882854
0.00304971218041850
0.00318530814474613
0.00301772028349646
0.00285247283523894
0.00283800932561348
0.00276873090572138
0.00281609253752762
0.00280675646779642
0.00279448273103483
0.00274753298074018
0.00258444071127791
0.00248661216560159
0.00236048264807806
0.00223203947147610
0.00214665368720972
0.00202923686035675
0.00203109995566727
0.00193020033351509
0.00170598968483894
0.00167631001870859
0.00150460022287774
0.00134088204455253
0.00129303453967815
0.000945330340093165
0.000640426942598609
0.000610006949629352
0.000583393290746770
0.000424020976431621
0.000200690726448869
3.73889868143351e-06
-0.000151642792015707
-0.000284607142080091
-0.000513748974624804
-0.000743001899425053
-0.000940680740235536
-0.00111599634262092
-0.00118189527184796
-0.00139957555758230
-0.00159686988159564
-0.00169755018815721
-0.00188487230621305
-0.00201774890055631
-0.00220564884284528
-0.00242350624202885
-0.00253870636164265
-0.00265341922210439
-0.00279809220161454
-0.00292612525628627
-0.00304761799490294
-0.00318253631259196
-0.00329783306769471
-0.00347742081522952
-0.00356576046977438
-0.00350095670967590
-0.00354877912240298
-0.00351753782749881
-0.00354080385077495
-0.00372613320590133
-0.00375324381209978
-0.00368901683436292
-0.00364727981372496
-0.00365415497419804
-0.00366235644775529
-0.00370186133793084
-0.00366645102948311
-0.00357517042391208
-0.00354298391015234
-0.00335891885273973
-0.00314593257719643
-0.00299279524953327
-0.00289899795469346
-0.00291101007310932
-0.00278532449343469
-0.00258150296804669
-0.00242607899076859
-0.00225437352381988
-0.00218456030150545
-0.00208849987550614
-0.00185098266135142
-0.00163469610730687
-0.00142491363539975
-0.00119599559393834
-0.000995522711674113
-0.000767587408404182
-0.000484075914554012
-0.000243874171859630
-3.68794623288693e-05
0.000306036655446178
0.000598095137509915
0.000745578110604015
0.000935139658259914
0.00115174935455144
0.00146797681850131
0.00175009869392198
0.00195613470148089
0.00230517393325954
0.00262989380947204
0.00292625273380850
0.00318929391195042
0.00339133882343162
0.00373696158183975
0.00398466303696495
0.00418607488222165
0.00448020900722042
0.00467481071203224
0.00486576098296496
0.00504840726392388
0.00518933566361227
0.00536571928539161
0.00557588124304004
0.00574652225377463
0.00589531691299442
0.00597283642978255
0.00598790273757459
0.00611654355171424
0.00614174129024150
0.00616013259150066
0.00619459226882100
0.00607099976118604
0.00600545012186331
0.00594587271724436
0.00583825113011699
0.00573592803710369
0.00560719408347779
0.00543680032100269
0.00525050355639678
0.00502052447436768
0.00473923630030356
0.00447712108870178
0.00423644143002150
0.00399125748000813
0.00378798277637628
0.00354737951685166
0.00326222369359328
0.00292651834186302
0.00257642536347817
0.00236806159490044
0.00204608803078798
0.00169211577778725
0.00140485854634619
0.00110471242533521
0.000883333792220071
0.000594952842137673
0.000301581481880362
2.37580110717772e-05
-0.000232813547486046
-0.000453481666602187
-0.000730865113372943
-0.000995200325005499
-0.00125093373141468
-0.00149150342285871
-0.00179545699626836
-0.00208097505550093
-0.00224508819743722
-0.00245321622622566
-0.00265728051187553
-0.00287405789795719
-0.00316407489275239
-0.00337116761648037
-0.00348547025949856
-0.00376053770037125
-0.00399494635371667
-0.00404642992830901
-0.00430233027751839
-0.00453026682185538
-0.00450122512135749
-0.00467288972519626
-0.00488457643935874
-0.00488030492612111
-0.00505047262458490
-0.00520680046249481
-0.00517795120161679
-0.00519129950261089
-0.00526024039893983
-0.00528112153839643
-0.00528770604038897
-0.00527900448511531
-0.00520084412475271
-0.00526810215822408
-0.00528083712075954
-0.00512964455333758
-0.00503102892071752
-0.00499099665718248
-0.00485203520585188
-0.00467705848542380
-0.00452189190025905
-0.00438248589901050
-0.00425817181697354
-0.00390919613958189
-0.00362536410097079
-0.00345581637451900
-0.00314466485440875
-0.00287915925187548
-0.00272149603536221
-0.00249142581297576
-0.00219288542921419
-0.00187364147735352
-0.00149801418972761
-0.00121586747918219
-0.000942999598275645
-0.000531035982334753
-0.000155736762887617
0.000157103305540272
0.000443794205719179
0.000747831361516056
0.00108962916769862
0.00137865550744330
0.00158299906066169
0.00183300714453331
0.00213304658282780
0.00235055607271406
0.00265929576846403
0.00289098509282610
0.00297286548365250
0.00324211948425642
0.00341634804425055
0.00342415855793888
0.00362412853726227
0.00378172273142241
0.00387588457088867
0.00398576993514809
0.00400074229295882
0.00399210977787760
0.00392028391412879
0.00386370093587516
0.00385296759542513
0.00379594581575418
0.00367634283327192
0.00364311559234977
0.00361146327177238
0.00347052240468344
0.00334096240749574
0.00318108510204894
0.00302002904438979
0.00284838302556352
0.00266535946824803
0.00253057774528969
0.00237579193405963
0.00224177540787139
0.00213403852139976
0.00200461347190100
0.00180915365577107
0.00154713173621502
0.00134285169183073
0.00113998631261268
0.000920727915673467
0.000843321536474662
0.000762461429222583
0.000594983109675127
0.000436107368370529
0.000303670392352586
0.000168218877460049
5.55402424606655e-05
1.42805110691313e-05
-0.000132110787519366
-0.000262173234386580
-0.000379982676968353
-0.000512657951791766
-0.000524951061640309
-0.000658616284256652
-0.000814296975919433
-0.000768150796640157
-0.000800950194374934
-0.000862061849449418
-0.000790088370400781
-0.000815625442941865
-0.000803095292994414
-0.000781604243672405
-0.000906951784930215
-0.000854197367911098
-0.000670726234937931
-0.000610518957784905
-0.000540830185432952
-0.000476866828275533
-0.000545869304854989
-0.000630078136650170
-0.000615222720858668
-0.000554103108536879
-0.000587257855616130
-0.000701429612790676
-0.000723918126684993
-0.000711805594239152
-0.000636844776555776
-0.000600775704089216
-0.000668977170675262
-0.000553539772770435
-0.000557153681846323
-0.000761797233203438
-0.000714772374459578
-0.000663274214543748
-0.000805430208549751
-0.000895901172232492
-0.000936870341039757
-0.000912912509707518
-0.000945894244811143
-0.00102441768117696
-0.00107345366575800
-0.00117049082425229
-0.00116079295347397
-0.00116604503510796
-0.00126968517220760
-0.00131281484270094
-0.00127234792220474
-0.00127846546899981
-0.00131408235207157
-0.00128975693854539
-0.00130878054036302
-0.00118166284405124
-0.00107224890587400
-0.00103099941291198
-0.000883856130850695
-0.000911823563135386
-0.000761771570831584
-0.000600623493485166
-0.000585370006604329
-0.000273550076107441
-0.000216789520061198
-0.000197707796155093
-3.72925517879708e-06
1.89283564061782e-06
0.000146286587038063
0.000314564035922089
0.000398307094863100
0.000514392660385212
0.000647474786146205
0.000681900417473713
0.000775334231456810
0.000965319583670592
0.00103296491762833
0.00121249904676709
0.00138691471767778
0.00146498744076197
0.00162430961216074
0.00173644370374703
0.00171156269303701
0.00179861490113822
0.00194469236004679
0.00197828581470397
0.00199631282007218
0.00196703733379536
0.00203355598948512
0.00212340525644372
0.00215558944657580
0.00213160643123814
0.00216969710329316
0.00230974953648101
0.00225546186780925
0.00225118221034563
0.00234173923665772
0.00237375208571564
0.00239394314618028
0.00250354178274723
0.00274784077975429
0.00275745383100542
0.00273702963690837
0.00282096419572090
0.00275963442489607
0.00280142567592520
0.00280231208045869
0.00267900200537353
0.00266687279595393
0.00265915002089219
0.00260068690892169
0.00257441816665914
0.00252694680945602
0.00238247525234527
0.00223948285034957
0.00212157238164849
0.00198555676243842
0.00178633803498258
0.00160669299179162
0.00143825303659042
0.00129255936897280
0.00123767597050858
0.00111051350639627
0.000905527304125400
0.000728813612811621
0.000571836329934854
0.000351946083795553
0.000143491589239204
-1.27385617437881e-05
-0.000200687588214521
-0.000450513577602294
-0.000595068286766889
-0.000553468622985065
-0.000769775794646819
-0.00104789741743815
-0.00101282850460279
-0.00120637850787972
-0.00149243150690239
-0.00154507629615694
-0.00165439746350160
-0.00183194382887052
-0.00196214769180244
-0.00201423550622053
-0.00222381764920272
-0.00250266024510154
-0.00265108037504206
-0.00284871812959238
-0.00290158805777537
-0.00301385568002502
-0.00325732087809570
-0.00331220218758517
-0.00349011666063120
-0.00371878727039757
-0.00380509519525390
-0.00392148617922317
-0.00415796479459573
-0.00430858147571712
-0.00437697643638899
-0.00457912675332352
-0.00461842276346715
-0.00462440672753189
-0.00470731992107176
-0.00467012576031323
-0.00478370729825485
-0.00490376871948342
-0.00481526714099516
-0.00478960146712154
-0.00478980002650758
-0.00470355153804746
-0.00467495659065833
-0.00461052367013224
-0.00450330261090244
-0.00450357021424566
-0.00441766260327654
-0.00434401579261532
-0.00429320905999930
-0.00414005746687678
-0.00407276431084938
-0.00396472600389131
-0.00381617324474007
-0.00371630939086856
-0.00356949920534760
-0.00346040017805876
-0.00336802137772224
-0.00321429086440901
-0.00304925894621192
-0.00291579177834592
-0.00278670583163091
-0.00260231543605755
-0.00236423891817651
-0.00217587435018231
-0.00200971994009706
-0.00187771264710506
-0.00171585032248373
-0.00148335552967154
-0.00130320603663506
-0.00114315189762579
-0.000922002396539483
-0.000740134031551634
-0.000619548238397272
-0.000474190981884419
-0.000319779745622952
-4.13365880395133e-05
0.000125000246880518
0.000298128962393633
0.000374512691919691
0.000492048099847011
0.000869212588284114
0.000965307428841733
0.000999054891254776
0.00113593308002564
0.00124297894112688
0.00136030985562542
0.00149060118077998
0.00163811512993064
0.00172373058021037
0.00177023715510941
0.00176190595223758
0.00176985950524852
0.00182310561642836
0.00181010325272567
0.00187658530359869
0.00197421711224507
0.00207217543832229
0.00204927714108834
0.00203438064207973
0.00213793681369850
0.00216712648664299
0.00222295086219020
0.00220944819761087
0.00226817952228629
0.00239777114037196
0.00230362522679656
0.00228852549926131
0.00241470328353529
0.00240508693546275
0.00241050829831039
0.00241681901369503
0.00246308840142035
0.00252177343384176
0.00257092257194699
0.00262243610886060
0.00268994070383826
0.00280097914919168
0.00268788698247931
0.00273851306564097
0.00288136919970668
0.00290782509608505
0.00307861709878068
0.00321742598040714
0.00317488842766920
0.00314886496838142
0.00320809154717267
0.00327032945083090
0.00329656762539855
0.00327468891310730
0.00334487015074842
0.00338180568083885
0.00330676354859406
0.00330565012421346
0.00334476551485523
0.00330595003727296
0.00328979481140379
0.00334581250659198
0.00327814215247543
0.00312153496764097
0.00316830344488210
0.00315390312208422
0.00301587934265228
0.00299110288349311
0.00291429045091149
0.00277935114841284
0.00267485809096058
0.00255152628648432
0.00233868714051312
0.00224184703382491
0.00213996375505360
0.00193391960789882
0.00184239648524624
0.00177749735183909
0.00172317519822968
0.00155138987623985
0.00142274710413744
0.00135922151895045
0.00119581863231502
0.00107586043143272
0.000983109603475896
0.000930684760198517
0.000733667336131418
0.000551119752585123
0.000569988180670578
0.000405680144450002
0.000153678095519467
0.000145332014949418
0.000112579046904955
-0.000111155390100635
-0.000198645109633730
-0.000193524806129233
-0.000238387980042489
-0.000383759022832777
-0.000402230543203785
-0.000278888969088627
-0.000364485456779562
-0.000397516322849043
-0.000420859443893988
-0.000481153642289343
-0.000459031637847147
-0.000424031335725061
-0.000498597008308650
-0.000549317671699967
-0.000410620508628483
-0.000444452070236139
-0.000481863660845434
-0.000425310572924325
-0.000401958151181212
-0.000392673158921895
-0.000475252376053703
-0.000391491617535973
-0.000362876481843539
-0.000492350310540868
-0.000435344189984601
-0.000343324029252159
-0.000388080404029765
-0.000425242307542248
-0.000425624858434901
-0.000439712216461246
-0.000428484834853506
-0.000458361718796496
-0.000439090610163291
-0.000494846147378780
-0.000598931410037977
-0.000607770273862798
-0.000654239514144308
-0.000652794499153515
-0.000731565452306455
-0.000875408539089335
-0.000913423397187643
-0.000986608118925005
-0.00108400421246728
-0.00124403546834344
-0.00131072863182084
-0.00134991161386608
-0.00152175344382187
-0.00154857698655945
-0.00156670543101086
-0.00166399684524038
-0.00178023135058965
-0.00194600470337207
-0.00201048670910609
-0.00205541779537782
-0.00208191096724022
-0.00215298390120864
-0.00237705011657340
-0.00238339135119020
-0.00237592810973894
-0.00247760144194160
-0.00256031573025837
-0.00260308811518996
-0.00247775668803371
-0.00259686530065068
-0.00263814062887008
-0.00253127695324054
-0.00265508398891598
-0.00256316432783137
-0.00248839804064858
-0.00252663680118616
-0.00250167051461432
-0.00239878559897420
-0.00235166209656740
-0.00238987008010781
-0.00222313046072372
-0.00212397223843141
-0.00206638987692742
-0.00205150583240339
-0.00197803430645820
-0.00179805699724824
-0.00174375081830476
-0.00158824508213229
-0.00145861914680097
-0.00136452097097418
-0.00132662005485599
-0.00122489442241829
-0.00103066605492216
-0.00100390961011499
-0.000828777005268648
-0.000613695422855187
-0.000488559779334992
-0.000387401936421270
-0.000233426732234534
-1.46340640273479e-05
5.84336860958956e-05
0.000246255318778879
0.000350738218506592
0.000333736470690695
0.000510752898153868
0.000627368402405182
0.000690914231676487
0.000684060276299903
0.000807439034349073
0.00104987434713308
0.000968697099827551
0.000907361259484816
0.00106021662034024
0.00107974405790273
0.00103290522905112
0.00102525156741336
0.00109737629624661
0.00121195110368674
0.00111443278596141
0.00107701993405144
0.00107800074081418
0.000872446909654983
0.000787752936478867
0.000818608703659791
0.000706137666358799
0.000548287869510773
0.000542235912470090
0.000482030249246321
0.000356691239395630
0.000349505233876855
0.000261359892836808
8.04958301678482e-05
8.61560984414922e-05
7.21563870987296e-05
-0.000170101799799269
-0.000247709126434650
-0.000201368949678056
-0.000337841530885115
-0.000489664950123689
-0.000374164331468769
-0.000440738682745732
-0.000693419219380473
-0.000592811078184496
-0.000506869011381603
-0.000509277245516326
-0.000485424012983593
-0.000504178186133917
-0.000406554238831163
-0.000322937782541946
-0.000232262278355737
-6.92398909338587e-05
-2.71815556063171e-05
5.81276648281470e-05
0.000182724846646405
0.000204107336532875
0.000305462406953243
0.000445454304019286
0.000569910747283231
0.000732485077825089
0.000911687094646894
0.000951905709386800
0.000993226212117904
0.00114783690624417
0.00117437178687453
0.00126587617868324
0.00142288346443493
0.00147895950965314
0.00140051308343182
0.00155215036366180
0.00171183141707083
0.00141117679604946
0.00137971689058467
0.00147124805992213
0.00136611767329327
0.00125333995234698
0.00115491671559489
0.00114413597141819
0.000903054300094013
0.000839226047176709
0.000848844771116646
0.000552955249956284
0.000423864420697484
0.000280636151691525
9.78257217884249e-05
-3.90673544661269e-05
-0.000247221689649564
-0.000463652912637258
-0.000547555697677282
-0.000584696587807869
-0.000834521418722574
-0.00102377912025538
-0.00106464279683671
-0.00112419111537335
-0.00126830325225065
-0.00137003057091476
-0.00144337635762568
-0.00157377492435771
-0.00157920809313346
-0.00167577699248405
-0.00177079852682468
-0.00177731018834130
-0.00179154623222182
-0.00171096488868322
-0.00162114555720898
-0.00157137967550121
-0.00159702420045321
-0.00160509538611464
-0.00151662745350500
-0.00137719356233980
-0.00127904147908787
-0.00120168432515058
-0.00100887929100537
-0.000902285384953956
-0.000889695081856843
-0.000791881651341697
-0.000646308786615890
-0.000461965162012064
-0.000348272712325297
-0.000224793063559474
-6.48385208427271e-05
-1.70193916231653e-05
0.000114727700646711
0.000168318869742450
0.000157805038932537
0.000462196721438488
0.000620963535554324
0.000553377405477420
0.000649058078562490
0.000825123101186165
0.000891479938431701
0.000887217125975894
0.000969795510147549
0.00105258869125947
0.00111993975106060
0.00127945142469258
0.00138314782175399
0.00137969076058056
0.00143943919657829
0.00146291175294721
0.00145124218378385
0.00150548051025680
0.00156389054065130
0.00155144513783938
0.00156792634836137
0.00170633633382067
0.00165398620460508
0.00159744195211800
0.00173957044141389
0.00168505975086532
0.00169242719381572
0.00177599734292357
0.00170279951178401
0.00171565911074396
0.00170699468107443
0.00166900003707269
0.00169157655550919
0.00171721875375738
0.00175529971007506
0.00176378750194743
0.00164818333678028
0.00163308588223316
0.00167706540388508
0.00160573398013412
0.00163548878670582
0.00170603046341370
0.00179493751756610
0.00178175001498460
0.00167554848647285
0.00174872150835739
0.00184286723458968
0.00182987520730990
0.00192161910691908
0.00195934877322415
0.00191572220094059
0.00193154375983070
0.00188242641411406
0.00185283456753496
0.00185255166717781
0.00182301843734763
0.00179063900586897
0.00180421715070452
0.00171808176181798
0.00151629417030065
0.00143795762173539
0.00136844905267836
0.00126572436499629
0.00117034091990661
0.000945170203723507
0.000841202383454629
0.000737574800398804
0.000510239000009740
0.000406478892519466
0.000243771519910823
-2.90158492271075e-05
-0.000149005627709506
-0.000334909823227703
-0.000639750982057468
-0.000843833567111325
-0.00110252826262776
-0.00122053083407209
-0.00128631787215873
-0.00150620122588357
-0.00169184623008178
-0.00178982518907837
-0.00194602260573291
-0.00214361423221376
-0.00222552082585594
-0.00226409627900452
-0.00238320064982219
-0.00251439948081639
-0.00259860951023626
-0.00264095704672172
-0.00251664111095735
-0.00248492951170860
-0.00258707926576776
-0.00264173781270685
-0.00267945287199055
-0.00256538561762724
-0.00253485942246030
-0.00252746772949749
-0.00233895051840335
-0.00222365569116676
-0.00216485467551706
-0.00201512775965966
-0.00185915918747256
-0.00174722355718686
-0.00159303412791871
-0.00143207166461892
-0.00121185238125761
-0.000967151705767293
-0.000766218222195789
-0.000698122852060550
-0.000587705992870440
-0.000300176246296218
-0.000137346937633680
7.33449779235684e-05
0.000229558308729310
0.000311329249660446
0.000482334063332388
0.000588301309753376
0.000683332100870757
0.000818456232609464
0.00105186344043744
0.00119688807750777
0.00129699841051078
0.00135728140269023
0.00130788373658518
0.00138652203452750
0.00144134506155069
0.00144359271164106
0.00139871207585145
0.00135065058009118
0.00140535369369331
0.00134981442593727
0.00127477715620216
0.00123885355629739
0.00118645855326122
0.00104181602975984
0.000910094686177274
0.000915598070459396
0.000792458098765394
0.000653560485517915
0.000517910243255528
0.000366736105995358
0.000232122237444798
4.90031633671606e-05
-2.42545457308552e-05
-0.000227212175715863
-0.000411557595923284
-0.000537514387349347
-0.000826874530738451
-0.000884116839388014
-0.000931665384152893
-0.00115414563341460
-0.00135023812396440
-0.00154981284139268
-0.00173459249779199
-0.00187115583617611
-0.00202438978267708
-0.00217093864378711
-0.00218999638219003
-0.00238838905374365
-0.00260385607358558
-0.00265647748500612
-0.00277764758065729
-0.00279740378565975
-0.00280379263675030
-0.00292519411602370
-0.00312249197499909
-0.00305769020191491
-0.00292386703633554
-0.00313511448918376
-0.00317219390738899
-0.00308540989053057
-0.00314358992307774
-0.00312881889913228
-0.00314804180149935
-0.00315080270809432
-0.00307824220920679
-0.00300776681591117
-0.00290104973772230
-0.00278919019979298
-0.00267145687451460
-0.00260881234913541
-0.00246473842281077
-0.00239454264597796
-0.00230738931304245
-0.00205515077595351
-0.00191974583933316
-0.00172635120845996
-0.00157023095434894
-0.00146884821639773
-0.00126507422254519
-0.00106523195790878
-0.000953316564873958
-0.000710177553579428
-0.000425212507258124
-0.000385512311113843
-0.000163435862386514
8.38434064705140e-05
0.000187761745350414
0.000472780616908430
0.000733975669891151
0.000869871158725744
0.000985667603443510
0.00112686682924405
0.00130755493183287
0.00146154163146406
0.00159765305884854
0.00175176114866190
0.00192773255516642
0.00208150404809913
0.00217702786338762
0.00229304501565039
0.00236751325022610
0.00242740329927457
0.00256505299181484
0.00254833132905219
0.00264772756234933
0.00283178431415564
0.00283479995996544
0.00283495763714825
0.00289852774677314
0.00289459802861245
0.00282448317292818
0.00291791461787909
0.00288071851208002
0.00277839052654628
0.00275078292762231
0.00272077207050387
0.00276602029313693
0.00270709807273505
0.00262059802973397
0.00262199303198400
0.00252943812479060
0.00258153559040409
0.00256750466291635
0.00227828398923435
0.00223807679366473
0.00221395050727750
0.00216163176747273
0.00217191593020374
0.00209232681585405
0.00199967831794424
0.00190100837691887
0.00192064087752215
0.00181522269554733
0.00168443984293475
0.00169217636680742
0.00162721246413497
0.00152896874136758
0.00142864151034388
0.00145673183119726
0.00138293334434451
0.00127675771783260
0.00122205517834118
0.00112506038141504
0.00116085860493769
0.000961066750207920
0.000718948964488959
0.000744847659492365
0.000680891631517682
0.000435857122322432
0.000313122231841589
0.000344198940923661
0.000261346433051557
0.000186319736930756
0.000127916423320613
3.82897979037011e-05
-0.000115889531403610
-0.000214728456893312
-0.000302302247971937
-0.000463115569455823
-0.000599857633628886
-0.000787747683202156
-0.000871366026746756
-0.000986008648735890
-0.00115718948516793
-0.00129898089646126
-0.00145581482533906
-0.00158813218796141
-0.00160832931999522
-0.00170153579162857
-0.00193512723667538
-0.00191703957985169
-0.00197165907110300
-0.00215881790823680
-0.00215949332217566
-0.00229527745173684
-0.00251817021391282
-0.00259024393918882
-0.00267008970309238
-0.00277366514068074
-0.00273924603675489
-0.00276494286179521
-0.00289810621684548
-0.00284373439181596
-0.00275686368600550
-0.00280923218073919
-0.00287307960736325
-0.00280929294860645
-0.00269164431490445
-0.00254508863491374
-0.00238568342192114
-0.00232491440007163
-0.00229401623374226
-0.00220837568452083
-0.00203571186467862
-0.00188652500249177
-0.00169200258351182
-0.00151028270963486
-0.00140057830139604
-0.00133653538104682
-0.00120073639175303
-0.000944817623494316
-0.000850902443024637
-0.000804074838216167
-0.000646838077613126
-0.000437325580061696
-0.000340071317483250
-0.000281963123144493
-0.000149232213112924
2.50391945905903e-05
0.000241724296220411
0.000336188363763341
0.000394391335306068
0.000515690984690593
0.000593846823041702
0.000720958917416397
0.000931823636699960
0.00104985058944351
0.00102640783576334
0.00107217770242556
0.00125873123587610
0.00134198585692872
0.00132203585322316
0.00145940652528424
0.00151088208971117
0.00144043291234567
0.00149501899691813
0.00155928555357605
0.00158268712911280
0.00151923938893958
0.00148084642296226
0.00145087838043764
0.00141418637787069
0.00144906159262774
0.00147115851935951
0.00150103934639418
0.00154360228311219
0.00146370235138733
0.00142155483488750
0.00149096165649411
0.00142302935550447
0.00135068900100862
0.00137186130429967
0.00136153251426947
0.00130603265844343
0.00127335981014255
0.00131904530111740
0.00140441726765829
0.00143352925603153
0.00145907860192267
0.00158818917785112
0.00166330432348587
0.00164389085505150
0.00166140169521952
0.00164445995585623
0.00164500464907377
0.00169972723644264
0.00176232307065959
0.00180273242692891
0.00174743036113171
0.00169487728780553
0.00172202319271832
0.00175994586145521
0.00172092966387567
0.00176436514715903
0.00187124441190861
0.00184426638895019
0.00182047950668249
0.00183569682521863
0.00182283438165655
0.00177095290630916
0.00171518976378167
0.00166327351792120
0.00162237220464846
0.00159899712063577
0.00152786613268603
0.00149335291660492
0.00149871497775422
0.00144392705724130
0.00140565820373638
0.00146509154318267
0.00146603985965143
0.00129870486046414
0.00115644226512998
0.00115700192787102
0.00109636562970266
0.000993936605412387
0.00101540735261963
0.000968684386555196
0.000979606684593648
0.000989278392369215
0.000885559350313088
0.000864731764288607
0.000840348637659076
0.000799128743532691
0.000755490584663718
0.000723026106604543
0.000692322955365512
0.000728672477595680
0.000663488557632057
0.000409193031470547
0.000333580536156637
0.000344030218546010
0.000269973054835155
0.000179917247601651
-2.31282863965987e-05
-0.000151055458950253
-0.000196385419137641
-0.000350088652704272
-0.000457780221549697
-0.000561763488303484
-0.000701787977281469
-0.000796597928407579
-0.000904519627637654
-0.00102305667940684
-0.00110061759516441
-0.00130017416946544
-0.00144940604594567
-0.00143497016016710
-0.00161139973359468
-0.00172348908407912
-0.00176982778396649
-0.00183429253814865
-0.00184726591673041
-0.00197538343206503
-0.00207404011445846
-0.00217773530804124
-0.00225206677448483
-0.00232267223623438
-0.00236299026919824
-0.00240564360508785
-0.00250944993827545
-0.00242980575069197
-0.00244187658661303
-0.00265405026926771
-0.00270407568987281
-0.00267526029421504
-0.00274599139301358
-0.00277573562576293
-0.00278419029945184
-0.00280132095389519
-0.00277929874659804
-0.00281538609185191
-0.00275756823294870
-0.00260119984166238
-0.00259873676112818
-0.00254224202247372
-0.00242466754690895
-0.00237723461095783
-0.00223528814713291
-0.00214550616845514
-0.00222020451835107
-0.00208614778173484
-0.00182133861691938
-0.00170148037104468
-0.00151397923369245
-0.00137500445045504
-0.00127541401599871
-0.00118862568258038
-0.00110517911745035
-0.000901378654285736
-0.000766684317257784
-0.000633642376120633
-0.000416035163195261
-0.000204982714026301
-0.000120850695424224
-4.72294562035813e-05
5.01009577797618e-05
6.65528853394903e-05
0.000253355805953675
0.000552358080011004
0.000673773887940570
0.000688352703146791
0.000712012986089121
0.000821890558041787
0.000929372881800816
0.00101748387004932
0.00109966308107317
0.00114389574964235
0.00119417353015479
0.00120207679669619
0.00118147535228928
0.00115594701088725
0.00122060737384686
0.00118938241094327
0.00113277180534425
0.00121185390452951
0.00127274063360943
0.00124128755605000
0.00121841874302675
0.00124208885352914
0.00118468655265360
0.00118879671595039
0.00114448705534926
0.00108241769999950
0.00112854725961853
0.00107082313872866
0.00103882529907651
0.00104544579516499
0.000919368921960029
0.000822138282421747
0.000756638533345040
0.000658762223422400
0.000696898964034460
0.000709280432388368
0.000640014151501873
0.000650904356286048
0.000532357514737498
0.000415951379077910
0.000427161969387839
0.000379096116635367
0.000395637273309433
0.000375380812271544
0.000219741747469584
0.000152292350634298
5.64833079189953e-05
-0.000153949752344147
-0.000282044973423865
-0.000304678414122463
-0.000344315744758603
-0.000448138277698433
-0.000523030007225884
-0.000552273027728347
-0.000630537346915787
-0.000705148756795211
-0.000766364555180985
-0.000925482837218681
-0.00101567635772483
-0.00104194198839252
-0.00117792008025020
-0.00135588625883969
-0.00146422504484832
-0.00163979504293479
-0.00179034747779411
-0.00180123130138810
-0.00196468071374824
-0.00215152980881157
-0.00225325819480105
-0.00224775780420373
-0.00227491337263558
-0.00238553241076886
-0.00245641095679161
-0.00258188005203493
-0.00261974241156622
-0.00263980813515360
-0.00271329823957217
-0.00277838002000351
-0.00284525038762766
-0.00286714136414048
-0.00285782676407209
-0.00289477862706903
-0.00290207454233794
-0.00284367603621192
-0.00282974741103743
-0.00279238207216522
-0.00281195489964162
-0.00279970972160498
-0.00264227231764536
-0.00264746475371780
-0.00266180163390516
-0.00252580111009834
-0.00248025715564047
-0.00244420746684376
-0.00240377142331816
-0.00243163224942482
-0.00234064827553326
-0.00218850922383350
-0.00206811265717921
-0.00192357709114738
-0.00181687548188432
-0.00170598129488596
-0.00155245580237178
-0.00142420523525217
-0.00133853768105212
-0.00123466428938542
-0.00115003378160310
-0.000994278972295035
-0.000825999812191043
-0.000786220335414498
-0.000579543790715462
-0.000238051668609671
-5.12356695560357e-05
4.57369772729521e-05
0.000325416872352662
0.000570143750855436
0.000690052066180158
0.000927461444880464
0.00109164953864422
0.00130616927815623
0.00161096899002928
0.00187704218418958
0.00208267344093002
0.00233117920103638
0.00271946622654696
0.00302476745001343
0.00329667010999856
0.00360788157767161
0.00383119709793732
0.00412503103868346
0.00449395504188885
0.00467792452029755
0.00492487045297196
0.00525419945380122
0.00543119531391653
0.00564996589364910
0.00587192011314016
0.00599468161466746
0.00624298846694217
0.00656515063401571
0.00674908609311956
0.00688319711717270
0.00701752714141037
0.00719319414936479
0.00734213947274157
0.00736770218201741
0.00745301949047985
0.00753308551476550
0.00752778094988003
0.00758680245232370
0.00755476004246532
0.00749389193802642
0.00750785203026794
0.00742229763890862
0.00727929508110321
0.00714153297079463
0.00704263864727125
0.00685157630570586
0.00665063785990014
0.00649837502075457
0.00617929338354600
0.00591745459330753
0.00583183038845903
0.00550991144129199
0.00519888535752983
0.00491697659303469
0.00449409421594140
0.00416723572162397
0.00384572424004972
0.00344381776841516
0.00295273358992034
0.00262048248348876
0.00222755978414938
0.00181223764556108
0.00145829808815520
0.000987796237356946
0.000528247128027282
8.18395711134201e-05
-0.000255058409532332
-0.000698169874323540
-0.00118608941733058
-0.00157075798843053
-0.00198622400836129
-0.00226911961343035
-0.00264356410583162
-0.00310288396568296
-0.00337244066281414
-0.00376344253202234
-0.00412535990647143
-0.00434995284989299
-0.00469745862222510
-0.00503076615089810
-0.00521047405952288
-0.00546044255532422
-0.00577764093403459
-0.00590243454428105
-0.00609781453822109
-0.00634779869956105
-0.00645228551551156
-0.00655068587179073
-0.00662937749952278
-0.00662368534376412
-0.00675991976076205
-0.00693242785015855
-0.00692396944626410
-0.00692503284142049
-0.00694984301097236
-0.00695853205776245
-0.00693614878965377
-0.00698334944082603
-0.00700293526238511
-0.00679798522513750
-0.00665569143725691
-0.00673154287813702
-0.00655080846165959
-0.00636777244392590
-0.00635136317093327
-0.00613624011167929
-0.00596747282642582
-0.00580864111321148
-0.00572130070653259
-0.00547938291351727
-0.00519014404753420
-0.00519023744056597
-0.00507207083256958
-0.00480857964628910
-0.00455359133201625
-0.00441199202384837
-0.00428396743679457
-0.00395993768621395
-0.00366858570480872
-0.00345602454475454
-0.00319274871359141
-0.00298264337576143
-0.00272391842294439
-0.00253848301663311
-0.00235871786951577
-0.00202922780742483
-0.00186618634224089
-0.00181431096829442
-0.00146388798317901
-0.000866807900764002
-0.000613665749800134
-0.000643728983286565
-0.000235053828927221
0.000197858671386371
0.000207076351174749
0.000454894990920138
0.000875099352138022
0.00109587911224764
0.00119306289906916
0.00143165855697049
0.00166623286993541
0.00160128692358171
0.00178960462194311
0.00205551900226396
0.00204701495260025
0.00222193938954732
0.00240368128285880
0.00245809083725391
0.00262411318211449
0.00273304584811939
0.00273965380496179
0.00287002246262418
0.00292714634733400
0.00284896103783368
0.00284500054573350
0.00280014784898512
0.00280787670144168
0.00286267373765153
0.00280987899351926
0.00272029054140713
0.00271224302079634
0.00263956773405684
0.00251143986757526
0.00255456085296245
0.00245047000821675
0.00226958363309194
0.00216875028251440
0.00203157976814339
0.00190171783988340
0.00171707377729099
0.00157998512290320
0.00148401702231276
0.00123000165417160
0.00100144343286360
0.000945235047561894
0.000730962514597095
0.000481312797620461
0.000388458114161594
0.000302180105332681
0.000160770163907245
-1.82360363426426e-05
-0.000173258455230041
-0.000326728591439860
-0.000454478821078368
-0.000533183650808269
-0.000582697606886455
-0.000639938223722538
-0.000776085596921945
-0.000941533074263674
-0.000974152290297070
-0.000984125415934756
-0.00111465679126340
-0.00114992361684230
-0.00119213927903488
-0.00125685332041286
-0.00119366324463471
-0.00121797403503862
-0.00117090213887380
-0.00117558027372709
-0.00119914963018076
-0.00107648451436205
-0.00108403745207966
-0.00109554676162105
-0.00106697594911509
-0.000961571291215648
-0.000781268201642149
-0.000681112365751062
-0.000634880708823005
-0.000552172007941749
-0.000407194984822752
-0.000334635660318838
-0.000288209256795824
-0.000142964354316746
-7.10759885720336e-06
0.000111169048712441
0.000259597285882194
0.000344616797131039
0.000339242948188030
0.000490657301153021
0.000750585577078198
0.000838167252837820
0.000906580929909069
0.00102663381305689
0.00116357288880920
0.00130849088219037
0.00145481231591958
0.00159524583816705
0.00171664249098285
0.00184345880746491
0.00188705490422990
0.00201248138939832
0.00221894198569487
0.00232797640459921
0.00232579955585777
0.00234137881536128
0.00253763124001125
0.00264227243308767
0.00265528407502813
0.00271539322734554
0.00283488820415869
0.00289882118323135
0.00286978347588331
0.00290669650682503
0.00292914055982919
0.00294481703526628
0.00283315245538063
0.00289419760334170
0.00303388134098668
0.00289364926762460
0.00286960628396457
0.00292008838738809
0.00279465857146761
0.00263429437583682
0.00262054102454044
0.00263821977059138
0.00252933948975510
0.00244396266293791
0.00244090485842776
0.00240211689384921
0.00233430575460659
0.00224902130472970
0.00228243045757893
0.00228480668802945
0.00209146302719915
0.00204612972018879
0.00205527528499061
0.00191221723033010
0.00189820757530526
0.00188647877636839
0.00168678519726427
0.00159527395211001
0.00151720919843939
0.00141333482354895
0.00131270131348316
0.00115044145710300
0.00104424416435677
0.000850536319943274
0.000697691426110225
0.000607764142849305
0.000404704509714975
0.000256810928211166
0.000190392098682963
3.17710629842338e-05
-0.000182874871001104
-0.000354408304177838
-0.000519313183353205
-0.000683405079456776
-0.000903862950510330
-0.000985180288348317
-0.000971309596282879
-0.00115042229652332
-0.00134379962984490
-0.00155455782227570
-0.00171199469007860
-0.00182352924660727
-0.00202026386366125
-0.00201027707927850
-0.00209920901136021
-0.00233805299474337
-0.00227953758497057
-0.00232433612886840
-0.00252261093824327
-0.00252215345623029
-0.00250488450217180
-0.00257467219732476
-0.00261649400301881
-0.00274182220757965
-0.00290549750910102
-0.00281500118862859
-0.00286841472434332
-0.00296362030061850
-0.00281557241437945
-0.00287893063178274
-0.00300056552966005
-0.00300709083761930
-0.00299603921590027
-0.00305057283218652
-0.00300527126323438
-0.00290660339835704
-0.00299570461300220
-0.00299459151945349
-0.00292614986383256
-0.00290483250676111
-0.00280374139328096
-0.00269132486088402
-0.00265803107515879
-0.00258985069786256
-0.00247009015397460
-0.00242634523539813
-0.00235599300635563
-0.00226250989362860
-0.00221491532253452
-0.00206640710983287
-0.00193909474996211
-0.00183400543738653
-0.00166931402160007
-0.00155666601204601
-0.00143874233328031
-0.00129820331831978
-0.00116662463260932
-0.00103964455402597
-0.000872933476188313
-0.000683294460581227
-0.000585801323830655
-0.000495615528333087
-0.000267125582238954
-0.000127502004391111
-1.75268527404526e-05
0.000108341009593360
0.000192661038787776
0.000415649214462590
0.000514924699471067
0.000558378820552861
0.000693971759026653
0.000857876770964055
0.00104781359678384
0.00113399257501612
0.00121832706771244
0.00134859116132233
0.00148241688198311
0.00153875838150583
0.00155613913874305
0.00167717604713275
0.00171049429847614
0.00176114420489171
0.00191565784945723
0.00198194345468366
0.00200408255211528
0.00207320783361212
0.00217639616417145
0.00220498709987680
0.00221018730708408
0.00218003837697836
0.00213887882510562
0.00217965702333174
0.00226369500050623
0.00221329672729496
0.00212148071192019
0.00226042561379245
0.00226652535282852
0.00215081867923345
0.00215061072341541
0.00215473854770664
0.00216650503938240
0.00216056314296594
0.00215858558561393
0.00217067030234489
0.00220028590872573
0.00221452179337462
0.00217688592653786
0.00216185834299438
0.00210624728793448
0.00207627041389785
0.00205280111530328
0.00198775045129480
0.00199267554537727
0.00206223771221715
0.00217836486268411
0.00210161069275429
0.00199413373194261
0.00205146387975645
0.00202471455414852
0.00197691443958448
0.00196388351655500
0.00190231206127024
0.00187669778363286
0.00178881716078479
0.00168047963451087
0.00161230038278788
0.00155835540518353
0.00146799745262918
0.00134948993783169
0.00134227027804315
0.00121615333624135
0.00105578552947957
0.00103084606568373
0.000887641943617847
0.000754924930595724
0.000772807854438895
0.000671780131582214
0.000525702910563712
0.000478368214155722
0.000419648994520543
0.000323941929870060
0.000229931541924415
0.000135031387690461
3.85844624455700e-05
-5.14817427387015e-05
-0.000113797631495061
-0.000128314051426770
-0.000158371439720071
-0.000207202569312983
-0.000256723743499094
-0.000331770290866160
-0.000434973144555357
-0.000515796214117756
-0.000533870427855732
-0.000605802088522580
-0.000681957879214394
-0.000661459921801679
-0.000735571978479754
-0.000739817489431118
-0.000716662834063300
-0.000855790213198873
-0.000878939811761654
-0.000861511119443321
-0.000936803647658167
-0.000987869277827542
-0.00103168503619173
-0.00110915275380336
-0.00109379742827088
-0.00116247735820309
-0.00134065867445827
-0.00133002159931038
-0.00132840905430498
-0.00145325678872126
-0.00152994711223784
-0.00155063505820522
-0.00165778189804996
-0.00179449274523108
-0.00183822489637635
-0.00187431545149309
-0.00199050776101444
-0.00214130705755224
-0.00221342949677648
-0.00230076668096160
-0.00244653748270764
-0.00245311708516397
-0.00248119792881823
-0.00273877888275081
-0.00289427870255395
-0.00296575116858264
-0.00305320447369297
-0.00308537994946505
-0.00315794266002854
-0.00325773787273249
-0.00334728611859305
-0.00341374894775754
-0.00346953566666571
-0.00357289260880123
-0.00371206398912477
-0.00364542736212457
-0.00365633692260246
-0.00375290691937551
-0.00374085138981229
-0.00387455470387010
-0.00379777279922678
-0.00369312205691301
-0.00376246806032839
-0.00367472924077902
-0.00351886427028319
-0.00342973512122626
-0.00341117471406335
-0.00328029220753479
-0.00314184649237575
-0.00307440295548645
-0.00295076847906387
-0.00276870451627218
-0.00263329674973477
-0.00248665191805515
-0.00235123718287184
-0.00211636401629960
-0.00179216953652201
-0.00177261857740035
-0.00162495220334108
-0.00132736316938150
-0.00112881649698011
-0.000846836662914541
-0.000605798366415513
-0.000435952733605234
-0.000189624496715908
8.59969037546193e-05
0.000249352233997087
0.000548764992284703
0.000806937700174331
0.000947416304835826
0.00119294353626131
0.00144218894618362
0.00163898987963577
0.00178668575974569
0.00200911911162855
0.00218156021815503
0.00237082811154558
0.00261258688701858
0.00268657874441406
0.00265020792011407
0.00280549251167645
0.00297100312458385
0.00303876917220150
0.00313464726798669
0.00314272782944936
0.00321150477189974
0.00324387307312183
0.00328945576698153
0.00328945410263430
0.00320679130479519
0.00319491368461136
0.00318521184625013
0.00314352178516778
0.00310702070006322
0.00306602033044484
0.00291381142697816
0.00286888406327108
0.00281071214221882
0.00262260803465324
0.00256188951340832
0.00251620534190238
0.00236084737872631
0.00221896687411899
0.00205766510566889
0.00191892967946274
0.00185891591848304
0.00172807641202610
0.00158903081954222
0.00154174721289237
0.00142718114906714
0.00116776552939214
0.00102975649788505
0.000965834365230478
0.000826877042653251
0.000735314768454316
0.000613079709803941
0.000480838192880810
0.000377913319966510
0.000220625015347338
7.06853310035882e-05
1.37370472502596e-05
-8.09016878063318e-05
-0.000142835347915309
-0.000156694780499436
-0.000363529466141941
-0.000492145700931559
-0.000478813526944606
-0.000577368051592373
-0.000652446296254752
-0.000656382642865339
-0.000754750243587949
-0.000814274144698217
-0.000869764934710915
-0.000942680983910265
-0.00101832178556883
-0.00113440723712678
-0.00117450389480638
-0.00119610937914906
-0.00119525588896529
-0.00119630990478750
-0.00125816291512315
-0.00138706608134029
-0.00143438935869046
-0.00145823326667443
-0.00149743158850971
-0.00143007830822931
-0.00141733588370144
-0.00150166213994922
-0.00156596996005185
-0.00160367271256995
-0.00155606828257653
-0.00147095000291060
-0.00153792973158218
-0.00156771800692169
-0.00152095919737192
-0.00152176088924527
-0.00156636751058002
-0.00148588125469111
-0.00138516673787564
-0.00146434269269207
-0.00134101970681265
-0.00126071332734746
-0.00122976438372547
-0.00117553331878867
-0.00115333637576690
-0.000984643862372820
-0.00102171571657877
-0.000965261239950337
-0.000798892798879507
-0.000824266018505284
-0.000745430526771997
-0.000671974243093700
-0.000565356748449943
-0.000395418498146540
-0.000353187554799632
-0.000220175693217897
-0.000118260702576123
-0.000125661219726823
-4.04657478964054e-05
0.000169237227614047
0.000295778003166589
0.000422513061227221
0.000570897773433217
0.000549334796443475
0.000685036822360985
0.000871051452472216
0.000916436207888580
0.000987103415251625
0.00113742528497681
0.00123585733807943
0.00131265888520915
0.00140651389013016
0.00153367684817738
0.00174332458024594
0.00184347320413025
0.00190625188232730
0.00197304915441123
0.00211920457753422
0.00218599183605988
0.00212406213198591
0.00223973978000799
0.00228206503118003
0.00226488306322210
0.00235573257777304
0.00235736039123537
0.00241360459255020
0.00245375232408122
0.00234803463117117
0.00233674634073566
0.00237553880862407
0.00234165595598910
0.00230866828901441
0.00231678992673977
0.00231365428954035
0.00228748767393427
0.00224351046892309
0.00226602416022246
0.00226802708516090
0.00218642690406199
0.00220307933937875
0.00219079235237984
0.00197132409659332
0.00189489595803423
0.00190873954426053
0.00176253281560776
0.00172168784560057
0.00172605903854787
0.00166657988461139
0.00164985010241765
0.00158730101216690
0.00145800141816622
0.00146916276932259
0.00139199618817401
0.00128674773076924
0.00140377491619830
0.00118200183440720
0.00102774134098908
0.00109913663206939
0.000887950147323409
0.000758370965163664
0.000706249478468521
0.000657475566319619
0.000569423596678149
0.000436938452634976
0.000339440794412695
0.000219149247498294
9.72486745011736e-05
-5.04667021100502e-05
-3.53319525606111e-05
-0.000143627473620853
-0.000362669006034508
-0.000283519666031733
-0.000356413961074757
-0.000667205097352603
-0.000799971579917695
-0.000811064173470548
-0.000866176421168987
-0.000961032781276785
-0.00107966728494375
-0.00109559257449995
-0.00115483976447784
-0.00133114526094346
-0.00145964720987024
-0.00159365837952564
-0.00163768497292949
-0.00158998949970268
-0.00183349321049164
-0.00205570574875992
-0.00192520245850346
-0.00199027489806625
-0.00219407373925179
-0.00222634182867907
-0.00230064541077695
-0.00242966000660559
-0.00251615295588024
-0.00249618005745617
-0.00263014939318609
-0.00277960159985383
-0.00261210262018238
-0.00277394352429837
-0.00292435550565926
-0.00272259599091683
-0.00273882083497199
-0.00280403584714918
-0.00288518471580318
-0.00293598553328309
-0.00279333884224229
-0.00283560934718082
-0.00287398461469252
-0.00276031965689100
-0.00294849713932024
-0.00295491441794553
-0.00262944787406099
-0.00260420796099140
-0.00262052079220638
-0.00252127005271632
-0.00236231488408350
-0.00229276828876536
-0.00236128682704035
-0.00212692484604816
-0.00193626582428323
-0.00201468458551759
-0.00198242029046540
-0.00174766180010025
-0.00171484449767902
-0.00175116092152066
-0.00147520594700012
-0.00134992622403956
-0.00140578488254064
-0.00125590122865049
-0.00105072027370596
-0.00103562969360794
-0.000885661514951934
-0.000797168855687076
-0.000891711776757447
-0.000686266502172828
-0.000598948465117957
-0.000589840027411697
-0.000518245595725624
-0.000644558902556298
-0.000467046901321915
-0.000169266502988084
-0.000142063049801440
-4.43111493652104e-05
0.000200972880131634
0.000272313372427142
0.000323465617696996
0.000513578901550780
0.000566379711061771
0.000568382059233343
0.000628062304036874
0.000737739394533108
0.000865726889684595
0.00109789846727395
0.00114133827574165
0.00106672550477654
0.00125753271172542
0.00116715966415327
0.00112311144438735
0.00139660513534324
0.00145962605681717
0.00157071089663788
0.00174423406638965
0.00186246120213653
0.00196870328998216
0.00197840391949541
0.00208728678770399
0.00217944279471823
0.00213633102533407
0.00211299767193708
0.00221325639755719
0.00232536553936342
0.00235006459281607
0.00253176974303074
0.00266741393651017
0.00276546210408839
0.00294880551574067
0.00297651867276528
0.00305012061323225
0.00320364521120581
0.00323526947184377
0.00328311956510845
0.00328642312526966
0.00324680573066502
0.00348490346599931
0.00359991515958626
0.00359401556806631
0.00376562529982863
0.00382148512069620
0.00378542556133425
0.00378416775222775
0.00391277600250248
0.00395970244247309
0.00381790995495862
0.00383387409080200
0.00392941955522957
0.00392677755709400
0.00386097745204296
0.00380416603480384
0.00381227209436901
0.00366397541035909
0.00345752846104986
0.00348380517700079
0.00338638125295219
0.00311807224004511
0.00312534231755777
0.00306824573346077
0.00283958845927160
0.00284945532781308
0.00278823021031144
0.00251185472731905
0.00234041338471943
0.00220638020926842
0.00199921615851288
0.00177025152851620
0.00162289598003944
0.00145972155198137
0.00124551496180189
0.00118218348018274
0.00100390649752228
0.000718987996347948
0.000569766659421021
0.000403507059155288
0.000172231208865696
-6.59913882566343e-05
-0.000211115082753395
-0.000269497377129255
-0.000477744411246022
-0.000786131135421613
-0.000998552604972645
-0.00121913035810906
-0.00144108581560658
-0.00154505230891829
-0.00176868790636576
-0.00202891316023624
-0.00213301192788322
-0.00234854038311710
-0.00251072487805573
-0.00270306468718047
-0.00294016383558642
-0.00308523970862609
-0.00332513437496289
-0.00349667725350628
-0.00370291694892160
-0.00389353947458403
-0.00390835005808867
-0.00405684217343776
-0.00429446674553503
-0.00437218516542828
-0.00445394156857844
-0.00464496834875547
-0.00480478417706252
-0.00493391488904308
-0.00503574494511099
-0.00505312604214737
-0.00510650323027505
-0.00518580410050276
-0.00533069579534811
-0.00538937118459160
-0.00537389079639411
-0.00546251473455811
-0.00542278616732858
-0.00543520450809865
-0.00545693782898297
-0.00537755058624157
-0.00537227438194577
-0.00534159632403373
-0.00531443401054730
-0.00528066212323836
-0.00522203124765724
-0.00517016677907122
-0.00503655582531223
-0.00491678588118646
-0.00488454628857653
-0.00481501053241061
-0.00472252612771740
-0.00463676520152092
-0.00448233557076151
-0.00425588427757305
-0.00406146260292189
-0.00387968820013782
-0.00367738720670673
-0.00350644153407359
-0.00335132881719005
-0.00314728078683572
-0.00296902903704279
-0.00280072314897211
-0.00243612450045191
-0.00221710416783424
-0.00208735249061647
-0.00182209911933626
-0.00168884838404040
-0.00139623685748802
-0.00108929691274682
-0.000997022821164535
-0.000729318882585517
-0.000467045843965366
-0.000257272924257563
2.20709713508427e-05
0.000190396375655268
0.000362128928114061
0.000597471469972391
0.000858443286360711
0.00109529360254570
0.00129534508221269
0.00156693338200618
0.00174281992678125
0.00187912797871444
0.00209153659179513
0.00229728689162679
0.00246946726494051
0.00255836426288955
0.00269438216224295
0.00288298927219820
0.00307483460941128
0.00314135623989110
0.00316090165608273
0.00331774391214367
0.00341073702581525
0.00345330254444875
0.00352639507706101
0.00353896607909277
0.00362879019619015
0.00373610535492986
0.00365344895443513
0.00365090650160340
0.00367099945011262
0.00358268095894431
0.00362665849183287
0.00356371345441545
0.00349522019585578
0.00358663073171812
0.00344820307701752
0.00331271422130271
0.00328399519974255
0.00321351551512777
0.00309983054537241
0.00295244450760180
0.00292593781922051
0.00280854739540899
0.00268717320141661
0.00268995035035488
0.00251850879923978
0.00236473455059638
0.00226183028946878
0.00214100567732203
0.00210255474264642
0.00198645667401678
0.00183732296331613
0.00170206692606655
0.00155802876586250
0.00141188737942656
0.00133195999647967
0.00123644986287331
0.00105672792881649
0.00101500494494019
0.000987897684549637
0.000895364120811450
0.000758893636016467
0.000552793787132089
0.000493396866997671
0.000452109707832733
0.000344856807181486
0.000242033218203801
0.000135342952221436
7.21081766820930e-05
1.02316635974375e-06
-9.38770624287599e-05
-0.000172877742959656
-0.000208037515441504
-0.000272714543093855
-0.000331347469250431
-0.000303496420204681
-0.000363556391759516
-0.000490703809834656
-0.000549820651851007
-0.000558090546045662
-0.000541367632398817
-0.000628006333084841
-0.000659774382747855
-0.000636638551433748
-0.000661520897986350
-0.000635655548102818
-0.000696086800132321
-0.000726226091664159
-0.000699144470579256
-0.000676616333220181
-0.000636733898297166
-0.000676256727691680
-0.000759058061071585
-0.000817771923198620
-0.000852638130683943
-0.000837430002604265
-0.000749190497404300
-0.000699906821569130
-0.000765542077430155
-0.000895348492811934
-0.000876682112477454
-0.000750425657628568
-0.000664776253136381
-0.000750130540434384
-0.000799360703065588
-0.000762623519236456
-0.000879978704868165
-0.000806527011435207
-0.000656788956303558
-0.000573288354748058
-0.000444359873751239
-0.000393089595822858
-0.000366379004562418
-0.000420702866766476
-0.000420432538649891
-0.000254777607418646
-0.000224450063315658
-0.000153887248022500
2.02381215862602e-05
1.85708009502150e-05
9.24352177429455e-05
0.000246683941664969
0.000285760118931648
0.000328188122934705
0.000375348813915934
0.000377387471955331
0.000457754893633364
0.000652507527504440
0.000781644486491189
0.000865020668456111
0.000961577425443636
0.00103315192312920
0.00110550137927817
0.00120759612372410
0.00125305460715936
0.00134101037130762
0.00144236322337179
0.00145208941499590
0.00159373501206289
0.00176342942616657
0.00182192933478689
0.00191720736173096
0.00204175770499603
0.00210029214684198
0.00217481992813049
0.00225409621952821
0.00234129349345409
0.00231628961971211
0.00226239275238640
0.00247490144616620
0.00259694182970804
0.00259657579411595
0.00266569941870813
0.00269681813468708
0.00268529752297354
0.00273616613938458
0.00279782689251675
0.00275184881548199
0.00270771700128961
0.00269400499895170
0.00267535302809137
0.00258320904348352
0.00244524438559409
0.00247789156119950
0.00251157650261263
0.00230331174480227
0.00213121685011700
0.00201171844808258
0.00192005221836652
0.00185783994506878
0.00171127007166859
0.00164058022461006
0.00148579661351562
0.00127953926843318
0.00119763800917788
0.00105550919494931
0.000827317137994328
0.000512003635292722
0.000288274533015098
0.000279383515916507
0.000217525468973143
3.43679378378425e-06
-0.000172914033812823
-0.000297471920033487
-0.000507505296980710
-0.000742354456693946
-0.000807460142121030
-0.000988113610150379
-0.00126337202555320
-0.00142178109282270
-0.00161611752909721
-0.00172394151948708
-0.00175717360270127
-0.00180986023652139
-0.00204917690560279
-0.00233273417602163
-0.00250783601787759
-0.00259592370632532
-0.00266304840234909
-0.00282703967064123
-0.00293742554831312
-0.00305612062670861
-0.00319284363786238
-0.00327455317815378
-0.00331474137951801
-0.00337210539820745
-0.00345343848728845
-0.00354436427730434
-0.00371806757687324
-0.00379238015412767
-0.00377000389453514
-0.00376239017022016
-0.00373410955532819
-0.00381321255324536
-0.00387856724666847
-0.00385686320078719
-0.00379833855507883
-0.00376896833668383
-0.00377013753189033
-0.00369367738558651
-0.00368726449158288
-0.00365721519997805
-0.00350421384210108
-0.00337650334041712
-0.00340766638982103
-0.00337549220105387
-0.00324087207859776
-0.00323275624561802
-0.00319065740219031
-0.00308741687434406
-0.00296685392732599
-0.00281611170524940
-0.00267541963049865
-0.00251079148683033
-0.00237512011935536
-0.00233670956093732
-0.00216682822390169
-0.00194171267966794
-0.00187701891901128
-0.00174256487711460
-0.00148723428042075
-0.00126086266577829
-0.00112123786016539
-0.000969519031705346
-0.000736064487257835
-0.000481977557198690
-0.000265025052059826
-8.50158291009962e-05
0.000137193205703454
0.000353586422001655
0.000561604604928547
0.000777833322828556
0.00102059512427815
0.00124333829731626
0.00143095104505708
0.00170519160254464
0.00192039745054744
0.00209550081984361
0.00238493370503585
0.00258551537858891
0.00265969922628303
0.00284003617119598
0.00299241585852130
0.00308865614333389
0.00334988746995478
0.00349732127082653
0.00346724414654652
0.00353626411493600
0.00362873889761922
0.00374587937061577
0.00384341902611794
0.00384425504032713
0.00384454584868358
0.00393746109892298
0.00396387173213391
0.00385501001207956
0.00384875438085544
0.00383003100646562
0.00375872722457089
0.00370447224737120
0.00364140442491973
0.00353429765316072
0.00341681142945092
0.00345943822225586
0.00348751235142345
0.00342796958587478
0.00325592534161601
0.00307008764967563
0.00303687231430516
0.00291183048916707
0.00278335472567143
0.00265228218494546
0.00256651837587050
0.00250655600896089
0.00223809830113474
0.00216043753756949
0.00212632899840938
0.00182806132913619
0.00163202926111638
0.00157013490576221
0.00140389528717002
0.00114944047267624
0.000968078306262186
0.000881573582482176
0.000681295350923463
0.000354642526823525
0.000157031512767887
5.67425998276860e-05
-0.000266349559786079
-0.000516945301299359
-0.000571460886112476
-0.000907538389993476
-0.00113276769230609
-0.00124813671056742
-0.00159774531270969
-0.00179905802012854
-0.00189791548675430
-0.00215993386816933
-0.00241999664518062
-0.00258533619038758
-0.00273995498159763
-0.00296109459899043
-0.00314965691621495
-0.00333181823865090
-0.00348862398449029
-0.00354108661699627
-0.00374054205503654
-0.00390465219564078
-0.00392490696581689
-0.00409927533410439
-0.00424132938062797
-0.00419788308282477
-0.00427195256690112
-0.00439392936612137
-0.00438345574714958
-0.00439726447574088
-0.00436893781003505
-0.00438328212008969
-0.00440097760179640
-0.00426827096807756
-0.00419136878863725
-0.00418144493801492
-0.00407901710412858
-0.00398302444489616
-0.00398045673900100
-0.00380322770467188
-0.00353560918774804
-0.00337166490708285
-0.00332800359687866
-0.00315710998441858
-0.00287429868193016
-0.00268878734895793
-0.00245949947459195
-0.00223672448875448
-0.00199728025954045
-0.00179575258491809
-0.00171795332446777
-0.00143528613684282
-0.00112550065323362
-0.000954530722653573
-0.000641032503784800
-0.000377444905185911
-0.000236353069391271
-3.52354033799429e-05
0.000230255725501678
0.000345406853092740
0.000463919886133226
0.000742876856064996
0.000955637808104761
0.00110079145689678
0.00124463201625739
0.00138628366738828
0.00157836152322304
0.00171193149631562
0.00175077596911500
0.00188028943176271
0.00191042191842101
0.00192791469221390
0.00206467777124615
0.00213308217991745
0.00213482201481966
0.00208672874960776
0.00215877390613159
0.00214924708981329
0.00214525170574660
0.00227014525676935
0.00216412316522778
0.00217653555402151
0.00225181545710640
0.00213827645171421
0.00207507027195504
0.00205850001324095
0.00207207933883268
0.00212829590861318
0.00210326811978504
0.00198876333243703
0.00202336263875296
0.00199210029948219
0.00183549419184075
0.00183348926277148
0.00183009931785364
0.00179513861407372
0.00184507993591183
0.00177398042720739
0.00168507899434132
0.00180729813431157
0.00168915715337334
0.00147413692851615
0.00149780065470935
0.00153454254747771
0.00149384097790858
0.00145689334614104
0.00151466295480503
0.00150439464461925
0.00144083409043333
0.00137597954424649
0.00134257222257730
0.00137823159552028
0.00134010429970004
0.00129700053481997
0.00126663348835308
0.00129739041553847
0.00127709556826659
0.00119270257178727
0.00122792206813500
0.00123222844799017
0.00125197266556739
0.00118716989885343
0.00114032110013923
0.00116977308622964
0.00108094372427900
0.00108447924288896
0.00109885701309267
0.00101428848001731
0.000966543438140519
0.000967939309593788
0.000941428499036192
0.000866519222951610
0.000877999948558852
0.000836094688732771
0.000735661948429396
0.000822934207594699
0.000823111991174557
0.000735209793270428
0.000814655909699411
0.000811853917649970
0.000736041408842567
0.000681474433530909
0.000508212000196693
0.000514494956127365
0.000579616111246821
0.000479008737564968
0.000422830008163260
0.000386699172817799
0.000353919692561426
0.000274366195779550
0.000255079999225423
0.000236647263292493
0.000102972799005645
4.29770241848537e-05
-1.35102530178921e-05
-0.000113345557847504
-0.000228189515478139
-0.000375946151321642
-0.000377560930676957
-0.000450024349551832
-0.000638248083125141
-0.000732465797248310
-0.000837746478173713
-0.000927562435580782
-0.00104385699091111
-0.00112525222863908
-0.00118241739959011
-0.00128979858945463
-0.00138797732324250
-0.00145298306657367
-0.00150691074333736
-0.00166212384934141
-0.00179792093128427
-0.00187729052290365
-0.00195068546875191
-0.00201937989651654
-0.00210393288791678
-0.00220431727957134
-0.00228128518604962
-0.00228300963706189
-0.00234693147284517
-0.00245277345316936
-0.00245074446450943
-0.00246050039653554
-0.00253568494220161
-0.00248650458094957
-0.00255665889278262
-0.00265479224288626
-0.00261352747687056
-0.00265672760381463
-0.00261101899695731
-0.00256473572852428
-0.00261054319067355
-0.00256290157222892
-0.00242015176688085
-0.00229391424372594
-0.00218653717787873
-0.00209762248285529
-0.00202587198325574
-0.00191781427334774
-0.00178694849321587
-0.00168325668728286
-0.00158663497260946
-0.00143252344693465
-0.00132783231143321
-0.00120155491819574
-0.00109652975859930
-0.00104724130045213
-0.000989357574477694
-0.000872330338750444
-0.000708844935110591
-0.000579864207601304
-0.000424722063574272
-0.000327737429160706
-0.000186773972810208
-1.10520267738679e-05
8.21157595804678e-05
7.99538483538154e-05
0.000175355841274616
0.000292941341169959
0.000280462943456516
0.000398386400390667
0.000557146678161935
0.000628272731919104
0.000704638979009182
0.000698337456634448
0.000715651529103454
0.000787419183666813
0.000785377639599005
0.000849340371001972
0.000896655684162226
0.000897049299925925
0.000865557996474493
0.000889707715938641
0.000984086637773771
0.000960911681678738
0.000950374393809170
0.000937301645295605
0.000946288009471630
0.00102149890717413
0.000955820601626840
0.000932320548269701
0.00100416559874148
0.00103352548710816
0.00100945985592801
0.00100851766993330
0.00106952647863196
0.00105497317111173
0.00107559790607510
0.00106215614104045
0.000994101132790633
0.000961126427412324
0.000936440413375124
0.00102184403973382
0.00107957491644100
0.00108425081413287
0.00110431305751348
0.00109117915909650
0.00107273123867657
0.00103784113582606
0.00113326197430212
0.00121819785356820
0.00124559429267350
0.00132155055601288
0.00129637324008712
0.00130446397741935
0.00133976349779260
0.00138949764658662
0.00146969997252540
0.00145156418217255
0.00144639106527535
0.00149650266287807
0.00151311107839831
0.00155536577904144
0.00157407116007164
0.00161923226207477
0.00169008920480763
0.00174187361496081
0.00186186045849610
0.00181687364524493
0.00177242408983830
0.00180765566305212
0.00170323720812547
0.00168992910030312
0.00174634398807086
0.00177541507793947
0.00184089784077628
0.00182491285577399
0.00172797107889252
0.00172174223456054
0.00173738694947559
0.00167233443474288
0.00163022557204002
0.00162669491487492
0.00157035376989327
0.00151685669785280
0.00147735836559576
0.00142227250747595
0.00138681317102268
0.00131871260297871
0.00129362808752759
0.00124650937876410
0.00121414625520963
0.00111485256082879
0.000985532022134308
0.00107317153228593
0.00100527196568436
0.000898581060644830
0.000926795750530474
0.000812684988990782
0.000674446710366041
0.000638830267497852
0.000638807844848426
0.000575330405996084
0.000504340844947375
0.000428174201554654
0.000376134869605167
0.000313549659586236
0.000177110953393935
0.000109157625581346
-8.22509523160875e-06
-0.000123228156483393
-0.000239792797739398
-0.000374427402480677
-0.000379471294060920
-0.000424666518380405
-0.000572091967811588
-0.000715277816168225
-0.000772762894363837
-0.000864247661685766
-0.00105080691652248
-0.00109674777777215
-0.00116781507143230
-0.00134276758315309
-0.00138939471041539
-0.00146183516349169
-0.00161411466463591
-0.00171380457047178
-0.00181647282557492
-0.00194391370492355
-0.00200586352631291
-0.00204870473019923
-0.00216686953994042
-0.00230530942004719
-0.00239555082879264
-0.00238139228505133
-0.00240624155160987
-0.00255467950102172
-0.00257808351291715
-0.00253770552763797
-0.00259579088064385
-0.00273540953450606
-0.00283949512508315
-0.00288998105926112
-0.00292064933201999
-0.00295034632186344
-0.00298665394651664
-0.00297693634140899
-0.00297885658107447
-0.00300330717751137
-0.00298958293513095
-0.00291208139336135
-0.00293553653751417
-0.00294254772367708
-0.00292543763402904
-0.00297770689907424
-0.00287435544818237
-0.00277489698622020
-0.00273152669724254
-0.00267319525492610
-0.00264654889064332
-0.00258474029510296
-0.00258119033585984
-0.00250192960390450
-0.00235917687610566
-0.00233542949749705
-0.00224112539413852
-0.00202352621917498
-0.00190845835621644
-0.00185424493444060
-0.00176472864988568
-0.00163883064770062
-0.00149428921120318
-0.00148172075666906
-0.00145031837665655
-0.00129058500449162
-0.00116741780427589
-0.00111492816904345
-0.00101297675202503
-0.000857110582467726
-0.000612937464310761
-0.000662773072222507
-0.000774419265924138
-0.000402759418809850
-0.000217098432735341
-8.87529748666793e-05
6.45630750153003e-05
9.16954428307548e-05
0.000199812977414275
0.000251852449703804
0.000367352450573417
0.000369168318316095
0.000429478081817987
0.000594628979480358
0.000702121297274019
0.000771929414782768
0.000873519689928699
0.00110706235449911
0.00114557655994375
0.00128541402849436
0.00145106996844554
0.00150262260929921
0.00170422238840956
0.00178118453971194
0.00182941845099293
0.00182451849061664
0.00184772764359408
0.00199825013471198
0.00211470695167293
0.00223558676416772
0.00234094170448188
0.00241389476216654
0.00242239283378865
0.00246623416497329
0.00246972252630286
0.00256912713683562
0.00275363907157953
0.00274066685833503
0.00277392796985140
0.00280901468574399
0.00282665124719557
0.00287315301081520
0.00275848889380569
0.00282183646185501
0.00292929529634193
0.00283088797493264
0.00283262427780812
0.00294993545256972
0.00299399347101854
0.00283417472513378
0.00276226021126291
0.00287641925396059
0.00284990755752091
0.00274777987747200
0.00279047937675472
0.00274164013487734
0.00267075678815644
0.00270594596719576
0.00259898003427907
0.00254477497361393
0.00249686332276440
0.00241563185860684
0.00235957660338215
0.00218788589235317
0.00212961065327463
0.00211432144092583
0.00205323713837302
0.00194917850888501
0.00189736093175952
0.00189686284434586
0.00164815876221581
0.00154502910482393
0.00161374052042163
0.00133753732131055
0.00103773604167074
0.000983572918011930
0.000842273343776014
0.000710473955099573
0.000639230132565771
0.000547856150228157
0.000440106295630400
0.000266811437427919
0.000186905884169981
1.48644796693631e-05
-0.000157123503610617
-0.000175358757146391
-0.000418474189866789
-0.000607147220278428
-0.000653957650470005
-0.000848458193305888
-0.000950985284355568
-0.00106097237988962
-0.00121272803573675
-0.00134988944015248
-0.00158234716098818
-0.00174572989442574
-0.00177642792681539
-0.00189644910129275
-0.00200686239214036
-0.00204374188851205
-0.00217610113991796
-0.00227940411486614
-0.00238894428761782
-0.00246727430093600
-0.00252507144112229
-0.00256651952375179
-0.00256522320084457
-0.00270780758003937
-0.00279044428116563
-0.00276200368287192
-0.00285772234804256
-0.00286674267958631
-0.00276954032032648
-0.00282312218841355
-0.00286893486607767
-0.00280469494468889
-0.00286200013640212
-0.00294550328051770
-0.00287915820341880
-0.00282613369520647
-0.00280821199737090
-0.00282392048353444
-0.00279209855730187
-0.00269123766441084
-0.00259948273815866
-0.00249845326288806
-0.00246192251298964
-0.00238204739645454
-0.00219410458976881
-0.00210343566258331
-0.00209024931702132
-0.00196304814383410
-0.00183376794965923
-0.00177017852870350
-0.00168463581005781
-0.00157591143725057
-0.00149408712182819
-0.00131624369643731
-0.00112119060355212
-0.00105896256351627
-0.000978758329196268
-0.000849785265353944
-0.000745630314685286
-0.000650025455426118
-0.000454301638677919
-0.000351135204599373
-0.000274405394612387
-0.000218504371822874
-0.000173334639965788
-7.05603926036247e-06
9.35905863789799e-05
0.000237885401388454
0.000269072129309436
0.000310534377422620
0.000481057956990405
0.000507796785542833
0.000544460412552681
0.000644649331251763
0.000695446861437317
0.000718642497591553
0.000712828036033155
0.000726373746034135
0.000753360670285694
0.000768076222846901
0.000802128538741371
0.000745303494730507
0.000772107833283044
0.000855763802492717
0.000825955194542090
0.000816041366458933
0.000799906872369718
0.000770960000169580
0.000741690439748197
0.000821633762218710
0.000945117020011139
0.000752490743932412
0.000552705171976982
0.000612573580206828
0.000696936231840226
0.000729132664223897
0.000674980148224904
0.000631719244822051
0.000606989900573183
0.000618423831770087
0.000581265569313843
0.000506540685257306
0.000550886458198789
0.000578175076876590
0.000616985982112794
0.000647889434161613
0.000657140363008324
0.000674946301877384
0.000654705051005777
0.000661973777044267
0.000695684938761332
0.000711123119189097
0.000753342491644276
0.000819233484260451
0.000808368843210587
0.000758907804926423
0.000815708888952997
0.000881562271855216
0.000951295923756561
0.00102764630653638
0.000982538218506477
0.00104761683437431
0.00117467807454915
0.00120593994961894
0.00129885693124947
0.00136326987536762
0.00142498130482409
0.00150397578205997
0.00148820936320448
0.00161948064417743
0.00166102706825427
0.00161966303881911
0.00173247829935661
0.00179188266161646
0.00179660104362711
0.00182867796633047
0.00185027363703540
0.00184659448697829
0.00188080457788089
0.00180829036613289
0.00181170560139009
0.00188761337884841
0.00192624493647230
0.00198659734246320
0.00196190783324596
0.00187861602646422
0.00183170622812980
0.00181767721391083
0.00174609198091048
0.00166744972855128
0.00159268080194067
0.00159161446732199
0.00154244971377182
0.00136763376320062
0.00120872251512267
0.00112590207285820
0.00108184981149179
0.00101354726414215
0.000995424224493036
0.000913496126518538
0.000704497046550614
0.000563417340553230
0.000549163682795353
0.000505259483316181
0.000342071309864664
0.000210287284544890
0.000206375732512498
0.000143871015194819
2.50891188439795e-05
-0.000134719632536076
-0.000218763466590950
-0.000185642959746772
-0.000315279891961993
-0.000456036199779781
-0.000487740457937109
-0.000556398185427565
-0.000636886067924509
-0.000661188889114754
-0.000729899383964430
-0.000847027371084650
-0.000965081539223967
-0.00102660660195124
-0.000954398285957048
-0.000984597856192053
-0.00106786430850811
-0.00110665435256053
-0.00129207781691164
-0.00135346217974458
-0.00130921086002950
-0.00136807860827027
-0.00140600672762758
-0.00141110757701213
-0.00144239064628650
-0.00151620562721490
-0.00157034171233661
-0.00163818626996331
-0.00167692837871499
-0.00166769204201032
-0.00167518817724783
-0.00170060180177330
-0.00170347196471184
-0.00175961959581841
-0.00183475859682048
-0.00187509232559449
-0.00189566277806165
-0.00183598426816985
-0.00184552536511731
-0.00194212439340546
-0.00187830232789779
-0.00183329960458806
-0.00190613006236461
-0.00182990733202345
-0.00173584331035784
-0.00169545646497909
-0.00168812406887554
-0.00168219549609447
-0.00166088147299135
-0.00159605577184877
-0.00160031081005130
-0.00158060241190441
-0.00137869082994499
-0.00131356021863624
-0.00132923611220832
-0.00121621739421329
-0.00106146062055188
-0.000993821043544187
-0.000969379593489634
-0.000898368857984906
-0.000804181869302738
-0.000764649464247213
-0.000620709540671527
-0.000480566883159668
-0.000529529878190402
-0.000436192475672215
-0.000229516417521438
-0.000155686636674943
-6.14722342695728e-05
8.99159873767275e-05
0.000168532501389365
0.000277345989368598
0.000401196051558443
0.000520525516301049
0.000609099846795758
0.000681286752575474
0.000829022819848007
0.000886211331949056
0.000950400418990434
0.00112480040614997
0.00125581998829240
0.00124525486415017
0.00130141626882136
0.00143420575471348
0.00144798881796616
0.00153196464170783
0.00166009494200193
0.00175243494249367
0.00186796739171586
0.00197228894597870
0.00195348583994619
0.00199805249807201
0.00208554894674209
0.00205850294616436
0.00215418985471353
0.00224495117145177
0.00230456694979154
0.00236108428950403
0.00232153431168092
0.00240928586039259
0.00245562414363540
0.00246927495155839
0.00251645132916986
0.00240356137588071
0.00248978134142302
0.00256506763191673
0.00240434555484526
0.00239661976695921
0.00246441335742418
0.00235173887095982
0.00230502037391020
0.00228330405496870
0.00223116290189971
0.00220423047929479
0.00206525058314995
0.00204029822258477
0.00197624735533658
0.00188140214260301
0.00174966307974799
0.00162239083819983
0.00165505440705360
0.00155378911470407
0.00140800910141849
0.00137817647953824
0.00123188830649468
0.00105367028348425
0.000996025083971404
0.000807020567843466
0.000596866069969622
0.000527076108990912
0.000390789933434235
0.000132712449158703
-1.15129977137940e-05
-5.77367031897325e-05
-0.000263350177910411
-0.000412308760652138
-0.000492559244209474
-0.000735022295782528
-0.000916038679198437
-0.00107921186467877
-0.00131570611226806
-0.00149075427700438
-0.00166594372207413
-0.00180910128878963
-0.00192644403724415
-0.00211576943672839
-0.00228638941016982
-0.00251256971405383
-0.00270347165611952
-0.00284720153784406
-0.00305630110949494
-0.00322524288128079
-0.00342169974234366
-0.00350908877219638
-0.00355667773281994
-0.00368932867392800
-0.00385664782501010
-0.00405650303233983
-0.00410489170324752
-0.00406964445909409
-0.00419506248055996
-0.00429480833828961
-0.00432765779462500
-0.00438191334037754
-0.00439299462312022
-0.00437484480301464
-0.00439981409368784
-0.00441588056119997
-0.00424074906612873
-0.00419793163129100
-0.00426050778144145
-0.00413532884982430
-0.00403572472090104
-0.00395038503531168
-0.00383495771309015
-0.00374486648424181
-0.00359899488170868
-0.00348595116509102
-0.00341693504212856
-0.00326911805865507
-0.00305770803660522
-0.00286681283897252
-0.00269226632967701
-0.00249185414208370
-0.00230952552111006
-0.00217305683968135
-0.00200146816499284
-0.00178483632309366
-0.00155710161886418
-0.00146014068406799
-0.00135848012904120
-0.00111035817075333
-0.000947492475657725
-0.000767977027650488
-0.000586187700632337
-0.000433654084546333
-0.000231921027492632
-0.000106241616360023
2.43458540285246e-05
0.000204659602439250
0.000343557761638351
0.000471916063988616
0.000616861639793385
0.000710675905060043
0.000832169264883191
0.000998164594775179
0.00107738606439664
0.00123131470051055
0.00127544815378105
0.00128239092748213
0.00144696701706888
0.00150334476374532
0.00166156993274470
0.00179675385786346
0.00182501016104396
0.00197378274136852
0.00206036997015048
0.00208419747067410
0.00214697419493447
0.00224246524502760
0.00231674397501152
0.00236695802979625
0.00241318253019102
0.00240416520135796
0.00250609076980396
0.00265817332433897
0.00262901190584472
0.00260669940910560
0.00269249782454978
0.00271649745986338
0.00265468352639715
0.00268511273003128
0.00272357887830481
0.00271888781333161
0.00278835512034135
0.00275220756062993
0.00274384425623708
0.00278889224995424
0.00272376466020575
0.00268915354104649
0.00269587749700378
0.00272125097705271
0.00268872403105888
0.00267128668192953
0.00267230001806951
0.00259116312060257
0.00256047993976466
0.00252533636627902
0.00249336688782051
0.00241179279324086
0.00236275576607767
0.00245580015743968
0.00240229757221130
0.00229896337965073
0.00221772347964361
0.00217103763805710
0.00212034786847823
0.00204340361466990
0.00204223626091221
0.00199062848275133
0.00192978870115837
0.00182919342467500
0.00174419692914029
0.00164292460222725
0.00153318316351118
0.00146792725633702
0.00135280441279320
0.00124963796027089
0.00114540698571659
0.00109605226577202
0.00101790922067238
0.000892300882313748
0.000788238423805581
0.000713937609059485
0.000679244952609963
0.000499032130369415
0.000261502463054626
0.000235911076372304
0.000179492411340902
1.95655991312549e-05
-4.75896222566519e-05
-0.000209380036201168
-0.000362410409239544
-0.000389258903131093
-0.000516706248353955
-0.000595407914364472
-0.000641616141396071
-0.000765652491718072
-0.000846485056951707
-0.000994294843143138
-0.00103569503480159
-0.00106363654472808
-0.00119034123225632
-0.00122437791846593
-0.00127133603838793
-0.00133283713907716
-0.00141186500969674
-0.00147343076081626
-0.00145947817371997
-0.00143419007395341
-0.00145876864511486
-0.00151520162180951
-0.00157917912158730
-0.00159417735396840
-0.00149034405258146
-0.00143421385106233
-0.00156222266231602
-0.00153774578454948
-0.00150034846507067
-0.00157047618634773
-0.00147390889099148
-0.00139043978970246
-0.00134505505067697
-0.00138622302066334
-0.00135532064361718
-0.00126180203396727
-0.00127703749973326
-0.00121939572622444
-0.00110435576042539
-0.00100303625574419
-0.000980250688332509
-0.000979695193664130
-0.000867786908406716
-0.000791117885437718
-0.000771752236649714
-0.000620422981840623
-0.000472676539210539
-0.000549949053392629
-0.000661064223078212
-0.000559437591578105
-0.000444044973474771
-0.000429248385903422
-0.000326495481964466
-0.000212990950528154
-0.000200447016383976
-0.000128498227158067
-5.47889155118053e-05
7.69864333393322e-06
3.08824076959580e-05
-2.54107020465266e-05
5.55578597273620e-05
6.04134643702836e-05
7.60777466089524e-05
0.000206447500539555
0.000156383757735256
0.000172536576963693
0.000235584919853680
0.000192426258167022
0.000268606709883290
0.000251323514187285
0.000163692729920593
0.000329088339247958
0.000420602399157737
0.000396999160241975
0.000429952214870886
0.000402648249502775
0.000372329066984714
0.000395174631454580
0.000515782037786901
0.000578731606942045
0.000488150242121943
0.000529551241939048
0.000586687652518014
0.000509568915516825
0.000524634178351420
0.000550895314054252
0.000519843741637400
0.000591586553157315
0.000653073121802548
0.000651089869984389
0.000663471216019595
0.000642503134667418
0.000659602270573632
0.000689030396993373
0.000681640554890022
0.000656008561347090
0.000600114751925142
0.000575538820876611
0.000589573635178660
0.000643602701273327
0.000658860536986561
0.000573371737702963
0.000486680419192389
0.000421729853528223
0.000414257482102354
0.000436701052463313
0.000413373177237784
0.000327166163818600
0.000254854455584628
0.000219843632029644
4.24824729827833e-05
-4.98270390976074e-05
-6.03340582668110e-05
-0.000214159040341144
-0.000294818802552683
-0.000383099688494823
-0.000560922858831638
-0.000682000982442048
-0.000757908313291438
-0.000879344193940952
-0.000920304367738254
-0.000982003805318854
-0.00117083836824222
-0.00121269506998480
-0.00125578302913048
-0.00148149291310013
-0.00158904092065697
-0.00157971910845099
-0.00168198593225682
-0.00177447673022030
-0.00182774821498782
-0.00188332675802243
-0.00195504211796639
-0.00190723485467167
-0.00197541883587675
-0.00216423524255937
-0.00202333350452605
-0.00203748258868750
-0.00215600689865234
-0.00207703174071661
-0.00210008611499688
-0.00212387722438042
-0.00206731016768096
-0.00193870096739293
-0.00188570932790984
-0.00184567547703111
-0.00175552881908624
-0.00173139087844435
-0.00163626730447630
-0.00159105541255938
-0.00156264827802222
-0.00141136939545586
-0.00136021703650435
-0.00130941235661727
-0.00113481300047294
-0.00102693344327875
-0.000893269721968046
-0.000736708003676228
-0.000562455939644408
-0.000400625472678371
-0.000384107154891211
-0.000273595600769170
-8.09097306572681e-05
9.68363407331197e-06
0.000158584273339102
0.000319449371446012
0.000478268686068191
0.000536654947063795
0.000560097898691794
0.000704233570342581
0.000685045285788135
0.000950495696603753
0.00115189778943559
0.000973711068393755
0.00119790374355290
0.00131627397089375
0.00127486864497314
0.00135924376389440
0.00140013039266478
0.00156287584412070
0.00150290831718820
0.00154121427695827
0.00163648135981134
0.00159327446124991
0.00168262003525996
0.00179646472238460
0.00188379133601302
0.00187136062340016
0.00164257721004276
0.00176539916417795
0.00175292833242537
0.00153716221322497
0.00172062566337161
0.00158091876686143
0.00169342734905513
0.00182526777978751
0.00176019138334397
0.00173389578138028
0.00179907637159857
0.00183951769348795
0.00172297009964268
0.00176579718328497
0.00164371751773047
0.00147051381375206
0.00149477317536991
0.00151117186678732
0.00149714923731665
0.00144779959881902
0.00140953306300446
0.00147099439689384
0.00143759724294398
0.00134964551062922
0.00127985283763934
0.00130512360061914
0.00120935962848961
0.00107487987136693
0.00113484951619427
0.00109930161158587
0.00105023073636914
0.00104468198050910
0.000989891821316178
0.000950238679524773
0.000896964899848172
0.000860793190624065
0.000758011802518865
0.000726837837855214
0.000746605924118739
0.000733691234511298
0.000700599174171828
0.000595775081097827
0.000601663122355944
0.000506688665933837
0.000477243291227865
0.000567738658179593
0.000403098185828412
0.000306319235408239
0.000295940325977711
0.000294891495112353
0.000278507504641823
0.000106992372382848
0.000182640382471959
0.000199220105083242
4.16822657368243e-05
9.11242857343098e-05
9.29393823443547e-05
-3.88854560362972e-05
-0.000123295989233867
-0.000117993130451453
-0.000147596652741555
-0.000143111034966523
-0.000126381861034943
-0.000198207820544951
-0.000317900519289651
-0.000324713905382552
-0.000328827483710938
-0.000393505432102970
-0.000449092247757292
-0.000475502324417505
-0.000422034671905784
-0.000423368048591897
-0.000462203286161085
-0.000555836277426494
-0.000544606691428520
-0.000549836197452578
-0.000747866998142701
-0.000775514344754260
-0.000738238330113878
-0.000771376896272975
-0.000804907292226815
-0.000843839631884889
-0.000856398138600536
-0.000955640563701401
-0.000976204324556793
-0.000915165646408198
-0.000906922194443958
-0.00100576748140472
-0.00109182452688692
-0.00107799025871561
-0.00119296360724821
-0.00124755392461772
-0.00118746472027773
-0.00117928087965417
-0.00123210570509251
-0.00125338408066661
-0.00130173861189981
-0.00129379543516066
-0.00128312214493647
-0.00143716644444012
-0.00142538137043651
-0.00138668052290704
-0.00138001736648526
-0.00136641598831154
-0.00142610408722483
-0.00139762577775770
-0.00137803394928078
-0.00148123345788775
-0.00153534008377640
-0.00146452793180174
-0.00145282336392697
-0.00152848952547309
-0.00148481784753542
-0.00137103102850539
-0.00137628250132508
-0.00136101992662667
-0.00131443073340371
-0.00126433787650882
-0.00120843939936176
-0.00121678899206930
-0.00114293295426201
-0.00105296508123306
-0.000987717831299939
-0.000891892713668696
-0.000896506651872464
-0.000800990841277294
-0.000701805909813853
-0.000705826319681435
-0.000583743589767156
-0.000565592060734144
-0.000495398195049122
-0.000353425934509204
-0.000342940688532005
-0.000245515379998000
-0.000135543261330682
-0.000103842117413180
-8.79572852732125e-05
5.51321340626032e-05
0.000134906576373162
0.000139468897907094
0.000241228110082190
0.000308804382532699
0.000359834918397297
0.000398487599907185
0.000449725927495024
0.000616281161986692
0.000719977014630757
0.000697130249475748
0.000793292016721523
0.000863884249981126
0.000826666838411541
0.000909264120682991
0.00108514947674664
0.00113032189289228
0.00121447553388478
0.00137640892964768
0.00138576330316525
0.00144211341558716
0.00145657247735471
0.00144913084973680
0.00170625308481846
0.00177383116212582
0.00175447083576145
0.00192720088922215
0.00193671760115166
0.00193432946132674
0.00206509918899187
0.00205765678627600
0.00206524621887638
0.00216532319012757
0.00214481661683891
0.00218504168177319
0.00217965674834460
0.00216965480379756
0.00232778983275935
0.00233462242532539
0.00221726728736869
0.00225579047098535
0.00229509268020479
0.00224949501074875
0.00221483096260243
0.00220308161967367
0.00223948498285708
0.00219830961061732
0.00214050977570750
0.00215255373056429
0.00212830548245535
0.00195942325542944
0.00177401194053019
0.00178196221129561
0.00167659579042834
0.00153257547253531
0.00157400922737395
0.00153058036112164
0.00143538917262443
0.00130317460612285
0.00116012638865143
0.00108633116593896
0.000954666451927491
0.000816616927052785
0.000739156584777803
0.000648210913984428
0.000545484598702828
0.000405355360661304
0.000287613022241757
0.000183349144652709
-8.15477805815590e-07
-9.91814562891591e-05
-0.000189926071751785
-0.000337956648808841
-0.000496958044202529
-0.000613182127502228
-0.000700784993611308
-0.000839490170657200
-0.000865922271767374
-0.000989216628147034
-0.00115285290723776
-0.00118217719569628
-0.00135515554914917
-0.00151081015412274
-0.00152332653765740
-0.00159258691896099
-0.00171330407503945
-0.00180793231548421
-0.00183939575813554
-0.00190141074511786
-0.00199372280719587
-0.00209531779520461
-0.00218700429335001
-0.00219042557126357
-0.00227108004538536
-0.00236938239914963
-0.00235095326810466
-0.00237084462929062
-0.00245391223184356
-0.00253687572452520
-0.00255940833199418
-0.00255674718598442
-0.00259370483853104
-0.00258798545152445
-0.00268544046728692
-0.00271598446064843
-0.00268623835729073
-0.00274506185042696
-0.00267757292595547
-0.00266256394765890
-0.00263989696623298
-0.00258027748413923
-0.00262092907770153
-0.00259211072987313
-0.00258219094533359
-0.00260294489094434
-0.00251344696507886
-0.00250117664893992
-0.00248331355142710
-0.00233751048431856
-0.00228180233871996
-0.00226970454668930
-0.00218414385996624
-0.00214761991849514
-0.00205681460540148
-0.00187098827162515
-0.00182670470058952
-0.00177310811021925
-0.00166207817145533
-0.00165333787518563
-0.00157774451690045
-0.00148358389815229
-0.00144689493113333
-0.00134869060426610
-0.00127544327740509
-0.00118397841938702
-0.00111838601795938
-0.00110024184551506
-0.000988885804086408
-0.000888279357578767
-0.000865948612482583
-0.000806987267863519
-0.000602430446243858
-0.000559792810132791
-0.000578535035299410
-0.000371522463165661
-0.000327926804618244
-0.000352545842074292
-0.000185276580634195
-3.65508204387766e-05
3.62899439686260e-05
0.000107410553580749
0.000111406388370341
0.000239010545346794
0.000431387397478460
0.000432257404967906
0.000469179382252101
0.000559879636279987
0.000595874936593681
0.000687302920528161
0.000819296956280056
0.000871312797488351
0.000902786633709454
0.00101802766527562
0.00113926649587057
0.00125622410918254
0.00136375111808327
0.00137552965136024
0.00149679514543109
0.00165562529735595
0.00162378929636162
0.00164512756170268
0.00177349454784078
0.00186924487329833
0.00195290458738711
0.00201648628184216
0.00210974225266696
0.00222135109465256
0.00225835337053752
0.00230210294868968
0.00238383219319076
0.00244002606557984
0.00245144556210363
0.00255787149221675
0.00265529660402564
0.00265237405729266
0.00272780806698876
0.00273402057105187
0.00265743976010214
0.00271567089972024
0.00278634456381241
0.00274191146147018
0.00274918059545030
0.00270181641596651
0.00267730018422242
0.00271591566072573
0.00269018011475595
0.00269856465538652
0.00266940914238376
0.00257188478002490
0.00240007178542726
0.00231533857240521
0.00228728401240772
0.00221539324630669
0.00214754851794396
0.00204080618275924
0.00196766085159695
0.00187532171405280
0.00178204777562769
0.00170105614884349
0.00157949900267127
0.00150298010836522
0.00134118537233334
0.00119645976874835
0.00113970722214631
0.00102230239855302
0.000959772857398207
0.000857046648025914
0.000690547224883460
0.000576348528947790
0.000476856194685098
0.000428537694859870
0.000361457680651398
0.000218891861153807
0.000126069558494635
4.87435751131216e-05
-6.26017143788715e-05
-0.000161459087775597
-0.000225763336839329
-0.000312574850929561
-0.000420535343822106
-0.000545134981178190
-0.000667006879983685
-0.000694923107328442
-0.000766781065260958
-0.000902743854294670
-0.000985241927619462
-0.00107310027849763
-0.00120250518230716
-0.00122281141688710
-0.00124987936946333
-0.00138441372812828
-0.00142606041559091
-0.00151918695478308
-0.00162406328211510
-0.00164131259596296
-0.00173797526972862
-0.00179475376759541
-0.00179410146656906
-0.00183673460643490
-0.00188195933622936
-0.00195829858329304
-0.00204904303290718
-0.00204584752915892
-0.00208651161380956
-0.00216807831926573
-0.00215154720920012
-0.00220954191301658
-0.00226303983117191
-0.00214310582594806
-0.00205377496239763
-0.00214272895623211
-0.00222700762059247
-0.00212478713118614
-0.00215155615852197
-0.00231341924389582
-0.00222795859753461
-0.00214896571606914
-0.00220199629828159
-0.00213819710003037
-0.00201419812446119
-0.00202151609312935
-0.00197818178732533
-0.00182446154604861
-0.00172387971786833
-0.00162472197172150
-0.00158469134216901
-0.00153970042208556
-0.00148368207733597
-0.00128085357753506
-0.00104942380076011
-0.00102200637729325
-0.000918448145403943
-0.000748808844267330
-0.000624590829034375
-0.000493923574297455
-0.000327470924392088
-0.000132343367093810
-4.44471095050858e-06
6.63314948589999e-05
0.000285251106884914
0.000448903063193882
0.000600533007101625
0.000811158037022821
0.000951152974438720
0.00111516085520478
0.00115251664074467
0.00126484760089392
0.00146020877601949
0.00145081774609912
0.00152111472466979
0.00175699021955443
0.00184319533864096
0.00196410503552733
0.00210689195902129
0.00213152745348791
0.00222874145480253
0.00221528370986475
0.00219886240203167
0.00232106385342481
0.00236806872305918
0.00236111857838162
0.00238380743071742
0.00242356268419325
0.00241140404685657
0.00236523900479668
0.00245765201989576
0.00250086472113503
0.00234655577130045
0.00231759925759853
0.00232600472822764
0.00218021556245952
0.00214246347763478
0.00211407249998118
0.00201975997061356
0.00205288457390002
0.00195026824013872
0.00185447076869945
0.00180967848559835
0.00173068677451154
0.00162969789755589
0.00148643430059110
0.00150767385868804
0.00134904645735904
0.00124621280061675
0.00124277870269609
0.00100894679949477
0.000905074570778552
0.000796340366128518
0.000566349258728209
0.000513749207548599
0.000489832844802578
0.000356807529240371
0.000297316428904963
0.000269071860075201
0.000153163919928261
-5.40927378892775e-06
-0.000164333855143326
-0.000268198552674050
-0.000283640727251253
-0.000449378886041103
-0.000608686688608486
-0.000646444285368233
-0.000759987564953519
-0.000851091459023792
-0.000956202595973821
-0.00104368210583601
-0.00109853993690564
-0.00124232759887377
-0.00130536142259473
-0.00137069569214731
-0.00142049083312543
-0.00141746229333165
-0.00156976059586185
-0.00159912185134232
-0.00165225903115811
-0.00173176534253400
-0.00171363937095180
-0.00173943624608000
-0.00171779817479745
-0.00180999133875588
-0.00189836538402034
-0.00189180022900615
-0.00195592834624762
-0.00203045412037937
-0.00201829678651109
-0.00187488461699417
-0.00186427734962820
-0.00200615018281127
-0.00193512769189169
-0.00189706598684751
-0.00195183543224942
-0.00188651361966350
-0.00188938019088681
-0.00183387480481287
-0.00182959864470405
-0.00188191897526792
-0.00173858552383905
-0.00177196146345011
-0.00182438780475962
-0.00176873490394655
-0.00173704766642260
-0.00165679243903043
-0.00170237269390356
-0.00166692085322012
-0.00161732589896388
-0.00166020466991711
-0.00160314899149171
-0.00160377621281299
-0.00153166644323022
-0.00145947032565033
-0.00151612728359908
-0.00143810952955079
-0.00141255746086301
-0.00138976649565365
-0.00130080719479110
-0.00125775601789144
-0.00120386623145180
-0.00119366339664367
-0.00109686702718165
-0.000949932433471759
-0.000924359984055343
-0.000971782385004474
-0.000819667248469500
-0.000697789313684325
-0.000688701458097683
-0.000614193714033036
-0.000624282142894117
-0.000505522968126826
-0.000416656166408416
-0.000368657057115200
-0.000246855131403407
-0.000280624248039345
-0.000247776387021759
-0.000136877867013965
-5.43488321372365e-05
1.23986539620091e-05
8.65349344309152e-06
8.40215497726149e-05
0.000186959720234654
0.000252580550304486
0.000363696743674709
0.000385818538124170
0.000396980854421045
0.000437693213164749
0.000496217533395296
0.000574423151536863
0.000619735738207972
0.000661268817220702
0.000651820723417842
0.000676748305241759
0.000670575143530847
0.000739474802200792
0.000788265994221042
0.000735950995538279
0.000818625142934311
0.000872339596711242
0.000876670709612490
0.000898953862629561
0.000901788059373523
0.000858152665424221
0.000875817411800632
0.000945501208081367
0.000874489617186072
0.000923929500765723
0.00104453775571606
0.000946600017083270
0.000928548323117227
0.000946764968446061
0.000878870166383408
0.000931167287351258
0.000960191917259081
0.000880185303156935
0.00101288325337848
0.00109126539852753
0.000989015232925539
0.00106000030791066
0.00104981266585853
0.000999489528714861
0.00101057478815264
0.000968583879789406
0.000944222940570967
0.00104320926660250
0.00104099656407413
0.00101067037884462
0.00116237332203909
0.00110927151748172
0.00104954025864501
0.00109461215599609
0.00105931315342346
0.00110243493029969
0.00114874904133615
0.00119942346891079
0.00120496773099916
0.00113152569030575
0.00116727447062118
0.00123203443798090
0.00116846191634622
0.00111175968712161
0.00108343665844899
0.00105170997651243
0.00106760144973151
0.00100046067276864
0.000936709342436757
0.000977793841910426
0.00101312456398318
0.000889593489993388
0.000793672933193221
0.000795769884060462
0.000797741335869091
0.000735527186596414
0.000596454860257012
0.000587155823676540
0.000512850676433487
0.000401101415498886
0.000344187315281914
0.000267891617544791
0.000242562020044517
0.000169313514526124
0.000101824300489000
3.22170349176076e-05
-8.86086393843755e-05
-0.000158116811001463
-0.000236732311100809
-0.000292215785062666
-0.000294739494236040
-0.000492252300078206
-0.000672027965447626
-0.000705672316639010
-0.000786873094207152
-0.000858321850423707
-0.000996303567446972
-0.00105146580964274
-0.00106642996204421
-0.00114663327316990
-0.00119052297526451
-0.00125806377838003
-0.00140705366056004
-0.00148465242998512
-0.00150812248734425
-0.00156490219247523
-0.00145843169849499
-0.00153668695134051
-0.00164622616812835
-0.00163435276177573
-0.00177520182536483
-0.00182427264409277
-0.00181416550037675
-0.00185868331553699
-0.00186961569300792
-0.00182213348754622
-0.00179440819651667
-0.00184133033614835
-0.00182437379954706
-0.00171553548914090
-0.00168487621497206
-0.00165333662337517
-0.00160388297224557
-0.00154613389794449
-0.00156723989656683
-0.00159280007276678
-0.00136829411358576
-0.00122494936097837
-0.00127359235481521
-0.00124769577533371
-0.00111898063078954
-0.00108005219872808
-0.00106254256196095
-0.000882440254825525
-0.000822221977704913
-0.000817440909694085
-0.000690031872347134
-0.000597723710038878
-0.000556148384248729
-0.000487676834181059
-0.000334864893205236
-0.000227265095226983
-0.000174614787536029
-6.87996715359418e-05
9.79831542142051e-05
0.000210002380266587
0.000226449713393606
0.000316489856463136
0.000413452144481994
0.000450227663075680
0.000609845352614400
0.000782392075532243
0.000834359233809892
0.000964541174351439
0.00111062163547672
0.00112781671765759
0.00129309689177035
0.00146447075599525
0.00151242250263778
0.00159613481295025
0.00160113974047846
0.00171474017160989
0.00185420270416870
0.00185342017482895
0.00195551506798552
0.00209107802496703
0.00220107436509920
0.00229604230737039
0.00223786948649490
0.00235217757055267
0.00248122802128648
0.00246276314907732
0.00260864089594179
0.00265981660293107
0.00263785414280903
0.00270557861074451
0.00278341005366542
0.00279087853020940
0.00273236001851672
0.00281973314428853
0.00291111041254567
0.00292150729107732
0.00283778067947964
0.00277971771176482
0.00278101274321330
0.00275889103298823
0.00279301522085888
0.00271091081450066
0.00269587432240911
0.00264677600851229
0.00259145848678372
0.00261266618976549
0.00253701412684023
0.00248027800381323
0.00238894862535432
0.00233767023484944
0.00225109301814740
0.00213624250986925
0.00206546916539850
0.00193521159630308
0.00188258139204834
0.00179933122761554
0.00163115256105698
0.00155882246854588
0.00147708229637004
0.00136396919532359
0.00131830790332799
0.00120565331135907
0.000981844490394792
0.000828169183733252
0.000792850872891933
0.000634623608010827
0.000529949444943298
0.000498397192124571
0.000322547468194188
0.000225245495344666
3.07233443523103e-05
-0.000102754359912041
-0.000168265996186392
-0.000349429372685535
-0.000457228293118206
-0.000606967983175970
-0.000744855300063314
-0.000848326433201869
-0.000971893708695415
-0.00112337262356617
-0.00125251290686659
-0.00134065398658379
-0.00151531304134505
-0.00163796801915368
-0.00166263612909852
-0.00177360146873106
-0.00192508890596244
-0.00202507571930916
-0.00208829806126772
-0.00218558265055108
-0.00224250814486908
-0.00224263095278246
-0.00229135493649011
-0.00237226248166053
-0.00241715763248578
-0.00248012729566426
-0.00257601262302117
-0.00257424732147072
-0.00261873026710006
-0.00271464994320638
-0.00265663307237929
-0.00262408578518404
-0.00265618734436714
-0.00259130862595441
-0.00264036414340865
-0.00265283946949438
-0.00251333827351857
-0.00254521218842854
-0.00253581674215184
-0.00247815183011312
-0.00241412943722708
-0.00236659354634440
-0.00232858375114034
-0.00218949851937822
-0.00220079213020000
-0.00222293402099780
-0.00220028131681886
-0.00212064852783158
-0.00203484873694379
-0.00201224812765048
-0.00190378380378377
-0.00184533173734195
-0.00177990818262032
-0.00164379681015106
-0.00166719491480620
-0.00158803882285497
-0.00144063898188165
-0.00151353931305977
-0.00143712558158711
-0.00133194707056632
-0.00135376736864629
-0.00123208504852201
-0.00113926864292210
-0.00111240988199256
-0.00103125474736487
-0.000975007501365184
-0.000915143276284880
-0.000863590334538600
-0.000878652248398595
-0.000827130211529834
-0.000697984174193778
-0.000669764143039657
-0.000658123496400549
-0.000539007481695819
-0.000477706512170215
-0.000440369718534299
-0.000378506227012423
-0.000330838034040326
-0.000255141399407108
-0.000232364227385418
-0.000156850610315615
-8.57427267744271e-05
-2.82243407195892e-05
6.17850956907517e-05
0.000104963146615376
0.000148967440933490
0.000178833685438118
0.000264984528281236
0.000326395871173579
0.000329296967756498
0.000401161852055791
0.000507079389179488
0.000548157004381960
0.000627532864560969
0.000759174697223131
0.000720255495294389
0.000773229857480899
0.000862734677460679
0.000815546343086027
0.000895628254479277
0.000957802058367392
0.000979105143460970
0.00103981468001784
0.00110023382167171
0.00112373353642695
0.00115077944278951
0.00117510331162819
0.00120550187630087
0.00125857957907982
0.00129310829180184
0.00140950702263154
0.00143035626588230
0.00135394090033913
0.00136721210875876
0.00142750164136658
0.00143798745500931
0.00145368325822659
0.00149456678284835
0.00155717136085059
0.00162418482430880
0.00158929265196761
0.00150411293719529
0.00156784291222209
0.00160928907491524
0.00154624900661844
0.00167734403642513
0.00170033021047217
0.00154600001076403
0.00159721211889178
0.00169962058391590
0.00165630809338808
0.00159292106656793
0.00166756637460068
0.00169511690045141
0.00162668817483876
0.00160827505527450
0.00162152385895538
0.00168058642496433
0.00160599902876314
0.00155582356940357
0.00155238679218968
0.00152269997217289
0.00157648541766562
0.00149048759333084
0.00146328304516715
0.00154259465147149
0.00143891855273239
0.00137932046563151
0.00144353857818501
0.00141481201392480
0.00135565284970426
0.00139437865457623
0.00138837970616294
0.00125940423897774
0.00113997775916737
0.00119147395339411
0.00122691034623841
0.00116656540538322
0.00120362726537785
0.00108428790498266
0.000989964128458354
0.00101955388643557
0.000953466255763225
0.000934263106937827
0.000914168401307105
0.000870539884773720
0.000782653769462751
0.000745191437299972
0.000719150739321854
0.000552112982108639
0.000484489253728100
0.000517017531049966
0.000383827642311374
0.000316016136196708
0.000299797876527776
0.000103537663514999
7.76727310493186e-05
7.48917491630863e-05
-0.000101150589304382
-0.000194180881334347
-0.000317300784292627
-0.000440962091330874
-0.000509880711467758
-0.000654435090075793
-0.000766383746012878
-0.000824343089162909
-0.000910530300955514
-0.00107954145948327
-0.00118508473108832
-0.00113541116488989
-0.00121383020932228
-0.00136541689438474
-0.00149086703040325
-0.00161560224315650
-0.00163079322985766
-0.00171271838031032
-0.00177241674094830
-0.00187474292474548
-0.00201173170376279
-0.00198320924901196
-0.00204108275101333
-0.00212072491082580
-0.00217286530214409
-0.00223155412346358
-0.00229058085868985
-0.00234301602077665
-0.00230277096531950
-0.00227278680661101
-0.00226939130686901
-0.00227973602202837
-0.00229278809595627
-0.00227159184370294
-0.00226336071017897
-0.00222987802011374
-0.00217158343581986
-0.00212877507144299
-0.00205567556880936
-0.00200646582754615
-0.00190204134004176
-0.00183526767121691
-0.00185381378532867
-0.00174228405390437
-0.00165486466377160
-0.00148789868841703
-0.00133423956106697
-0.00139152570188998
-0.00135004379172358
-0.00124383131988594
-0.00113333917677608
-0.00101609706969242
-0.000912948342761410
-0.000819184367189791
-0.000713102691915708
-0.000591210811633118
-0.000575645168468668
-0.000496729776814959
-0.000394286548495586
-0.000299890022614022
-0.000192053302228032
-0.000148981263603503
-0.000125558854985854
-6.09908077080945e-05
4.73495814958369e-05
7.93007491867570e-05
0.000153040172209558
0.000213865685839494
0.000221026240529341
0.000286804583923583
0.000305952618127776
0.000304020674478522
0.000344470539712347
0.000404658483983695
0.000489212920057156
0.000528582375628304
0.000461556183645229
0.000479939750549647
0.000572055390813660
0.000536939646108863
0.000530570820052390
0.000549881916191737
0.000539894583513529
0.000552380317954970
0.000514692024979553
0.000458880859121678
0.000470090384112751
0.000515892999023038
0.000457459468057380
0.000413052641537490
0.000409191954997254
0.000372562141313040
0.000405804785135899
0.000396951266463645
0.000412953561534124
0.000441595629927036
0.000372150390937662
0.000271006568864607
0.000249405727786609
0.000364183676303327
0.000307494468541876
0.000177710286154849
0.000216780904108305
0.000222230701249728
0.000178210434405059
0.000210912864509680
0.000236988024994389
0.000213912780943346
0.000213036665290147
0.000255610254567245
0.000268924386687601
0.000242184963566174
0.000242875733122858
0.000259298282988993
0.000336785559353032
0.000360368999064491
0.000351654373994350
0.000346720956010671
0.000308491269476434
0.000391961883928147
0.000403722991313060
0.000306491943207661
0.000333890143718207
0.000398045849929076
0.000403863094186150
0.000362774287732250
0.000332917403078525
0.000310769660536323
0.000336715479362866
0.000383117473547614
0.000342710328822236
0.000338105592332703
0.000334914652271614
0.000339782570461189
0.000334738929013447
0.000253035209956956
0.000179832053470044
0.000173718444727129
0.000228441002946234
0.000167474365667992
0.000153074824494048
0.000176544868797706
8.94826754971589e-05
8.39434135813377e-05
6.88068485906967e-05
6.21343385036965e-05
3.81171743870468e-05
1.89842179227639e-05
2.04043618456140e-05
-5.74824945639563e-05
-0.000100095731215788
-7.54572274259857e-05
-0.000104944339312674
-0.000232850618969209
-0.000271574189636716
-0.000253229304287252
-0.000305213679175722
-0.000402146605462121
-0.000391793080495262
-0.000380467000228713
-0.000462407734334391
-0.000479187166579358
-0.000505675874835383
-0.000504123835813815
-0.000481455952540379
-0.000500561690264529
-0.000601368691113464
-0.000692045875097094
-0.000672007913937556
-0.000701636763683791
-0.000749397691842706
-0.000748321838151647
-0.000733701017966038
-0.000796617291891248
-0.000823762302796949
-0.000809480998881975
-0.000856207125249036
-0.000831182803380921
-0.000807838251484636
-0.000806411257741102
-0.000827912608082473
-0.000861971543333260
-0.000786329914492132
-0.000800762718171857
-0.000867002342461642
-0.000835636447282315
-0.000844825645962573
-0.000841614443736063
-0.000823503879760779
-0.000809398902149425
-0.000827368160657187
-0.000794745020334489
-0.000655700496175768
-0.000643656635085463
-0.000702549629630340
-0.000712455598369033
-0.000693123079896907
-0.000678541644058441
-0.000616563581235710
-0.000493297468237088
-0.000456857086628162
-0.000452578320372581
-0.000437609931928051
-0.000349548565616402
-0.000260534238395564
-0.000290640881173090
-0.000229142007121794
-0.000145601256548531
-0.000109358459776985
-1.27927005897277e-05
5.55547993832306e-05
0.000164037469523208
0.000288652308038877
0.000331049112254789
0.000450491540459410
0.000566221287491402
0.000583015361689263
0.000668358255534827
0.000791831388351909
0.000821036574757272
0.000926150852778847
0.00108849884824679
0.00112440180000760
0.00123976158467315
0.00137860479698901
0.00139189479731442
0.00145597760075532
0.00160753123060942
0.00168185044312537
0.00176655878453090
0.00187859938215922
0.00190188973525181
0.00196292158755313
0.00203852058527247
0.00212063650890144
0.00217901776023695
0.00222754033414248
0.00224531570713708
0.00223929207623598
0.00233806061935411
0.00230015740031149
0.00225211316006352
0.00232036784304995
0.00224099112825627
0.00219712791174430
0.00219879796721301
0.00214641831754989
0.00208295820804750
0.00201955077048808
0.00194448923449187
0.00181251734667001
0.00179011521135948
0.00175346721477723
0.00165899272504731
0.00161416701224454
0.00149050509167182
0.00137309864216661
0.00135181556990489
0.00126351081063859
0.00104530223162101
0.000929940459836303
0.000872130642268303
0.000746899000185266
0.000654626003877326
0.000496445814707727
0.000362972647607336
0.000337159390259956
0.000248739587839992
0.000148022664503458
7.87801234996266e-05
5.49574349703619e-05
-2.51873896448274e-05
-0.000190213382149551
-0.000230312198818439
-0.000252599775287479
-0.000362441852371163
-0.000467418467851743
-0.000501191178035327
-0.000524035731979566
-0.000538415122657412
-0.000577881920616861
-0.000657236860367618
-0.000641908447356272
-0.000674111855775834
-0.000696067602930945
-0.000660599603915664
-0.000730852301628815
-0.000727262992169724
-0.000696552984690886
-0.000672785949729349
-0.000628922152767597
-0.000648618864286359
-0.000695039949583514
-0.000683528673498799
-0.000611277474776717
-0.000645301482651863
-0.000619940167084145
-0.000582322850544479
-0.000577870459635399
-0.000553461038205008
-0.000574941049965077
-0.000509903855141261
-0.000458983329808333
-0.000501972117794978
-0.000510914364182185
-0.000488918371636444
-0.000485821833794731
-0.000419809760592997
-0.000382822486903436
-0.000388806056463764
-0.000334687172964863
-0.000362611197643332
-0.000400556965741785
-0.000368037487066033
-0.000381122551819857
-0.000341027874886350
-0.000337333282437982
-0.000362968006957658
-0.000315695968220098
-0.000345825203046388
-0.000360025893034504
-0.000365840901856842
-0.000356869921872232
-0.000289548888882791
-0.000308243367258854
-0.000314140582316753
-0.000323169954124438
-0.000327328146019994
-0.000323252818843542
-0.000396801947430276
-0.000377671433166995
-0.000382767675118032
-0.000428264027703023
-0.000422726290433388
-0.000475882416623534
-0.000536085695920860
-0.000501335527905980
-0.000474324873568719
-0.000508414963945683
-0.000493674312276085
-0.000545269747179305
-0.000612654583455878
-0.000590001779033145
-0.000547371618023789
-0.000528998095101656
-0.000546638373318586
-0.000519319787041610
-0.000546636693481730
-0.000547959257632016
-0.000537701734403271
-0.000563217861276684
-0.000449540406053046
-0.000457270561325061
-0.000500318020238666
-0.000464690361630886
-0.000461581462664782
-0.000429940838523351
-0.000387966458504110
-0.000358731789947200
-0.000399142994763651
-0.000360816368794019
-0.000359427659864764
-0.000384949743146734
-0.000273621995626314
-0.000260498640942188
-0.000242202454387837
-0.000172438524375735
-0.000189349823561855
-0.000153836165439571
-8.87859172240724e-05
-0.000110993005333455
-6.49856689551598e-05
-1.27440463430162e-06
-3.61243086366869e-05
-3.31262474361438e-05
-3.24556647930763e-05
-3.85242185124923e-05
1.24543331530447e-05
1.84013581637998e-05
-3.94366327749651e-05
-1.73731929628218e-05
3.71216020545262e-05
-2.16697223451945e-05
-1.90325026953531e-05
3.94670967719435e-05
-3.93612691595990e-06
-0.000111446403792286
-0.000155640205343275
-6.72731026206464e-05
-4.76112941694851e-05
-0.000150906684466037
-0.000181185997921176
-0.000114757306278932
-0.000128304206406398
-0.000169764884598180
-0.000169892053809662
-0.000253002567474852
-0.000256556238079639
-0.000278643996043115
-0.000359550241691977
-0.000279075115814891
-0.000327939783504121
-0.000392380137927404
-0.000305453312091828
-0.000360561624530789
-0.000479155184369233
-0.000415556160912729
-0.000417263786381312
-0.000450028448289714
-0.000365689676492735
-0.000445185769886223
-0.000488461004652976
-0.000443138167032657
-0.000482936717310594
-0.000510117030455319
-0.000497297276563842
-0.000504372132852495
-0.000529129374252619
-0.000585163488973137
-0.000608492976206492
-0.000503357186632485
-0.000438440342548461
-0.000522403396012123
-0.000613330504999823
-0.000595556073258479
-0.000624236295524696
-0.000649734302658374
-0.000676646492899522
-0.000725950329550358
-0.000680805996054090
-0.000667194884821640
-0.000614822957946757
-0.000619114168590045
-0.000690243012366523
-0.000726834498151163
-0.000664202153703570
-0.000607969653827354
-0.000701847196612988
-0.000687725979187803
-0.000636850236308959
-0.000630515746732101
-0.000625695684793115
-0.000601081230590310
-0.000550474444318141
-0.000575142707278786
-0.000573409669377085
-0.000534189606380551
-0.000470516044972413
-0.000445930458557484
-0.000436913960944736
-0.000346607444639915
-0.000338465412396332
-0.000308161602076140
-0.000228195054972211
-0.000222103621496643
-0.000190215356248764
-0.000116197931237991
-7.26834413706712e-05
-1.41717752926773e-05
6.75760166677364e-05
0.000101579150856335
0.000105365232785912
0.000131805734963035
0.000198356746532520
0.000244175323003724
0.000288649732328281
0.000328854030373975
0.000432814140428945
0.000516952911627584
0.000478633987563555
0.000519974931836629
0.000550325193130163
0.000589222185020404
0.000681454308895724
0.000688251470000054
0.000701655730520017
0.000759587977302445
0.000786457557059279
0.000737805067225281
0.000769710660112040
0.000873548850956496
0.000859522931113901
0.000875535068773559
0.000916886551229084
0.000885397459289266
0.000889654868035166
0.000919293459175208
0.000916517014009912
0.000848766753359342
0.000820983514286695
0.000902713538921347
0.000902508114582758
0.000864330506293243
0.000939311844986435
0.000948124265137551
0.000893449719338833
0.000853948535165330
0.000818673326520667
0.000791892975723272
0.000772920934992527
0.000826866520502989
0.000733233678150640
0.000712011397586849
0.000815511180743158
0.000691299966473338
0.000648818067596153
0.000645472119165476
0.000607496251591329
0.000605777613285028
0.000517143134458991
0.000466143068942415
0.000470921450908435
0.000379733749235101
0.000334557148819954
0.000369474564294308
0.000270576371780606
0.000153800591766071
0.000122438764108210
0.000131259943083535
5.84492885849386e-06
-5.91162867829098e-05
-1.93640318974531e-05
-8.64130113052397e-05
-7.38509047596381e-05
-0.000191772671088017
-0.000281750895241117
-0.000225050292757629
-0.000315457289409267
-0.000357588292748687
-0.000379753514285284
-0.000400353162520304
-0.000459906240671870
-0.000534202211417636
-0.000518383080632106
-0.000525086305919729
-0.000548768422120531
-0.000603485764836336
-0.000620066971660123
-0.000641429411751346
-0.000732100384084049
-0.000763371983486962
-0.000704242538143092
-0.000742160211214582
-0.000833369322556479
-0.000851575944217729
-0.000855934446988158
-0.000820278094449236
-0.000872339962701716
-0.000894512034268615
-0.000840612927523381
-0.000873639450727239
-0.000881061984289033
-0.000929380065556984
-0.000946000558855928
-0.000841371094849421
-0.000852881119752595
-0.000904011837809549
-0.000867245867380575
-0.000865384276650474
-0.000860006543864955
-0.000844283039754430
-0.000817731427332831
-0.000760003053351284
-0.000743698346374941
-0.000706369180989270
-0.000677057471435916
-0.000660451534808146
-0.000572564105877547
-0.000508343263906994
-0.000413096657766516
-0.000383154716060545
-0.000366638094037199
-0.000260948756969128
-0.000223651406450927
-0.000129751646766749
-6.93127032619145e-05
-3.34364461028258e-05
1.16173390486551e-05
4.83488385907549e-05
0.000155390774012574
0.000206732226099859
0.000204734752701370
0.000248576133177210
0.000327313790596975
0.000375091594982848
0.000446977825085071
0.000477004098513589
0.000475964044973409
0.000508280504341201
0.000532480040966732
0.000550900299995760
0.000571973830422508
0.000687869307592450
0.000782093969509958
0.000766913769358837
0.000786252910407939
0.000810315078421411
0.000789555086633413
0.000769153883133811
0.000761101946661142
0.000805609044608673
0.000862693839380597
0.000899649946905186
0.000909664111814834
0.000866497326007334
0.000834748746186449
0.000891423446761053
0.000896342334069971
0.000880240012887441
0.00103573186629149
0.00102524564263007
0.000912867274083737
0.00104041202239785
0.00110477257050292
0.00101211779064215
0.000948771337046708
0.00100947195236813
0.00104971132618601
0.000999835990517113
0.00100016951311176
0.000992749019375481
0.000979574071962759
0.000976155437596731
0.00102433518794840
0.00103262219833852
0.000985170002451809
0.00101172727468111
0.000982837060639952
0.000998706499933633
0.00108870740478778
0.00109156204956065
0.00107035712630591
0.00104542934872143
0.00105322084154693
0.00115811068028222
0.00117859399915631
0.00107729201026643
0.00107160115627096
0.00113535200111755
0.00113997451490491
0.00110318323805416
0.00111359768037687
0.00112350376371268
0.00109581764960126
0.00114123241793152
0.00119037279065594
0.00111849781406136
0.00103183373587910
0.00108666620050599
0.00106536499172904
0.00100563964381877
0.00104605378856064
0.00107876412501668
0.00110169294662114
0.000998311899412272
0.000995625135654166
0.00110674865848040
0.00108700004966977
0.000998358697551112
0.000982794738504254
0.00101665984997368
0.000981966389289681
0.00100480479173115
0.00101404834269303
0.000953907295459828
0.000972898316490642
0.000942658772278264
0.000905981019206479
0.000939994239063253
0.000889877872196081
0.000840335113721693
0.000862388532593315
0.000809100186916965
0.000728281904048131
0.000706001562218859
0.000672610201811210
0.000604927454753792
0.000588800406735217
0.000596012886938979
0.000507425534220474
0.000453505012806303
0.000383917881092160
0.000308611913594294
0.000309658498931924
0.000276040177271799
0.000227330176986094
0.000121024650439381
0.000125979394526823
0.000132640877484889
-2.88476868501419e-05
-6.27636473610238e-05
-7.25310254416200e-05
-0.000160509103231519
-0.000203326113211375
-0.000166156343909449
-0.000274299244821634
-0.000417017002547766
-0.000371160654346454
-0.000475095856902925
-0.000598432450239272
-0.000621541733638082
-0.000692888876379243
-0.000717465717802668
-0.000761149429026489
-0.000836476848865999
-0.000865073693496470
-0.000955453929623786
-0.00102168310314568
-0.00102602066601008
-0.00112666051936259
-0.00119444302043007
-0.00123212420937790
-0.00133866501623118
-0.00141761950180523
-0.00146510301462996
-0.00147765804224605
-0.00152868841575383
-0.00170508839728569
-0.00174773822231145
-0.00169280823973310
-0.00173627978105884
-0.00174322889306154
-0.00177411302017902
-0.00186349379727517
-0.00193358840067987
-0.00200961777720437
-0.00196189169026525
-0.00202087541079180
-0.00215860711458390
-0.00209785704406301
-0.00211961569257227
-0.00212809371471991
-0.00215893542135859
-0.00221629217972406
-0.00212891876442114
-0.00217103117580848
-0.00233608373683126
-0.00229719835261022
-0.00221319743625571
-0.00230132114452687
-0.00231364648818499
-0.00223651626487708
-0.00221391782603348
-0.00217297855408617
-0.00216754710873801
-0.00215953472225550
-0.00204891631401807
-0.00201558540000718
-0.00195047781967162
-0.00187949042689354
-0.00178810218196247
-0.00166482962499032
-0.00168682633290103
-0.00157022834168401
-0.00137264291611501
-0.00125739415974351
-0.00120258006377270
-0.00118179178673273
-0.00106881873529176
-0.000976973626728750
-0.000836269751777081
-0.000687035795309328
-0.000525223990742063
-0.000357726368416991
-0.000305619827144596
-0.000153540755370614
-3.05669926819974e-05
8.48484168926689e-05
0.000221342918671894
0.000282911815392595
0.000422627993686433
0.000650156691168036
0.000822188606642840
0.000909798635511834
0.00105541391017482
0.00116972050107478
0.00125359091642423
0.00137984108723771
0.00155556628761303
0.00169273027695610
0.00177354459395715
0.00189830730012858
0.00197852281043041
0.00211034146700214
0.00219596658953719
0.00224102653430606
0.00243166594400719
0.00250320161720737
0.00252952914411978
0.00262823008957838
0.00264100945342193
0.00264612526360395
0.00269938929951579
0.00269862237419147
0.00276165738599232
0.00283797725627636
0.00274225594464184
0.00274554373354135
0.00276738297027620
0.00273836222457263
0.00277078683618683
0.00272259454128204
0.00258342024760850
0.00245676489373594
0.00240000437791991
0.00239465438044874
0.00230895176069993
0.00220430316236190
0.00211490088793141
0.00195895575720954
0.00186511463833511
0.00172040627319376
0.00158279649980614
0.00141512151051359
0.00120047847935865
0.00110176982399452
0.000945145841395174
0.000782482741907984
0.000650966577959196
0.000583363885326946
0.000470889421194158
0.000254512062444974
0.000109283437594740
-7.87368814238221e-05
-0.000257596352280132
-0.000421209951349795
-0.000543712597800834
-0.000652157618258400
-0.000818033148412667
-0.000954073606551447
-0.00115399030591220
-0.00135785826557026
-0.00147948402473190
-0.00157043884852584
-0.00165783761096321
-0.00174499573990857
-0.00189568564174976
-0.00207079654104234
-0.00216613618022166
-0.00226291050207976
-0.00238521424504938
-0.00255054463683848
-0.00263706210923090
-0.00267433717540598
-0.00282593128024246
-0.00289837796259235
-0.00297204919673050
-0.00309009232801031
-0.00316373222034542
-0.00319789213675563
-0.00326107754264910
-0.00340643356015448
-0.00342243202896270
-0.00338418756064357
-0.00339886407614529
-0.00347113675395804
-0.00349537282552774
-0.00347485151553258
-0.00352927382523035
-0.00356276095933708
-0.00361040593740086
-0.00356265064858746
-0.00344714537650702
-0.00351002875176164
-0.00354222183803358
-0.00338848501638552
-0.00332714865431512
-0.00325171722976620
-0.00312638876382948
-0.00312109141587086
-0.00304347610303324
-0.00291549994349168
-0.00285340247692545
-0.00274596301476720
-0.00259358844146277
-0.00246716797877951
-0.00230451411078406
-0.00214184060430085
-0.00206671668673835
-0.00199917374880613
-0.00178723254054347
-0.00163326274859401
-0.00151570231794096
-0.00129641443534098
-0.00114277594125781
-0.000993820375232417
-0.000783041537053180
-0.000630276020873453
-0.000559215029903868
-0.000340258561487730
-0.000141919079554498
-4.97840475185285e-05
0.000140861195463060
0.000334690109155318
0.000458093232807641
0.000628863475327961
0.000797704722511981
0.000887271416223463
0.00104956002163863
0.00120960623809545
0.00124444105022722
0.00130903106365071
0.00155085944096641
0.00174066225579850
0.00167189615512825
0.00172771415793406
0.00193957200868581
0.00198914126428562
0.00210500632475600
0.00218262928906498
0.00216899763492393
0.00223008354632228
0.00226542228502126
0.00226043440973598
0.00228601146011016
0.00246691400603424
0.00254979105087273
0.00243268603279091
0.00241952164809646
0.00258859905237472
0.00260035628251558
0.00253688867008094
0.00256858220241384
0.00249810940490789
0.00254129880958800
0.00258080682277921
0.00246078364504143
0.00243994387498248
0.00242151138426294
0.00237812222001992
0.00239878991809121
0.00240458872521884
0.00238163717162735
0.00234853457576548
0.00231479690936339
0.00222608464280654
0.00215368324308059
0.00214815209412961
0.00209706930294004
0.00208919316075225
0.00209340921875935
0.00198709406370028
0.00189436400619314
0.00181660165941054
0.00176769164944886
0.00173032464225287
0.00164520788800530
0.00156347968312929
0.00140980213404191
0.00131710955981561
0.00129187978644126
0.00119750010460820
0.00105393172075281
0.000854336012613715
0.000794036546053007
0.000736391298827641
0.000585328473983395
0.000519695442702357
0.000514170474753826
0.000388905577332537
0.000287614253965103
0.000291080304411366
0.000101348477380441
0.000135197998382068
0.000147560989972249
-0.000179147654448286
-0.000255417819452646
-0.000258476152527010
-0.000329791348007404
-0.000345358040204360
-0.000400584758454556
-0.000467813947882974
-0.000568797349087049
-0.000604426557990223
-0.000606814102589510
-0.000702612497968005
-0.000709237035889601
-0.000674149910169604
-0.000723037743272812
-0.000698795537919352
-0.000704699015522579
-0.000802724879858658
-0.000835460964903803
-0.000883695458904299
-0.000860136336548010
-0.000923108246502693
-0.00103631555434930
-0.000956332383253482
-0.000996034316980854
-0.00111134851329325
-0.00110632813335030
-0.00106568822660677
-0.00107269916413003
-0.00108256139192150
-0.000990544625120151
-0.000954280874447306
-0.00103126805370721
-0.000991757458963605
-0.000995274582688239
-0.00102772009568440
-0.000930104325805985
-0.000909354353404126
-0.000916621806758542
-0.000842664729188982
-0.000856894899457927
-0.000859128162796310
-0.000760020362114631
-0.000776840623018131
-0.000782967926384117
-0.000674902818198575
-0.000624543018286943
-0.000618560625835869
-0.000557828483942160
-0.000572807414796159
-0.000536772124348772
-0.000431679673631891
-0.000477095351455716
-0.000386558136510189
-0.000287766719870319
-0.000348201773629455
-0.000310132592249772
-0.000234323564457100
-0.000177426740161764
-8.70400097954871e-05
-6.65474988699089e-05
-1.88407829483594e-05
0.000115327596275847
0.000166214752277085
0.000200069739307480
0.000230764091859612
0.000276465168462039
0.000310603332328583
0.000355930894057224
0.000415458353705276
0.000457826833143997
0.000535637352157892
0.000619471125077666
0.000774822527114054
0.000852823925498853
0.000827225214548548
0.000925160157645451
0.000970965241151873
0.00102233001967107
0.00112216696957177
0.00104607825604376
0.00112527455900874
0.00132818202632450
0.00134472760060049
0.00130623211401542
0.00136363296606447
0.00140580105436612
0.00139340683292346
0.00148424022268159
0.00150766548182190
0.00150836409423306
0.00155507058607611
0.00159322335003850
0.00161386357494820
0.00154724356028709
0.00158736188116023
0.00163806645301918
0.00163074210796822
0.00159291678797871
0.00157142136410954
0.00158065294353548
0.00156003380710587
0.00151825587869240
0.00148324398033623
0.00152873581414951
0.00147909041861340
0.00140786153693881
0.00139587106045127
0.00141714261849927
0.00141804662798222
0.00134905912584458
0.00131444981278207
0.00130711725232800
0.00129749797689783
0.00125511906657920
0.00121535076264820
0.00121744180022830
0.00120745439256183
0.00118787334662727
0.00117220978517537
0.00114422465911275
0.00114729137052393
0.00110202899602172
0.00100301964915644
0.000981518700562418
0.000998628508955335
0.00101253984533358
0.00102539998578578
0.000955211937393443
0.000956633953731085
0.000983925304504965
0.000909445248436640
0.000910698462609361
0.000874429272658261
0.000802231700243539
0.000818403918511592
0.000822041638954900
0.000779157110760025
0.000752558938037424
0.000769830958157343
0.000724470373150936
0.000636263888891833
0.000624918689576077
0.000605906863332510
0.000607131269072347
0.000558418594784182
0.000438360224903356
0.000429324955354140
0.000404191045346529
0.000340847479208222
0.000305173581535243
0.000213361649847315
0.000176924640271352
0.000181581622965084
5.73014767229552e-05
-6.11766478630216e-05
-9.22658077207927e-05
-0.000106982171723047
-0.000204893055394990
-0.000314887805659367
-0.000360541165072306
-0.000452720430926092
-0.000538985756076187
-0.000608896305864164
-0.000659841478234000
-0.000748098012729770
-0.000900853842018421
-0.000995607320883494
-0.00105176425664752
-0.00116550940461480
-0.00129761709404818
-0.00136738933828497
-0.00144119415065717
-0.00150776341367674
-0.00161944744631938
-0.00173247241386747
-0.00183202795211656
-0.00195898346129667
-0.00199401770943467
-0.00209389072131842
-0.00218365875845649
-0.00218104269296845
-0.00227871858166679
-0.00239943342924590
-0.00246553128379389
-0.00246450394745807
-0.00245083891842569
-0.00253850066214511
-0.00256169687527802
-0.00261962327894707
-0.00263115515732807
-0.00257006284764884
-0.00267083178930761
-0.00260296983157843
-0.00258092484764802
-0.00272107547771327
-0.00272692180517254
-0.00271872455098105
-0.00276183066505268
-0.00267191248653319
-0.00257354920236878
-0.00261438625845869
-0.00252474642319839
-0.00243047433295317
-0.00245791709289733
-0.00242179365616607
-0.00237760669696741
-0.00233299027897317
-0.00221468822203349
-0.00217102720286846
-0.00212343401119824
-0.00197272427050677
-0.00192639364878289
-0.00190947775430971
-0.00180533793449797
-0.00175420368676328
-0.00158433955612082
-0.00145983160861476
-0.00147074266273421
-0.00133536210052142
-0.00125930096755923
-0.00114916504411752
-0.00102118354700508
-0.000914116854735880
-0.000722937724850965
-0.000667561733114042
-0.000654110326899229
-0.000605582751640839
-0.000538809791275412
-0.000436919932657247
-0.000385958856996922
-0.000312706005523467
-0.000168297855472872
-2.80749259019331e-05
3.19703369370927e-06
-7.60472000251866e-07
5.47819360346580e-05
9.80476259601915e-05
0.000147001150100436
0.000192347436397426
0.000195037874998150
0.000258621538056616
0.000341136459895495
0.000416283135758846
0.000488437578006398
0.000497078574143188
0.000534886550935312
0.000564041878887593
0.000607594371467002
0.000660568410173568
0.000676451678280330
0.000765107224463293
0.000825679894025768
0.000776314082658303
0.000802415632713576
0.000878068292043324
0.000864130822985274
0.000912127355513874
0.000985294319485917
0.000905002248094391
0.000976723360167498
0.00110670290218124
0.00107965937443190
0.00109008357155361
0.00108531139395559
0.00116055007865988
0.00122138444073720
0.00119015186912060
0.00120793752817098
0.00125545256434677
0.00131372827291565
0.00132066298456619
0.00134339890484604
0.00141609632004036
0.00142286851068858
0.00144576294412092
0.00141544684490368
0.00134812649216718
0.00143668215028203
0.00147666626433068
0.00145687580899580
0.00140900585586749
0.00135788357480823
0.00145635286369806
0.00150515037451655
0.00146735440694872
0.00151111647939217
0.00149048806988947
0.00149076378026166
0.00152343732123331
0.00147321350503926
0.00146164721405068
0.00148281240169471
0.00157102267522429
0.00154248719138362
0.00144245537516781
0.00145526857325798
0.00145466254648269
0.00141060258321097
0.00140371800828191
0.00136068779583436
0.00132009581467045
0.00131084785486401
0.00122932802407188
0.00118862065950623
0.00118741976510524
0.00117350016713722
0.00110354125724466
0.00106767071984364
0.00105997364559184
0.000994882011429139
0.000912398322401176
0.000821566996193504
0.000762903333919223
0.000692195407477243
0.000642860236783811
0.000642949369982997
0.000579007631819728
0.000484490345605160
0.000399724222645190
0.000320120197718836
0.000246310882846785
0.000106768283364858
-2.20691459547595e-05
-2.17227229992290e-05
-0.000103322261748531
-0.000299275737452334
-0.000331662261124208
-0.000287091044625640
-0.000372395509762669
-0.000533388131600603
-0.000586131543401223
-0.000623606546986650
-0.000732169411209611
-0.000768569825041112
-0.000800299444603496
-0.000907037938221009
-0.00103559952475038
-0.00104889856464794
-0.00107213975626067
-0.00112958977603739
-0.00112977321132192
-0.00119757059786309
-0.00127009327661895
-0.00140881074806160
-0.00145901385912708
-0.00137895581668332
-0.00141059127404503
-0.00148329815998466
-0.00152747719646058
-0.00152986700156120
-0.00158969576916391
-0.00159309521756214
-0.00157492790850640
-0.00160387592984023
-0.00156899796565156
-0.00162935249131664
-0.00161212228983516
-0.00155230168360276
-0.00157348686355874
-0.00155025689741947
-0.00153805496955940
-0.00149527823627167
-0.00148342352114000
-0.00150377675221648
-0.00148020409034544
-0.00146884067820224
-0.00144952923615449
-0.00142233008029066
-0.00140175539872132
-0.00135923891484609
-0.00133984983989791
-0.00128579486384879
-0.00120252307980124
-0.00121139050002924
-0.00117681557009661
-0.00111813467892461
-0.00109404923102403
-0.00113238270854083
-0.00113926997558949
-0.00102832850846809
-0.000963400405206016
-0.000957873954846491
-0.000951852890994474
-0.000867829648618113
-0.000838142863585318
-0.000810707435537594
-0.000717353464578565
-0.000706494115725889
-0.000654766409211760
-0.000605104101502150
-0.000571696284199916
-0.000502479875951423
-0.000421176741323706
-0.000335112724858391
-0.000317313311246039
-0.000310543428421894
-0.000342454121063938
-0.000252750315807226
-9.96612868714308e-05
-0.000103564492332131
-5.45596440875729e-05
4.52898282544112e-05
5.64744616192670e-05
6.08209076657218e-05
0.000120618540936874
0.000215259541425965
0.000256320385463873
0.000268582854779780
0.000352144660285774
0.000345915628967930
0.000344581287428625
0.000458670488949693
0.000533423765016465
0.000553342719594383
0.000528478012727120
0.000522341771376489
0.000519598165540884
0.000614071007166501
0.000715080458524540
0.000680029758846388
0.000686617115536734
0.000719529287628120
0.000746707801860680
0.000786197421764854
0.000806170119861349
0.000841689204463734
0.000890021394065883
0.000848827584373737
0.000879587200913363
0.000949256848377615
0.000882484175113660
0.000900319721837661
0.000926333331289868
0.000871142601600070
0.000899239289159937
0.000944308084789611
0.000958425188448189
0.000999145691065735
0.00102658249545073
0.000965827502515708
0.000914498204581378
0.000962822419612337
0.000954062247270713
0.000962480879431951
0.00105867582672602
0.000978906979793237
0.000893801312563198
0.000913629653472583
0.000835503979842542
0.000809048201842586
0.000838043440045624
0.000836968800802538
0.000858707415966080
0.000811555357740303
0.000773349328758570
0.000814895420732853
0.000816062121963341
0.000708749997179439
0.000634580354479795
0.000630912695267796
0.000595493946408681
0.000640667867235720
0.000636792112295552
0.000546135315761660
0.000509536296587783
0.000533842967951443
0.000473058463843472
0.000352116376282652
0.000434629904149801
0.000510127067244071
0.000465060075799499
0.000426236949417103
0.000449043493343027
0.000483943858642135
0.000400111873600508
0.000368828847929308
0.000418952864271205
0.000421014491225833
0.000419216339125228
0.000392828369316192
0.000408516453106813
0.000458864316883307
0.000426917215651486
0.000437679610872124
0.000487901013418650
0.000462290175344720
0.000409560537100049
0.000420019992064340
0.000442857586275238
0.000461289511335110
0.000484639939032547
0.000466828744870895
0.000487479568211882
0.000523098998076819
0.000512549649264145
0.000505396475988675
0.000531418319010300
0.000529778413164195
0.000478960036202238
0.000454001365428383
0.000499592294553111
0.000562488111096684
0.000459713103395529
0.000369953500828046
0.000433366661678178
0.000396228153987011
0.000368277803680428
0.000414244870045053
0.000377898663166576
0.000320268596919817
0.000285979515890347
0.000271950164690935
0.000244497694133798
0.000194729158032345
0.000183468366954287
0.000187065989640587
0.000140127401733281
3.68572999974504e-05
2.75265156261639e-05
2.12632147405145e-05
-7.45625169506070e-05
-6.14380909084389e-05
-4.34285324595862e-05
-0.000148308196352929
-0.000197957239632132
-0.000190605536459145
-0.000233229278596667
-0.000265418592528590
-0.000275344085520857
-0.000259426795041549
-0.000318186064778132
-0.000367843774579910
-0.000364794988867914
-0.000381919805770679
-0.000384943368192410
-0.000431440438059809
-0.000408791108546822
-0.000422285217643861
-0.000458994185696753
-0.000453335037559341
-0.000455370637898369
-0.000447629192872228
-0.000520286804128105
-0.000479674264719634
-0.000425656928412721
-0.000501197139114282
-0.000470395593711288
-0.000458466616295325
-0.000438800485415953
-0.000390616365925851
-0.000451814849050507
-0.000411802897181417
-0.000315070133558493
-0.000278523805218214
-0.000277908142717749
-0.000291228735632032
-0.000285799892959773
-0.000277633038148437
-0.000232075155337981
-0.000176913124324543
-0.000162097554441765
-0.000161138835774395
-8.00388872577074e-05
3.45076116470011e-05
-2.85233649804084e-05
-3.11289731593689e-05
7.37198100503989e-05
4.16246186927083e-05
9.58660190532257e-05
0.000131106338086475
0.000181064416603327
0.000280397523248475
0.000241709098199649
0.000241880305523097
0.000266696910951296
0.000337626388445678
0.000367996797407493
0.000338838169074833
0.000466119174163264
0.000521807708508923
0.000488496723061456
0.000542473868673543
0.000562808715224303
0.000584100449215379
0.000580560203196177
0.000543860114898589
0.000585812270268002
0.000617843043905282
0.000621307509538722
0.000672314110527204
0.000649170844627145
0.000593568626047167
0.000612518557979964
0.000590623366726266
0.000566644233836087
0.000604668722916770
0.000614740548944859
0.000521439460624329
0.000462072128671167
0.000463622971920081
0.000377202423575618
0.000361810909023070
0.000321582743813451
0.000203401967707357
0.000145133545252207
9.65119031394579e-05
0.000135722907395675
5.92219968051211e-05
-5.05276787798437e-06
-8.98668768229527e-06
-0.000151386078125526
-0.000254086323326703
-0.000328099783648455
-0.000386379685169942
-0.000489191108265388
-0.000604329667287047
-0.000646043147707189
-0.000708144123803436
-0.000738017946942193
-0.000824105257506886
-0.000910763063334628
-0.000891247230978109
-0.00100245200208249
-0.00109620034119914
-0.00109136639424008
-0.00116102571564582
-0.00125047236517219
-0.00130125225806566
-0.00134809011541961
-0.00144860218608542
-0.00152203121872745
-0.00152752853802085
-0.00151623922312950
-0.00147866373707132
-0.00150847761187222
-0.00157453688938716
-0.00156322757630704
-0.00156900008108394
-0.00162849553026589
-0.00159370609633996
-0.00154653766707767
-0.00153479370460545
-0.00148848967081904
-0.00151611667290823
-0.00149765461811668
-0.00141627185923156
-0.00133019294924480
-0.00124799946779447
-0.00120277991965438
-0.00112234187366440
-0.00109949924602560
-0.00107562050210120
-0.000969786661062102
-0.000899697910989090
-0.000801629408348106
-0.000688084913395102
-0.000668322292066108
-0.000611284919694839
-0.000517792617365131
-0.000417615907193820
-0.000247383687114322
-0.000165470240124463
-9.56085537028884e-05
2.64726361542955e-05
6.56100865990794e-05
0.000144062150890036
0.000329530714403745
0.000443781193676784
0.000534382800116369
0.000597483651213722
0.000613245075847750
0.000704062244080639
0.000798526360895515
0.000932425250266498
0.00100244782047167
0.00103357954367800
0.00113821231495686
0.00121381612527895
0.00125790584304846
0.00138869395132669
0.00146544052848553
0.00141832997193252
0.00145426210325404
0.00146982882224517
0.00146708472074438
0.00149858709631252
0.00155770981150307
0.00162322108871478
0.00162455953765641
0.00155526105825440
0.00155095021784787
0.00158694961749422
0.00154336198067788
0.00153724471259831
0.00151526204546267
0.00150217642619277
0.00150974229808640
0.00142935280248373
0.00142958057664051
0.00144749079478316
0.00135122150111716
0.00134259786864845
0.00132470141409574
0.00125166301795775
0.00122246871957753
0.00116758225109315
0.00111949637945085
0.00110010390389387
0.000979972973582530
0.000929252164187187
0.000976750949289382
0.000859928797134160
0.000782636854622112
0.000785422967615084
0.000682461335799545
0.000590734221362368
0.000557398823595889
0.000522094313349442
0.000472701928074670
0.000321072724953595
0.000223325165349735
0.000262215313471259
0.000209610438779393
6.69650049702852e-05
-2.24046180066750e-05
-2.79883739668918e-05
-3.96463606122666e-05
-0.000120252935247862
-0.000208449544755354
-0.000268262714267422
-0.000299515791239884
-0.000324301918765286
-0.000324380497662418
-0.000402796187859877
-0.000472694371828055
-0.000432461722468105
-0.000532158220002401
-0.000600403381389185
-0.000559119193064390
-0.000672431912255576
-0.000755146623272509
-0.000684493544679725
-0.000751807106183406
-0.000832909162491689
-0.000772290673880178
-0.000854390842826547
-0.000861061549374540
-0.000754403966296735
-0.000899718752061460
-0.000905901522443742
-0.000813375247763020
-0.000945484835224875
-0.000915274440200449
-0.000830955994208296
-0.000918510056759203
-0.00100119287535449
-0.00103963214749285
-0.00101251390980963
-0.00105308201837346
-0.00112104715940887
-0.00104902912214698
-0.00108851869350104
-0.00114885758523002
-0.00113151950362493
-0.00118659948749723
-0.00118952302220009
-0.00120248836978391
-0.00122435645521477
-0.00124887063476478
-0.00131956731908900
-0.00134005466741513
-0.00138424940397158
-0.00138966410866402
-0.00132524754642958
-0.00136279634249576
-0.00143957622460164
-0.00145743430717005
-0.00147537519818570
-0.00149158210782758
-0.00148421325144341
-0.00150356325551797
-0.00156764060833012
-0.00154940937097592
-0.00144799600700338
-0.00142231568276344
-0.00150955604856904
-0.00159870706585536
-0.00152660717503579
-0.00147307919806792
-0.00149021888525269
-0.00139552798352284
-0.00137031802278543
-0.00136793826383482
-0.00134166595946965
-0.00139378162047819
-0.00127474599082035
-0.00119271916567044
-0.00123866487302593
-0.00111230636494270
-0.00102866987041324
-0.00101893890485911
-0.000994043188693326
-0.000848100831977803
-0.000668297500578774
-0.000673687478004155
-0.000618685388719342
-0.000491668452812135
-0.000450762100297268
-0.000489634059997073
-0.000348359499794242
-0.000103975418082243
-3.43516849206438e-05
8.25197500088137e-05
0.000194248694157260
0.000124446351999445
0.000123297814408776
0.000397007468560293
0.000577653991437561
0.000524866136623174
0.000615227432598644
0.000793410549579736
0.000831484229807700
0.000812986521758354
0.000920934385563257
0.00105058784653778
0.00110456652919773
0.00118897940015529
0.00122968739882410
0.00126822941891390
0.00134279876878267
0.00143459085767034
0.00146373640545455
0.00140289405328261
0.00144578950698701
0.00145535200489164
0.00140463469164828
0.00143634283427474
0.00142277656360363
0.00143835314273431
0.00147476285120135
0.00143163969937774
0.00148819373202656
0.00149899658485396
0.00138644474444092
0.00136802580410460
0.00134932788095739
0.00123870417614413
0.00125927074106926
0.00123587339932897
0.00108805433872575
0.00102445287409509
0.000877609458935638
0.000831835486020225
0.000883972678833942
0.000783270302866583
0.000738923834176291
0.000713557764030526
0.000620864630911200
0.000545079435620579
0.000517155726239764
0.000538739975452529
0.000436231353329220
0.000317509817660095
0.000326726626534963
0.000277845952180940
0.000183521873990031
0.000125304523277237
0.000114240844176834
9.07521774338704e-05
8.71498846595387e-05
1.22038579479522e-05
-9.66141859395009e-05
4.73123592648506e-05
-5.30399321723962e-05
-0.000166278226797658
2.62556574141115e-05
-0.000101320023858023
-0.000165447100721110
-4.48236936051671e-06
-4.88891814160297e-05
-9.25358117659414e-05
-8.79510281112061e-05
-0.000167801939466585
-0.000205682882905478
-0.000151675889367766
-9.26885987713888e-05
-0.000145548488406746
-0.000224269399253387
-0.000158758829672934
-0.000143764447962553
-0.000155733159369902
-6.82484925685856e-05
-2.41987371531138e-05
-7.06418052443780e-05
-6.89334702555300e-05
3.65183809206826e-05
-2.81349014062471e-05
-5.10259422684101e-05
-2.11527446793980e-06
-4.63388925477659e-05
1.63182547834140e-05
-5.19747954527361e-06
-1.15026788735406e-05
4.19359904543626e-05
-3.95542134157267e-06
3.26627704967564e-05
5.82133307132438e-05
3.73110856777714e-05
7.18628108018038e-06
-1.05817261461993e-05
6.50596899319567e-05
5.23004113712489e-05
0.000100743168245998
0.000132730169596726
-6.27456337056742e-06
8.23845580683269e-05
0.000181871915675771
0.000148254192124995
0.000205729910957047
0.000225079693743595
0.000249020530151398
0.000227799423872881
0.000219691453449684
0.000300092224826045
0.000278827830916697
0.000269412761645924
0.000324573520831564
0.000360721751413706
0.000287461515578826
0.000298738115663468
0.000422560227039384
0.000374878992003858
0.000396216955505793
0.000511722890202293
0.000488881920837230
0.000437980002242000
0.000506775957190655
0.000577035694059163
0.000551465066639167
0.000608901463362912
0.000615906348375006
0.000518099438978510
0.000628176746924396
0.000676689817424290
0.000604411633199788
0.000604186134382445
0.000566370817652455
0.000603070976460458
0.000648562303893812
0.000651728909764699
0.000655843560352025
0.000663549178646008
0.000684369920444681
0.000669793958698648
0.000683701868176883
0.000667244386335000
0.000649398210846357
0.000718411284083516
0.000615329307415493
0.000558499097367928
0.000618848701073347
0.000466477591292431
0.000401647293161460
0.000424870252089278
0.000385663551142130
0.000387965669287098
0.000332835231468209
0.000309107007848297
0.000377253172627832
0.000272699818322764
0.000152861523277892
0.000137497158325743
3.66501770210448e-05
5.28270276134890e-06
1.70707546592297e-05
6.36933167918130e-06
-0.000117051786330364
-0.000226922763283213
-0.000210598525174603
-0.000232415534401582
-0.000213537875501757
-0.000279652007373628
-0.000324839418403045
-0.000338611009549794
-0.000407218989660692
-0.000424210924748252
-0.000463491471667723
-0.000442582026491394
-0.000401993478391276
-0.000427528484892648
-0.000446399287106729
-0.000444850472030929
-0.000438469955129186
-0.000403603586232819
-0.000403849614705862
-0.000418601517042703
-0.000365882404456865
-0.000342438511034100
-0.000326717672186803
-0.000303157706727717
-0.000328400382660332
-0.000379651406327701
-0.000343438652248418
-0.000299052364026720
-0.000295087511281378
-0.000279625383455491
-0.000339653440329983
-0.000293218745591410
-0.000264344561136731
-0.000344800984303371
-0.000322707140250120
-0.000311059347064413
-0.000299576662324235
-0.000253875310427105
-0.000326687555743028
-0.000386561011586615
-0.000367681173832857
-0.000345933601633419
-0.000311862625485908
-0.000396735538237394
-0.000434588148830990
-0.000420395878474302
-0.000447536915097935
-0.000490586890339913
-0.000503049618669209
-0.000451828684318940
-0.000510270713081944
-0.000469480285626034
-0.000448155014580891
-0.000506540829699738
-0.000459317279408040
-0.000529603822962699
-0.000623102548930952
-0.000584280438406353
-0.000588445454659166
-0.000670403445909535
-0.000668417801092183
-0.000589399730124711
-0.000561152628032211
-0.000581050458872596
-0.000652352775975800
-0.000625254723456301
-0.000591351529577722
-0.000630384870017160
-0.000528492734729547
-0.000558455507027880
-0.000605719279891943
-0.000565771294016422
-0.000557206645212709
-0.000525044911700583
-0.000537873255893828
-0.000515368654942847
-0.000508761746233972
-0.000372061197484541
-0.000301406203997274
-0.000382001534443752
-0.000275509599429888
-0.000278603417895198
-0.000343864882040474
-0.000322498367860025
-0.000210284414987072
-0.000100549956162119
-0.000126379051208954
-0.000107554392749218
-0.000114499770222896
-6.82107820358979e-05
-4.26642626571372e-05
-5.89813317914434e-05
7.71458956157378e-05
0.000187032031761203
0.000150656108100766
7.82160352200068e-05
0.000108524469253024
0.000188470556726825
0.000203974781868590
0.000203988467435554
0.000217142548426788
0.000221257108743487
0.000290224405780428
0.000341703771678521
0.000371854024784657
0.000419303833783378
0.000345149424981859
0.000366488575259645
0.000450364046174254
0.000421853244104291
0.000397757310356610
0.000421289591341498
0.000557776153244625
0.000584960418999323
0.000529733018189802
0.000570711417013499
0.000566003144953946
0.000585254791288286
0.000673728531728663
0.000604671226576947
0.000565230695636423
0.000685015678073277
0.000688145620279563
0.000701967131530097
0.000738220729333108
0.000743212789186494
0.000791546626252320
0.000771578159098176
0.000677917366711469
0.000710108251832864
0.000811310999864681
0.000864203979104055
0.000861750331290452
0.000825638867599778
0.000832671567801846
0.000858954915466796
0.000941361502344016
0.000943293057136128
0.000896982931544059
0.000926734628083032
0.000992207390722761
0.000983675699889694
0.000964645069163019
0.000981767214755660
0.000907344996006465
0.000929308849673296
0.000915833947128508
0.000836579790185024
0.000932770776900229
0.000939920049672134
0.000817471912414325
0.000796235760127502
0.000866323960634965
0.000808176207728124
0.000755564886120759
0.000732740834539172
0.000602734804237173
0.000640040127288017
0.000647107256368784
0.000619430451865028
0.000553172915470270
0.000395811612985284
0.000368576765134847
0.000342990155468641
0.000336235390713000
0.000326099032271827
0.000215807714628582
0.000120738643209322
9.57986494735508e-05
3.58832707900803e-05
-9.53602341762405e-05
-0.000151145465324873
-0.000162952614682155
-0.000259844141673966
-0.000233025287163144
-0.000304666819973960
-0.000488509563021040
-0.000444571404738241
-0.000508182992302579
-0.000571450953652857
-0.000564260440283419
-0.000666040454889014
-0.000730488130131306
-0.000831436323013293
-0.000883879782650041
-0.000882320027749017
-0.000936204655605195
-0.000977594312449384
-0.00106855647185839
-0.00109275399504767
-0.00106106583978573
-0.00108352763027085
-0.00107289486558074
-0.00117383844993014
-0.00119506811278995
-0.00114978492149504
-0.00117632424073634
-0.00111793194466685
-0.00115743345940388
-0.00122267438829141
-0.00125836444430718
-0.00126011345536284
-0.00131110422419852
-0.00132420266721766
-0.00123165241621933
-0.00127589337205080
-0.00125631514380501
-0.00127087110055413
-0.00135059785120092
-0.00129141511678114
-0.00128428205961768
-0.00130547208547654
-0.00126042404343991
-0.00127923459572884
-0.00124029807393867
-0.00115050384123748
-0.00116249875274406
-0.00122555983568617
-0.00118104841892460
-0.00107423209691007
-0.00112712299815797
-0.00110292648740824
-0.00103409552692199
-0.000970464992236657
-0.000794803016769663
-0.000821910740032621
-0.000841980853881097
-0.000750170775657750
-0.000771627733860072
-0.000747163375212097
-0.000674392011748495
-0.000652933270075238
-0.000636832013089759
-0.000582329006666242
-0.000528399217576094
-0.000515759811789280
-0.000523632561942407
-0.000455097445734793
-0.000363655514528176
-0.000302499808393009
-0.000243638059628779
-0.000202654759392118
-0.000178788053803629
-0.000129581627165294
-6.15614358919458e-05
-6.40379908335831e-05
4.57848508816028e-06
8.58894634767182e-05
6.61963918591368e-05
0.000130653876992923
0.000169533881976207
0.000176830359356828
0.000265543093274871
0.000296386707455909
0.000302873223722600
0.000335426901155103
0.000341174971328897
0.000365836478061752
0.000451494312727121
0.000542001812484614
0.000543752574402845
0.000533501972888146
0.000560806735274575
0.000561744163131337
0.000570534258320805
0.000568569503086209
0.000575267920941141
0.000672748358144730
0.000691073364043806
0.000693296647240587
0.000775394955048254
0.000710621329893764
0.000707329323943347
0.000731174018114817
0.000728654285648254
0.000840943076473004
0.000758128214113478
0.000680571478542174
0.000788181746440744
0.000784754221006327
0.000781524072006139
0.000853141677145946
0.000789392306272934
0.000764185179656458
0.000794014555632749
0.000690859666067354
0.000723997916944264
0.000796249058268899
0.000687561605910148
0.000654576678112555
0.000750688929334729
0.000740030014441864
0.000705635056149028
0.000730195664552014
0.000606702673713357
0.000545085999770336
0.000603886418561146
0.000578966007460586
0.000593367768019206
0.000584940784930872
0.000586152064840526
0.000567476900958397
0.000458984951644474
0.000451277122744713
0.000458386319722308
0.000437777681889031
0.000436764922134891
0.000406907916288262
0.000342048162745279
0.000324634984502374
0.000305404654446413
0.000239498437940959
0.000289592316110507
0.000287330201139326
0.000127297185926167
0.000117147286173278
0.000167346329477933
0.000111302528712098
7.31815059371321e-05
0.000102122585071065
8.39250168772310e-05
-2.28704668250757e-05
-1.30289222524027e-05
-3.12872472760795e-05
-8.88622520874272e-05
-8.85981364652899e-05
-0.000106648674274687
-0.000126897650757289
-0.000172537182453967
-0.000174794505706357
-0.000208904199466637
-0.000235572433588613
-0.000226137776670052
-0.000254262323523919
-0.000229651969417874
-0.000231486504039640
-0.000273363293479547
-0.000276004926797357
-0.000342139321515742
-0.000344278653297780
-0.000373652885557918
-0.000445468759276422
-0.000328736512859060
-0.000277229310876298
-0.000310186900831888
-0.000293379541605742
-0.000304454077795291
-0.000334207936353068
-0.000312248752097204
-0.000274799752082309
-0.000277162028230358
-0.000211020517800438
-0.000214004793138256
-0.000300334884796574
-0.000249652361236543
-0.000241569615895327
-0.000284112125718825
-0.000244881812516631
-0.000217548803327272
-0.000193148280005873
-0.000173740796963680
-0.000130261272018903
-0.000119520525649596
-0.000142860053603727
-5.94831833550275e-05
-3.66462806492096e-05
-0.000105340842403004
-0.000110740282169517
-4.05982596822252e-05
-3.51634220577135e-05
-9.71518000655647e-05
-7.30298219183179e-05
-9.91596318359989e-06
5.65093348996459e-05
1.59015181143873e-05
-4.98314812935830e-05
-5.32499154275712e-05
-4.33137533780803e-05
4.07478982321985e-05
8.83165055397761e-06
5.10228724542650e-06
4.13184864926652e-05
2.59709118897788e-05
8.88036789479685e-05
8.85945623452322e-05
-1.19518747027758e-05
4.15077106858597e-05
0.000106492926835369
-3.96320330055833e-05
-2.70344140726220e-05
2.39733890074589e-06
1.37701229925469e-05
8.01970160669008e-05
5.04410606358974e-06
5.06315482397213e-05
0.000125681530604265
7.32325091045993e-05
6.27117284313350e-05
6.36584243579286e-05
5.28570187127997e-05
2.07719520948224e-05
4.27574273104980e-05
9.05933102780487e-05
7.94626867770987e-05
6.36664508924234e-05
5.35226558817392e-05
2.73264460970779e-05
7.22334653334933e-05
4.83891327707120e-05
-5.94460301411637e-05
-2.27990357155683e-05
4.82501367595312e-05
7.34784701348801e-05
3.80667756294173e-05
4.21096046898839e-05
1.44967289286058e-05
1.35736162036437e-06
-2.05255865319920e-05
-3.75467752878755e-05
5.90559111482847e-05
4.68291980199531e-05
-2.24786624746720e-05
-4.73115260207102e-05
-3.70590038123098e-05
-7.23302564669837e-05
-6.34423944596740e-05
-4.34203763475694e-05
-7.87550179837737e-05
-1.30189616996468e-05
-4.04308775783591e-05
-8.22575991877983e-05
-3.81328686086313e-05
-5.57455524809747e-05
-5.67080678706589e-05
-2.09300451943051e-05
-2.84178730638018e-05
-8.67635537205658e-05
-8.02935569782193e-05
-6.53245679602321e-05
-0.000104882318980977
-0.000109443446812172
-4.61184905618239e-05
3.32002760363181e-05
5.75515642045943e-05
-2.74439709001584e-05
-6.69568655350616e-06
6.03655146121440e-05
-2.44655041246489e-05
1.48548669295323e-05
0.000126578844336862
0.000108213387113523
0.000115705474982839
0.000207146464429648
0.000184303197192897
0.000183297437896677
0.000300890253568333
0.000392792434544127
0.000382460868843815
0.000376071089167418
0.000497466371164812
0.000499372406001442
0.000497825711520470
0.000554511562660878
0.000538886619245496
0.000586768512591611
0.000621003431423190
0.000648945802586631
0.000633588719313067
0.000615145104052033
0.000708855033481370
0.000728657258666523
0.000753983751707601
0.000807739026000327
0.000830871761172780
0.000802786154223760
0.000814965252548685
0.000796127024295874
0.000699446921163318
0.000772585672524979
0.000774981195007030
0.000750700181296846
0.000803755881652322
0.000796839277480954
0.000758976166385397
0.000720950823373396
0.000745374758032620
0.000741120983901902
0.000646787160431233
0.000614123789054122
0.000659151799210349
0.000626500746414518
0.000571641453106633
0.000575276343567452
0.000522318622396138
0.000492762638418292
0.000479314894417620
0.000456938181738771
0.000487100499155950
0.000448695465905509
0.000436760769763325
0.000387265102414069
0.000340770399896755
0.000410754651914758
0.000304112914142891
0.000200813938025917
0.000302815827958867
0.000224254014202572
9.20152560370013e-05
9.27049839445715e-05
0.000123901455060462
9.59061292390828e-05
1.40510622666312e-05
1.38674723545762e-05
-7.96613672056878e-05
-9.80508756445886e-05
-0.000101094841318172
-0.000169666787412410
-0.000198470736303449
-0.000267807939314508
-0.000244506675224585
-0.000260673891040284
-0.000342052791486793
-0.000373212684140611
-0.000384054264548865
-0.000473508989028488
-0.000527684255152821
-0.000520245248955575
-0.000547626364947718
-0.000553705201803467
-0.000605138840380306
-0.000684566713087378
-0.000734713147854933
-0.000767381177283539
-0.000799455463550203
-0.000813376266444550
-0.000834750677536675
-0.000835776312061398
-0.000844005357840558
-0.000918169963430273
-0.000948451637831909
-0.000962942000127498
-0.00104199480507504
-0.00103341462939568
-0.00104196165300152
-0.00113258458630440
-0.00114440767817200
-0.00120375248983493
-0.00124499125751782
-0.00123045062614665
-0.00127955595932917
-0.00131989555543413
-0.00129958758845532
-0.00126630016470727
-0.00125495226051811
-0.00130290842090147
-0.00136979206343028
-0.00135778671960537
-0.00134150812815534
-0.00137426325172868
-0.00135811138844957
-0.00135261267278622
-0.00140308540062989
-0.00135986851986900
-0.00137562276974336
-0.00141069273395658
-0.00131364007453726
-0.00131758554887398
-0.00128598706137211
-0.00124789632442088
-0.00127492996598875
-0.00116385953341918
-0.00114255771238405
-0.00116827307887462
-0.00107334688964329
-0.00107953444440824
-0.00108765209401426
-0.00100953166529820
-0.000993624591813500
-0.000931584925197342
-0.000886056882755924
-0.000866668596410847
-0.000824035717331100
-0.000798285528734226
-0.000703595860985473
-0.000610404963074274
-0.000589697509328602
-0.000548645966243697
-0.000454178684579318
-0.000407400605216566
-0.000457853214559663
-0.000468696492918781
-0.000350742658159078
-0.000270775083764434
-0.000252482022161900
-0.000199043482444807
-0.000143958675714728
-0.000161713159224917
-0.000134303863566245
-7.45220755624132e-05
-6.57558022279758e-05
4.49725883569840e-06
5.99876258596588e-05
0.000110523971510244
0.000121965587843267
0.000118059967156929
0.000171402846665529
0.000134509035564312
0.000152428304324435
0.000217443944745082
0.000222839950637486
0.000220920769133883
0.000245303047236725
0.000278371544134686
0.000307610233346409
0.000324088223242072
0.000258872011735818
0.000298753802915428
0.000403661691025050
0.000400665832748217
0.000352680181077076
0.000382514409895549
0.000408777837775034
0.000406112668976846
0.000388798210365877
0.000333751494348888
0.000425644849691054
0.000419101249303964
0.000311857591196656
0.000385629097278013
0.000439917638305616
0.000391581985893055
0.000376989621199044
0.000427294775085443
0.000473673954074769
0.000423382833045594
0.000393960906545203
0.000423915235294032
0.000419967121718798
0.000435770200689802
0.000454503357275797
0.000436785665452817
0.000422903375346380
0.000540742539598966
0.000534888913029477
0.000456549137501838
0.000494402584317584
0.000490620679237281
0.000558541628708724
0.000578273661710966
0.000536991711040855
0.000518490127633697
0.000548268391244449
0.000579848755762953
0.000533847513696628
0.000521102994370608
0.000545384501808428
0.000531707010522666
0.000545722515835507
0.000597761649663369
0.000563421650076918
0.000575031569369742
0.000593862374999503
0.000530580200634461
0.000546447155557814
0.000560804786681217
0.000543867601288071
0.000581082424137947
0.000526462859943706
0.000482025232349486
0.000543779439038019
0.000486080192222289
0.000478583587079129
0.000584484692427054
0.000538635576123454
0.000509101943250983
0.000493870375868255
0.000492785897079386
0.000536395817871949
0.000473973222360939
0.000477994876462731
0.000468703960417258
0.000435448852267086
0.000514114338187426
0.000467973137081685
0.000432903379403058
0.000503935705754941
0.000454855060249599
0.000474489827400078
0.000555751258102646
0.000524502926474781
0.000504295226917293
0.000487935332690768
0.000481455857095625
0.000534952141738359
0.000563276877620922
0.000587800621272265
0.000571100173791592
0.000572225749839674
0.000575961324354637
0.000593308800340822
0.000659826522926039
0.000638617458431270
0.000695949029386895
0.000758851676545760
0.000714146624636385
0.000680170506239790
0.000648945715897469
0.000720118841881003
0.000793311379368049
0.000782892661901826
0.000816711872213887
0.000803106457871650
0.000812632333694410
0.000899390481113187
0.000850199767735092
0.000790254010130411
0.000860193158364382
0.000876798155490803
0.000850768248957934
0.000864537108861043
0.000814045189507624
0.000845126223282193
0.000906218836216510
0.000728604373185533
0.000709924967614768
0.000822785580246261
0.000725189869617395
0.000674042970683502
0.000743042961127003
0.000752484225567969
0.000658095343001719
0.000538511052077695
0.000500304639396347
0.000515941546086367
0.000491974824440149
0.000473073863062439
0.000350526877115556
0.000310577805587400
0.000373206942030606
0.000266909910569666
0.000245541902243076
0.000229074342539946
7.67256305530850e-05
7.46090502482844e-05
0.000111153903843331
1.78208617546716e-05
-3.28142878899485e-05
2.05254098456464e-05
3.48467277001419e-05
-5.28155751182169e-05
-0.000139852558451850
-0.000127924506548851
-0.000100261060643874
-0.000179788683622775
-0.000202956578666971
-0.000147743104913332
-0.000168954601427487
-0.000256509616029490
-0.000253197342609610
-0.000155252493768359
-0.000161717927908711
-0.000180394458132156
-0.000142192073900986
-0.000176170226048811
-0.000223623184293160
-0.000230598301605625
-0.000198333761783971
-0.000203445819064143
-0.000200613656243078
-0.000149254674101087
-0.000157451686296284
-0.000160779055212856
-0.000175349779855054
-0.000130336969151301
-0.000100842289629739
-0.000121764222826926
-4.29747804094660e-05
1.40616266514115e-05
2.81889632228172e-05
-1.03492965621399e-05
1.68826090191132e-05
7.54676127340304e-05
-5.09897413217075e-05
-8.68928505210676e-05
6.42927947103900e-05
4.79232306014055e-05
-7.79376046063263e-06
8.70510617517972e-05
8.00807394680447e-05
5.33552385587388e-05
8.50938828021830e-05
4.61430153617570e-05
5.79622264148449e-05
8.96135945630228e-05
2.88048503382843e-05
-1.27624391952175e-05
1.79351214337586e-05
6.15315849825926e-05
2.92678964292037e-05
5.36182199718382e-05
9.88632001853063e-05
1.12538684838626e-05
7.32220853548426e-05
6.18069597105375e-05
-7.89466938190486e-05
4.51107077893909e-05
1.74742787508109e-05
-0.000110283426765818
-1.08268943412781e-05
-1.37689876928704e-05
-4.89419684528514e-05
-5.33530883635791e-05
-9.08386647007831e-05
-0.000144486540677562
-0.000194432346946769
-0.000124917096988852
-0.000168983437957877
-0.000289843254801383
-0.000249344436575569
-0.000129841191815387
-0.000151049642468593
-0.000245688358837271
-0.000245356016394425
-0.000284795232032593
-0.000382966778649490
-0.000328569777699954
-0.000289892784832517
-0.000309275851945046
-0.000310907181003302
-0.000393106543626232
-0.000346593591777520
-0.000352442717517221
-0.000315506450564271
-0.000234093096322141
-0.000355999722659988
-0.000378419512254880
-0.000349613385148331
-0.000407346284870584
-0.000356454469651055
-0.000303110939398295
-0.000377324816116271
-0.000439698919234530
-0.000357913156834684
-0.000288164952788179
-0.000423470353030666
-0.000494181859233152
-0.000393367653418011
-0.000363374610100493
-0.000433895265787783
-0.000444836729589042
-0.000414333811170877
-0.000449362965157718
-0.000468670559463362
-0.000477867163411645
-0.000473921014754239
-0.000488714388174856
-0.000565584600847160
-0.000507645042061426
-0.000547002493540560
-0.000597024062985270
-0.000484526117923281
-0.000517483698688181
-0.000621602901630922
-0.000667008439592678
-0.000668207327300081
-0.000705957875441925
-0.000724962357354855
-0.000682478233407551
-0.000735885098501115
-0.000752959816898908
-0.000746417495061849
-0.000829239222228182
-0.000842136753299201
-0.000835436765172517
-0.000848726238385495
-0.000858823288960480
-0.000881687184580073
-0.000872124073556506
-0.000851342683870939
-0.000935302887066882
-0.000969337928988807
-0.000924056584527477
-0.000946838393844587
-0.000918485741934205
-0.000847967884860168
-0.000884239538024474
-0.000949427332557775
-0.000875381279273881
-0.000881361869116688
-0.000926449817164894
-0.000856859876000442
-0.000829557723054961
-0.000808562818248788
-0.000824373563189909
-0.000819708804314701
-0.000726210606663074
-0.000743937565004842
-0.000757150761177741
-0.000650884712326558
-0.000617715748000478
-0.000631258377145798
-0.000586364873283003
-0.000583398001298861
-0.000569373106558828
-0.000466533477635807
-0.000435371878984086
-0.000446084887678069
-0.000398492651236211
-0.000328422357863332
-0.000279875103670690
-0.000260776447356221
-0.000279358765116342
-0.000255120373427786
-0.000137515716416630
-7.41136808397869e-05
-6.34244518549565e-05
-5.69647826843323e-05
-9.71256736488613e-05
-3.34608550458881e-05
2.71481896238868e-05
-1.40570658490446e-05
3.71750729624409e-05
5.45490452809361e-05
8.94816649416441e-05
0.000201509742742587
0.000161039193511527
9.19781705848521e-05
0.000125745578124281
0.000133412805669337
0.000146176808013365
0.000175294320944417
0.000231044822067332
0.000199582416136295
0.000135107148919715
0.000272440366809334
0.000306664727529906
0.000275701650678783
0.000366551186945330
0.000313653541655583
0.000247027389990713
0.000275015903723919
0.000268153953013659
0.000280071132879627
0.000332850420628361
0.000402420645998625
0.000415309914752395
0.000411376742148128
0.000449202996903928
0.000457505684517550
0.000487262525524423
0.000509592221398774
0.000548408862465233
0.000624245261058332
0.000588103991081836
0.000590700079270317
0.000673680727648343
0.000671505804645998
0.000659022508143554
0.000710985300206879
0.000698715926261926
0.000677833132219128
0.000669120745437439
0.000710835300015553
0.000725474353976665
0.000712665791913914
0.000753802266366037
0.000683415893984893
0.000700227041150150
0.000718384074989480
0.000686489142587163
0.000710995750050500
0.000745892638071020
0.000768617040299873
0.000781257818596757
0.000760895938171622
0.000757868959027377
0.000754775085327211
0.000684179005632721
0.000746083142260261
0.000751012935628879
0.000650459997871842
0.000610315020407164
0.000607550105613086
0.000610941609855225
0.000597946041356643
0.000576910080301651
0.000584270100666160
0.000592862469224364
0.000473218136545484
0.000410620088370592
0.000429654278565899
0.000351632388563168
0.000327884549316053
0.000320164952746111
0.000290888664420734
0.000310522442177081
0.000271298931128570
0.000267414902244099
0.000260154881685359
0.000176124127175541
0.000194807571361508
0.000189597412020142
7.89407588453450e-05
-1.42775777500326e-05
-4.97948676001059e-05
-4.64214171757504e-05
-0.000152209856671721
-0.000195596989537581
-0.000171675463008487
-0.000279295105312407
-0.000310961315537792
-0.000324090523949039
-0.000430247205711982
-0.000399072703008132
-0.000448258840980014
-0.000557802432841159
-0.000495920492778041
-0.000627374483163030
-0.000733514425193835
-0.000651565559906167
-0.000648057701075475
-0.000741990498193226
-0.000823811826338332
-0.000766932940183694
-0.000811444811527705
-0.000959905621276948
-0.000908102252759346
-0.000846117691200630
-0.000921425576654517
-0.000934644126106243
-0.000887959354963193
-0.000910821981167471
-0.000921333890300087
-0.000982976710322139
-0.00108004868567805
-0.000991349847854961
-0.000978181666886542
-0.000980526301847258
-0.000910284657154534
-0.000953669936192352
-0.000982041411788064
-0.000900896615463704
-0.000842513357009000
-0.000811495063824843
-0.000778024302921168
-0.000815862404098660
-0.000694688906473857
-0.000576039838422489
-0.000572462261033948
-0.000469699077661581
-0.000429189974156259
-0.000427575129931412
-0.000357245451226973
-0.000266208445785097
-0.000260284937479725
-0.000198228243794176
-2.80400845686302e-05
-8.12199512872525e-05
-8.98735168009068e-05
5.15603899782491e-05
0.000140143632944927
0.000198587208733798
0.000236924404773191
0.000265829401811217
0.000209362955772789
0.000405282733726793
0.000562924518462040
0.000508663857423670
0.000660077522527729
0.000703407426853175
0.000787605954123194
0.000884127680357381
0.000843017320429311
0.000945799941920171
0.00100545172451703
0.00102758698369868
0.00113179314726239
0.00113650152913280
0.00110948405334028
0.00117103817607429
0.00126426134257656
0.00130572414615614
0.00136551179363209
0.00146491486408735
0.00140504457275298
0.00138801267895062
0.00147861417881714
0.00145135558627828
0.00144000069544077
0.00147677493157516
0.00146932011518871
0.00146119931802815
0.00142323735082073
0.00148031688198429
0.00147059508032910
0.00141813596944800
0.00147238612100324
0.00144615145775560
0.00139448600627901
0.00135123096635951
0.00132842175314480
0.00129196947689621
0.00127561793972049
0.00132714279016326
0.00133427427980010
0.00119344152593698
0.00105420831214133
0.00101524793496353
0.000925568152299832
0.000873500296060357
0.000965080131727660
0.000900934200590626
0.000743290939793297
0.000729613320211229
0.000666148677276581
0.000523856105670788
0.000495788453347004
0.000488139817577675
0.000381343791626705
0.000333109634772661
0.000255799038061397
0.000250876442584556
0.000243588804210120
5.28119598470411e-05
-3.86674882009963e-05
-2.34255110471882e-05
-4.73537857166306e-05
-0.000154354223666973
-0.000250655331801397