-0.000270618975767987
-0.000273126071893435
-0.000271801665957255
-0.000168576328626049
-0.000142784563484771
-0.000136504800979582
-6.52087450357652e-05
-4.35232791984186e-05
-6.02780434868810e-05
-4.34696141421975e-05
-2.50643173024967e-05
-4.70199312839093e-05
-6.89134925811352e-05
-3.42492379760451e-05
-1.89116639968301e-05
-8.67097614751344e-06
2.36950654988366e-05
6.82350780628838e-05
9.12283246848311e-05
9.60109217100858e-05
0.000135621648743669
0.000184234752467631
0.000266814824871613
0.000358419586897547
0.000437039915583419
0.000450329282019037
0.000450373203956751
0.000500561722148092
0.000524949365635177
0.000580606993334847
0.000636322219091721
0.000646351680921544
0.000625068034414866
0.000636794081356733
0.000671948366607396
0.000704998605653699
0.000744224117282215
0.000733101474696092
0.000712406011825344
0.000669105910466072
0.000656555508304138
0.000634288232997235
0.000611118945501801
0.000657085808529416
0.000572705150598729
0.000515540461935054
0.000619118546474517
0.000603056049040198
0.000577138089165921
0.000593557656342263
0.000617128044545847
0.000638400852226599
0.000630956250246193
0.000707859614286139
0.000695642211545042
0.000670330011861235
0.000681539094713788
0.000635439669718725
0.000688519781131802
0.000678806629094932
0.000617507697546831
0.000632626220015453
0.000588591383986987
0.000520850710051697
0.000485221305764600
0.000464056066616312
0.000402422661749018
0.000352438351861055
0.000280807421691023
0.000210538208634121
0.000153608165123238
6.86434221725341e-05
7.66882055698792e-05
4.63710063365930e-05
-1.98430919947090e-05
-8.78880232438339e-05
-0.000169460650880395
-0.000255647532261571
-0.000348380126419268
-0.000436715727596756
-0.000529211783936394
-0.000526956926010063
-0.000577208765408965
-0.000680362803231693
-0.000698356064594421
-0.000749492572056303
-0.000822814782171113
-0.000872464546244061
-0.000891649509462722
-0.000826388202015584
-0.000843040949703617
-0.000892122046933688
-0.000848135290767242
-0.000866179744954527
-0.000921111281093907
-0.000882778706032337
-0.000829146553899616
-0.000926059257082752
-0.000983445396822571
-0.000951423987290276
-0.000966722378232721
-0.000925222721474732
-0.000917251212399908
-0.000949274779349576
-0.000906202482471290
-0.000892935559911301
-0.000825819920804580
-0.000691571188497768
-0.000668787909332149
-0.000622184167789790
-0.000462140614296676
-0.000357640828611476
-0.000320263433520793
-0.000174990757061959
-2.35270685238476e-05
6.14449413823159e-05
0.000162884847824483
0.000244190638212096
0.000280168264910996
0.000297651146430393
0.000347202494025369
0.000348039312682147
0.000356787030473358
0.000412172341543471
0.000439905465879740
0.000453976453676450
0.000472552232050232
0.000526856302787593
0.000557997209014272
0.000635077040086185
0.000687774195615514
0.000664872242545472
0.000727839344981066
0.000698491952373619
0.000680890338768621
0.000739481912054625
0.000666206314143437
0.000600330185854801
0.000594482318565960
0.000576096331835615
0.000487545895818750
0.000404551063987830
0.000356432138741760
0.000311453189952240
0.000271843046257843
0.000184369518830356
0.000130778628893102
5.51384993631565e-05
-3.64982026036298e-05
-0.000127435818868875
-0.000226661150489447
-0.000300329108840556
-0.000428921136820195
-0.000524884552905007
-0.000567041449525432
-0.000613889565505250
-0.000662920637673761
-0.000705157225349531
-0.000800215207113970
-0.000807403927626886
-0.000757639232336809
-0.000757611763769033
-0.000733997275818643
-0.000690089371309881
-0.000643831492428868
-0.000604197363506578
-0.000466073475731639
-0.000431987828192570
-0.000434929606343544
-0.000260491458341721
-0.000228162273805361
-0.000189219706333823
-1.10923634648308e-05
1.23239330503290e-06
5.68438091529089e-05
0.000119899562484229
0.000169323478864394
0.000252798597368704
0.000284916640980306
0.000410245204366895
0.000501073348504715
0.000567153546733765
0.000671638047975183
0.000708220378900757
0.000715449704498177
0.000770262853037149
0.000790235799922279
0.000831552815317656
0.000876124417407871
0.000860780059619826
0.000890116616567429
0.000892282258514667
0.000900117982705719
0.000884773413873079
0.000844996944691054
0.000867451527594838
0.000865318815518865
0.000807736439791125
0.000724567561965817
0.000695844490226039
0.000641961967082327
0.000650530623358678
0.000617155850460054
0.000494745333143760
0.000463690538235011
0.000383211104995300
0.000378551946034733
0.000324571190387868
0.000212565331165551
0.000159986393654772
0.000115288575790498
3.36092820025780e-05
-7.28206314866586e-05
-9.56414615701906e-05
-0.000200569459478999
-0.000297455832736002
-0.000353470604256962
-0.000464722411020357
-0.000549970310739827
-0.000553235677345949
-0.000585621033901962
-0.000632215657369049
-0.000636743730227600
-0.000721191168793354
-0.000738603985129949
-0.000697622967530904
-0.000702182835608056
-0.000688235283330769
-0.000652639313057790
-0.000592653807048364
-0.000540893758992453
-0.000473841246786932
-0.000396135741462516
-0.000345862363223546
-0.000262381005669887
-0.000223511304843100
-0.000198332186955810
-0.000101591413889572
-5.92042921521241e-05
-8.97719733580615e-05
-0.000157448057802760
-0.000172202990973815
-0.000157715685756656
-0.000194862584659994
-0.000238914050089569
-0.000327729756519481
-0.000389929823016608
-0.000345982816684547
-0.000390725580483391
-0.000465054228101032
-0.000433702012737989
-0.000485234725913628
-0.000527009450029929
-0.000471502356545876
-0.000455220719062766
-0.000414089715911103
-0.000359248551873925
-0.000341136574153218
-0.000330579322566038
-0.000342322822275172
-0.000271136896116779
-0.000204913745406898
-0.000251192020880993
-0.000216175058503580
-0.000173281097512437
-0.000240414349530447
-0.000236310842669027
-0.000251977773296552
-0.000318988219083387
-0.000350825819184344
-0.000372309437630776
-0.000349059116887815
-0.000410967203683406
-0.000411271329390370
-0.000373068824428007
-0.000419438301471420
-0.000357737770356987
-0.000309342467809195
-0.000340300536738241
-0.000300029481160120
-0.000236195125068654
-0.000236322646680769
-0.000213851405251120
-0.000152296004202945
-0.000128055988745235
-0.000130427715503565
-6.06650691393895e-05
-2.43683910085757e-05
-8.81190073445559e-06
3.06750422253099e-05
2.29506486166642e-05
1.32001685155370e-05
2.22735201527335e-05
7.41680220832741e-05
6.53207007864198e-05
4.98244373011580e-05
7.30935619548623e-05
6.98701154181691e-05
7.45316112679228e-05
6.27989485608471e-05
3.64530725753376e-05
4.93066757314886e-05
6.30416596921446e-05
9.54794455632779e-05
0.000105221686887607
0.000111066548776129
0.000211669892005517
0.000282129737336430
0.000359582328243961
0.000437862207204001
0.000544935889991240
0.000708158067281686
0.000819714491746853
0.000945678156090586
0.00105543656171093
0.00118718072651160
0.00130368132231247
0.00134705095808910
0.00142432900773112
0.00150454384801532
0.00154542506110204
0.00154198501822648
0.00147664949721590
0.00143118670550722
0.00140221392807330
0.00133243303722614
0.00127988701838512
0.00121746113872912
0.00109796030348459
0.000975520779318577
0.000941953569232319
0.000872005632070210
0.000730842797743148
0.000620409317137742
0.000494202582067036
0.000378555495844957
0.000304818249709049
0.000186268588059164
3.34417589381086e-05
-6.82512754460340e-05
-0.000142051894935165
-0.000219051476772929
-0.000251967740253267
-0.000261721352667639
-0.000296526036348830
-0.000259803820921416
-0.000251927848292564
-0.000244182302727705
-0.000155400540164301
-9.43931920594565e-05
4.27744208202796e-06
3.46087051848087e-05
1.88110525123975e-05
5.56904577160111e-05
-6.47093236288754e-06
-6.73809924527191e-05
-0.000110907696926006
-0.000208558528409313
-0.000287722634708203
-0.000379997469235782
-0.000548429537537949
-0.000676254781716352
-0.000794352808339980
-0.000994550405694241
-0.00110084164749605
-0.00120086361942601
-0.00131988636410657
-0.00139328783485031
-0.00151807459937931
-0.00160997444975166
-0.00164048046577122
-0.00166017885539961
-0.00166094424206051
-0.00162913918065357
-0.00151227643394392
-0.00142353426107572
-0.00134134579568034
-0.00119225540702644
-0.00111825429836561
-0.00103582900417429
-0.000902391045017090
-0.000813708440553036
-0.000729655127177153
-0.000643861810276647
-0.000582839166647595
-0.000548724097325035
-0.000527190092536429
-0.000502597968120853
-0.000492303046752838
-0.000570217641926618
-0.000648967750298546
-0.000632878400120767
-0.000716603643194489
-0.000826146889252257
-0.000818920453340617
-0.000874027824423642
-0.000916280684957300
-0.000927204667266928
-0.000977408298825360
-0.000945593474006614
-0.000911825962841117
-0.000899558169871675
-0.000885434618191141
-0.000873990041307575
-0.000800093209422936
-0.000734314409082249
-0.000660296812476187
-0.000483511810891821
-0.000350829244279116
-0.000156084210874785
8.74070299378582e-05
0.000231402484884149
0.000456991093889343
0.000691154818697974
0.000902102753050498
0.00111056695481786
0.00133956884384499
0.00158723190098305
0.00176084366312479
0.00197077995737709
0.00217216531428690
0.00224375238613803
0.00228430624053118
0.00234598614689723
0.00234168358831333
0.00227482264816924
0.00222805218317749
0.00214017601530749
0.00199643514156563
0.00185575937000017
0.00171874049707615
0.00150938035879697
0.00134868732783946
0.00125727999263642
0.00109360281257807
0.000980202386354740
0.000847767230108563
0.000694563209836741
0.000596917181019254
0.000486113556293208
0.000393328428601922
0.000310916338813971
0.000189037333248585
0.000118357167937742
3.68618686790611e-06
-0.000156084418527058
-0.000159015430657394
-0.000170369412411873
-0.000262557528702416
-0.000317368440577930
-0.000303001674377317
-0.000330115606848507
-0.000352802641863050
-0.000353383665906737
-0.000398350206188436
-0.000313084516087496
-0.000265091359956857
-0.000245515274001487
-0.000167839236144562
-0.000125675630797495
-4.81952280130016e-05
-4.74257754435659e-05
2.75363089734260e-05
0.000171326202859357
0.000216886590790659
0.000260393963981820
0.000316821588774725
0.000384199893371386
0.000427943802863955
0.000434105304395953
0.000473188466946233
0.000555297974995209
0.000514832458286347
0.000468362769557703
0.000471146635861357
0.000366803826726208
0.000321135343677623
0.000282600805712150
0.000171652789302113
0.000134370012534433
5.50128468874078e-05
-8.53129741959524e-05
-0.000143352374463461
-0.000193282559142025
-0.000244080203065433
-0.000252566658973787
-0.000289274982793799
-0.000309930321898886
-0.000329946356167437
-0.000377293347568521
-0.000371030748724142
-0.000326024647008456
-0.000353877434174521
-0.000405407603855679
-0.000386441870677068
-0.000440170200940528
-0.000469071007782844
-0.000470525826512223
-0.000536547468221507
-0.000568748360649920
-0.000604752264571857
-0.000615176846102372
-0.000636766434514371
-0.000649028198107224
-0.000654274426616865
-0.000676666513201170
-0.000666423374259999
-0.000631454599883448
-0.000569162943024217
-0.000555955404306374
-0.000532689657725385
-0.000525701211742096
-0.000495691906207405
-0.000446638212090313
-0.000412053975710229
-0.000361388916579024
-0.000364146410732005
-0.000383039448898295
-0.000406557588433714
-0.000405083201266088
-0.000459686780751696
-0.000528725417589584
-0.000564680171958827
-0.000656997256459455
-0.000725703446669321
-0.000809597317544473
-0.000924329571042009
-0.000990003576745053
-0.00106433375345983
-0.00116026191586219
-0.00125403706358579
-0.00133373622866877
-0.00141986496224913
-0.00145785124352155
-0.00146914053113559
-0.00148636262512204
-0.00153058684700511
-0.00158801449720182
-0.00158033631869888
-0.00159128632571461
-0.00157354585459050
-0.00154718445368832
-0.00153055439146330
-0.00144028485553992
-0.00136821832720502
-0.00129934925281698
-0.00118284061831005
-0.00106551523805523
-0.000940035260738266
-0.000750715457134987
-0.000538368926083526
-0.000338563569559067
-0.000106686369264803
0.000105336742411755
0.000307905727619460
0.000571213346158341
0.000831102258846972
0.000976699004627868
0.00113551220883878
0.00136972754427426
0.00153671312029086
0.00167959572351748
0.00184842947152635
0.00196869015641305
0.00208112124289688
0.00219197396494845
0.00225362429968325
0.00237616175211134
0.00243529569048423
0.00246131473430616
0.00251461271876238
0.00248112578897789
0.00248249724224912
0.00248519680886425
0.00244700362011436
0.00239420376686219
0.00233039129522290
0.00223537552295426
0.00208635538781920
0.00191035721511852
0.00175419626327617
0.00158408436945734
0.00139221663121170
0.00122620298922381
0.000992780136916878
0.000776689932862631
0.000587028685126434
0.000329867921476001
0.000133500061098637
-1.90576311444346e-05
-0.000196026211234539
-0.000340471873752115
-0.000483544695100768
-0.000613620550875638
-0.000698340527601786
-0.000729164950521906
-0.000752271043924146
-0.000840739343735741
-0.000831029972405410
-0.000765479207155249
-0.000714064002637187
-0.000608158306615678
-0.000483259847501110
-0.000379858774647044
-0.000252591159632161
-8.23783000549128e-05
3.77968495535797e-05
0.000187925443520811
0.000306100644692275
0.000424226620725499
0.000583129287310733
0.000734542095127608
0.000882774775179929
0.000927966527803026
0.000942015078910243
0.000956104990399922
0.000978750758762050
0.000963265729384943
0.000896554015727729
0.000793339137654288
0.000629098526192538
0.000503464156456779
0.000398171524602284
0.000240972196398432
5.88031541757750e-05
-6.03147266411153e-05
-0.000191977715514318
-0.000359462714557330
-0.000419952282047813
-0.000485707699800857
-0.000582847403924589
-0.000629231005550270
-0.000635626742797069
-0.000634196043720152
-0.000642427631343274
-0.000563943952513366
-0.000469789791277329
-0.000468532233776209
-0.000430318928464022
-0.000330734018314676
-0.000303782083680719
-0.000276181512780624
-0.000233035743619787
-0.000284791856082371
-0.000313123913581386
-0.000315599654421277
-0.000395412131813266
-0.000522570267553277
-0.000641191044859681
-0.000711353240438619
-0.000844635647725909
-0.000981294350080120
-0.00103679484338524
-0.00109095323829397
-0.00118875038632925
-0.00126982282790902
-0.00125713334583075
-0.00128034245037270
-0.00130001937236642
-0.00127445991348292
-0.00128026057814044
-0.00127471798486383
-0.00128694778700279
-0.00130705519295031
-0.00127351927597807
-0.00126738664584320
-0.00128242273616685
-0.00126155563050745
-0.00126047539321320
-0.00126653956823425
-0.00122564240874887
-0.00113590906405332
-0.00109303510295650
-0.00109166772587542
-0.000973318711113365
-0.000804378055070743
-0.000725391036787251
-0.000654419241683861
-0.000516775903959079
-0.000425960890061639
-0.000374257807053198
-0.000268153528207122
-0.000145045339816239
-6.53886279932792e-05
6.99044786687253e-06
8.37589255449878e-05
0.000133988960545084
0.000206705186461473
0.000273863231080744
0.000359135077134112
0.000491949202442996
0.000567337665927705
0.000602346740517750
0.000718956025138691
0.000800763385188941
0.000811829702724737
0.000869771628215055
0.000928387811643484
0.000949147462906639
0.000962223357993444
0.000995233537981255
0.000955940940070588
0.000921099937395891
0.000984271724605446
0.000951268517728243
0.000841900141549958
0.000788776115388439
0.000796558915848191
0.000749184976480368
0.000637761609233314
0.000546348026910302
0.000453421887037511
0.000430490668799663
0.000412507258511674
0.000315965047839768
0.000254839310248354
0.000276282271886004
0.000292885286138489
0.000349962488578317
0.000445722102923227
0.000504650149666546
0.000616297604857170
0.000775485360820198
0.000937391866213719
0.00107842435320825
0.00118356488388535
0.00130182164475278
0.00140213359984217
0.00147283603691386
0.00155290452694948
0.00159109531529624
0.00160340853604043
0.00159998602272707
0.00157882995814575
0.00160527140409835
0.00161420892116316
0.00158909329423056
0.00161556382631236
0.00155424421379318
0.00137574809640819
0.00128940955026667
0.00125385838619029
0.00118274769418297
0.00109715019025904
0.00104853308952662
0.00104783178998358
0.000972284087268029
0.000921456199310793
0.000965906542186375
0.000831358619050384
0.000667150088391182
0.000682114879138833
0.000577865081046909
0.000462778425574371
0.000355735241061694
0.000146118617896889
1.76510675625252e-05
-0.000111666789829954
-0.000312418218578436
-0.000569002909368273
-0.000795122768795977
-0.000949672057302351
-0.00114379365539264
-0.00138313643862688
-0.00154475926284938
-0.00171551105483701
-0.00188118199003497
-0.00197423595504155
-0.00208195393668007
-0.00215486871944201
-0.00223839451659515
-0.00226825626184564
-0.00228195588238435
-0.00234297243108287
-0.00236016707393865
-0.00239926357355238
-0.00242297349279667
-0.00235027326168662
-0.00232718125654024
-0.00232120584718246
-0.00224516847145047
-0.00217939037862813
-0.00210549343409248
-0.00205101850462512
-0.00198885389584511
-0.00190822942698283
-0.00187225473072651
-0.00183107753630111
-0.00174548244048395
-0.00166029832614640
-0.00155958944253626
-0.00150404757868770
-0.00150897545948517
-0.00144243661668703
-0.00136097578448393
-0.00129201055028339
-0.00114527766831458
-0.000983624051830176
-0.000892079247771207
-0.000792543751842558
-0.000602129922097419
-0.000485290972652379
-0.000403801676340372
-0.000250498027102140
-0.000100226808894668
8.70499888774745e-05
0.000271182273536255
0.000420373148130579
0.000521443025825796
0.000640322181178519
0.000771413321192007
0.000887572134498171
0.00105817817185411
0.00112986678627559
0.00111701908945658
0.00120244056635121
0.00128680012307445
0.00126177144844857
0.00125708635474777
0.00125267273753464
0.00119109400922796
0.00121955807368314
0.00119322424678283
0.00113780541943515
0.00116925147772991
0.00113793736377127
0.00112719509903097
0.00110995164320647
0.00102551757320255
0.000994816125737926
0.000977730051544069
0.000917999701937767
0.000860320784333688
0.000816869237100404
0.000722111510893198
0.000607248826295388
0.000543522800000154
0.000421500687403564
0.000330891677013452
0.000244906915069438
9.94833236954884e-05
6.11333467248398e-05
-1.34178306490984e-06
-0.000140966972557965
-0.000226804264094698
-0.000180390615596124
-0.000160322910903696
-0.000240845309865074
-0.000276358245270183
-0.000250103977894494
-0.000194300984688596
-0.000159667107081374
-0.000111886825935903
-7.22645288031032e-05
1.46613514513660e-05
0.000172049531589966
0.000297047148866074
0.000420841965521674
0.000565492044251261
0.000692764284034428
0.000815924621276416
0.000966019179567344
0.00112292457761461
0.00129913059388043
0.00144265993839582
0.00153533712131908
0.00166301195478471
0.00172064315964933
0.00176643845438633
0.00185108859411137
0.00185345177260757
0.00183432796146397
0.00183039405619942
0.00181466553129266
0.00176665076012899
0.00170952787861344
0.00164733410156749
0.00154226552381663
0.00143376743254338
0.00135981730964315
0.00121225743721563
0.00104224300675739
0.000931285491858151
0.000816490318235257
0.000662665560573696
0.000445796412093031
0.000279272825350549
0.000152930345137134
-5.71968571028503e-05
-0.000262319718587287
-0.000456927225966912
-0.000656405626743437
-0.000824407644995460
-0.00106598656461351
-0.00127840882175983
-0.00143819241131030
-0.00164869080932816
-0.00185620279714643
-0.00204248672650730
-0.00218110255834004
-0.00230194394595445
-0.00240730971490908
-0.00249221589546643
-0.00251990101799212
-0.00247251662444668
-0.00247881734164835
-0.00246350553924696
-0.00238378537964699
-0.00228157767357935
-0.00213761435539062
-0.00203074753754347
-0.00190644603658857
-0.00174301767685972
-0.00163688559984323
-0.00148985894198741
-0.00132586541395810
-0.00124945924080485
-0.00114860616178763
-0.00108276568363813
-0.00101145223386364
-0.000901608200753366
-0.000883751334722796
-0.000857915872825892
-0.000774276654613821
-0.000686266884605296
-0.000630238260556624
-0.000612017719893885
-0.000518110233455964
-0.000430811686502537
-0.000415864912923389
-0.000321099582938036
-0.000199500427235027
-0.000139514610586780
-7.86955501495079e-05
4.57696190177437e-05
0.000114495676175119
0.000159060244223816
0.000236022373612608
0.000310305998182137
0.000343816592213000
0.000343738450473585
0.000442796193493757
0.000543004160816365
0.000587956914764582
0.000601226951231730
0.000586867925819465
0.000625626116866327
0.000695907033360941
0.000718152291730494
0.000674212358101238
0.000664857086849580
0.000653006139552979
0.000606022241202417
0.000598054618889936
0.000557942236665507
0.000512233982086734
0.000445376777371394
0.000367929471259689
0.000332295638959685
0.000270898869058787
0.000199742728044932
9.86770358876044e-05
9.20162764320054e-06
-4.68751365909625e-05
-0.000130285511463093
-0.000183936847673039
-0.000220974716384568
-0.000256672495165944
-0.000283810773415105
-0.000283480230239697
-0.000250728068476391
-0.000209266273580084
-0.000174322603901551
-0.000146194760438902
-5.46815283269453e-05
5.24167835343548e-05
0.000126712620929013
0.000215806108896608
0.000324812958588225
0.000412690388158481
0.000475722853772922
0.000547864288823377
0.000607429164348261
0.000698564380738134
0.000773367329095436
0.000849915345651198
0.000987760474455186
0.00104094926523644
0.00113669736839228
0.00125385580624396
0.00130904499167137
0.00143371445496783
0.00154520482211311
0.00163759559351909
0.00170957255148210
0.00175682926127621
0.00177672886527098
0.00177819167704257
0.00175920444647680
0.00164384031541218
0.00154908365255125
0.00144689625063883
0.00129729621661262
0.00111916283870464
0.000936187702658984
0.000799121188799887
0.000615626856254750
0.000421897020766622
0.000200485737514882
-2.74204381205578e-05
-0.000202506520428969
-0.000335365182850182
-0.000424990884264282
-0.000533501790053457
-0.000582112279993545
-0.000584786416842533
-0.000629408547976915
-0.000628561562231731
-0.000555506864754065
-0.000436508453352822
-0.000360900190318958
-0.000264832534080703
-0.000102683173452363
-2.06509772515062e-05
8.70193410861475e-05
0.000260181394494019
0.000366239848750780
0.000406964977137818
0.000491421897779709
0.000540603255137402
0.000533478426468168
0.000558254286503139
0.000514637653983137
0.000481724070060583
0.000502130709352144
0.000409336970770102
0.000304330985371735
0.000239283575687415
0.000125380646728157
6.98660360717440e-05
-7.37502392242462e-05
-0.000254130015429910
-0.000316410588658527
-0.000368744357796840
-0.000411174689795936
-0.000526998215979491
-0.000623030935870109
-0.000691713758080699
-0.000774434660159993
-0.000815384791975173
-0.000910142614926945
-0.00101462167948974
-0.00110248943368330
-0.00120961822922851
-0.00129372116480213
-0.00140347637846815
-0.00151567742374231
-0.00161214010230573
-0.00176850003635438
-0.00188696255181160
-0.00195995990563174
-0.00206779591999188
-0.00216770247850582
-0.00219358071807541
-0.00214919761945001
-0.00214485891479387
-0.00216296285307006
-0.00212906747990763
-0.00209035447419344
-0.00203975235872607
-0.00196051683047786
-0.00183322935840711
-0.00166135898102953
-0.00152041436987267
-0.00137782704396898
-0.00127260992647830
-0.00111549625942640
-0.000914062251333512
-0.000764556213500374
-0.000605668918468929
-0.000524543301207583
-0.000412254191652437
-0.000253670469674958
-0.000118021470673604
-4.50003935662480e-05
4.65363502255656e-05
0.000205146952946968
0.000343736725790578
0.000522423774372314
0.000647279604818039
0.000755697048546864
0.000884034823228035
0.00106621721651557
0.00131361258628864
0.00145186029059644
0.00155478867250032
0.00182067759701006
0.00208171261736069
0.00227859986030722
0.00260868869717633
0.00284579278444568
0.00298794143474858
0.00322083160585649
0.00344278217595161
0.00357145126100740
0.00370173699505799
0.00391207686992729
0.00401248791194057
0.00405497904647937
0.00408536934569689
0.00403200893158179
0.00399013872403501
0.00390026938867045
0.00381943266761454
0.00372290823568044
0.00351019295210733
0.00329655921179118
0.00304572439882222
0.00268671675428948
0.00229420291081802
0.00197237920092167
0.00163214471956948
0.00121981440700026
0.000810620496732177
0.000369669393663852
-2.66476105099400e-05
-0.000417962268154426
-0.000884739305645317
-0.00126933491150345
-0.00160968119481036
-0.00201683825633763
-0.00239676187517215
-0.00267746545604539
-0.00291525743985737
-0.00315990492842308
-0.00338098250297856
-0.00353280329499299
-0.00364846820967261
-0.00373835171369866
-0.00374234826068149
-0.00368180721749565
-0.00362060102642284
-0.00352420236553083
-0.00339170658066607
-0.00323375843856145
-0.00303703990145338
-0.00281691040477944
-0.00253863360474564
-0.00229779201773581
-0.00206676392621615
-0.00180400987254767
-0.00155347264166274
-0.00121917385156197
-0.000891141264772250
-0.000701015816314595
-0.000483585153098127
-0.000241113168962115
-8.15842366450292e-05
0.000122962633223445
0.000268572884235363
0.000391607311174873
0.000585233681549413
0.000673263414217011
0.000707295428422281
0.000742932931034144
0.000748492611065252
0.000741097979016150
0.000700000864788954
0.000645926079222523
0.000558751050809612
0.000463071618594260
0.000385335182997384
0.000197759337526655
8.83725116154466e-05
2.87860191329692e-05
-0.000109348761773589
-0.000164847179037828
-0.000208618542423498
-0.000242606764358317
-0.000338945580137065
-0.000377379085334724
-0.000314327954246210
-0.000306064252254554
-0.000272104250369640
-0.000197668451073572
-9.14584970448473e-05
-2.55502493319069e-06
6.16075638550129e-05
0.000142384959376445
0.000223085814294786
0.000344757129515392
0.000502759093868166
0.000623544905907933
0.000753354792404157
0.000903231340648683
0.00101095816946692
0.00112212159134075
0.00124113455546262
0.00139852622841186
0.00156876992754576
0.00163747854633285
0.00168665765448891
0.00174460284224148
0.00180948387461083
0.00184133610705166
0.00185974756259313
0.00187176392799706
0.00179544754496857
0.00170816798702590
0.00165102891790644
0.00159379868725791
0.00153239805118487
0.00145366103444045
0.00138680226989121
0.00134635602064479
0.00125479949408857
0.00113460027277212
0.00101764270137588
0.000916529604968734
0.000842854994593374
0.000717004816913884
0.000580126731082711
0.000361836378402831
0.000139706820626220
3.72133612602532e-05
-0.000165355260599682
-0.000389364009010276
-0.000593043943809644
-0.000798327153860790
-0.00100963115693311
-0.00127315894030637
-0.00142750772400198
-0.00160245436488278
-0.00183857253074489
-0.00195062100462717
-0.00203753866472681
-0.00213772415563888
-0.00220080715903023
-0.00218748303528454
-0.00213221524166393
-0.00215028026576171
-0.00213816741051058
-0.00203905964367792
-0.00203165454538343
-0.00200513198534836
-0.00188762419342844
-0.00184153078981922
-0.00177820992064753
-0.00173138947205945
-0.00173795933230444
-0.00166222950575623
-0.00158684878787188
-0.00153512373213850
-0.00140725897084177
-0.00130548595887458
-0.00116123684685796
-0.00104464082689081
-0.000973583129993187
-0.000807098454756137
-0.000648087635030059
-0.000514230401944147
-0.000418474790299328
-0.000268113042151761
-0.000115439811324176
-5.16348185024462e-05
3.50158194604155e-05
0.000164592199788771
0.000237227138751539
0.000322393789724078
0.000427849707478227
0.000458452389867858
0.000478186877732672
0.000602728957242507
0.000793189330653408
0.000861831965767199
0.000999891947083107
0.00111247134604796
0.00108698078090697
0.00123852591971472
0.00144674581614539
0.00151007460646827
0.00157264415649741
0.00167933779180382
0.00175887755732760
0.00189784827570143
0.00189611532450439
0.00186945693343463
0.00194018492059217
0.00187531046655644
0.00183367310123394
0.00178302260249075
0.00165604764664920
0.00152621889556347
0.00135119511891232
0.00118668921675273
0.000984347459221399
0.000731959748418296
0.000628116912724281
0.000504128375449617
0.000308427123697133
0.000212486101991689
0.000156369007190569
0.000165758799137947
0.000236427415025613
0.000338768682584698
0.000448685750296720
0.000547309710894668
0.000768561287749003
0.000992402392215475
0.00116829854301702
0.00137920472533724
0.00148809726999890
0.00166387527800948
0.00181606519416661
0.00186025825533143
0.00193810484854360
0.00193949777546351
0.00192709582500779
0.00193068025028602
0.00187280063817898
0.00173991768183299
0.00155478151910600
0.00130898998372981
0.00104775543958254
0.000773182717771945
0.000462270300254062
0.000108346831132806
-0.000203337210164207
-0.000527628277792545
-0.000939920676666404
-0.00125434135801285
-0.00157930630548684
-0.00192008255674679
-0.00223804695074932
-0.00246934774653241
-0.00262008533546016
-0.00287894685532251
-0.00303119237606424
-0.00309945701546184
-0.00323690274692169
-0.00334800497879641
-0.00334541521726294
-0.00337638387936465
-0.00345559172141677
-0.00340210098983803
-0.00342063578411029
-0.00340145321769526
-0.00330100081731260
-0.00319187418800027
-0.00301426360300127
-0.00289909391749944
-0.00281853802985168
-0.00268558868057923
-0.00248412881047784
-0.00235811733225020
-0.00216840041225097
-0.00193311374950753
-0.00176609960096386
-0.00151802950070454
-0.00130083498044705
-0.00103392972362037
-0.000730861240122636
-0.000507565349585377
-0.000234882319094680
6.64121350040148e-05
0.000323413707849554
0.000591473349651679
0.000892202619045293
0.00114124490151738
0.00136872260315094
0.00161841659008438
0.00185537714529190
0.00196240584768141
0.00206896551373148
0.00218693964792330
0.00222584863556346
0.00225506630249914
0.00214985307314670
0.00206038235207320
0.00195371125873422
0.00174909106302660
0.00159663039972479
0.00140174400961822
0.00122906474469634
0.00101380008161442
0.000740550860607776
0.000579249161192834
0.000426294810082446
0.000282643630881516
0.000125504334928337
5.30178509677981e-05
5.18376411998922e-05
-7.22026742088033e-05
-5.54640119312388e-05
-4.39021433643561e-05
-0.000201921548318555
-0.000155610627071692
-0.000101232808833931
-0.000192456162589583
-0.000220108160014867
-0.000261253933652874
-0.000302146638119183
-0.000341935918738772
-0.000535109429035208
-0.000675686205410360
-0.000733660278897377
-0.000905190737599453
-0.00113863455177413
-0.00141515889813504
-0.00166599067094515
-0.00187082196656051
-0.00210028046674113
-0.00234909405341075
-0.00265088186556297
-0.00291649311847159
-0.00311846316292735
-0.00330520813701441
-0.00343752091333287
-0.00354184688215603
-0.00353940256957071
-0.00353319280292029
-0.00349184395244188
-0.00334975012104307
-0.00317318497948419
-0.00289536206450064
-0.00258659867545903
-0.00220616431004196
-0.00181052144137542
-0.00138125976691854
-0.000899557440636540
-0.000441687656599559
7.66616677232967e-05
0.000547266894756646
0.000973984014513256
0.00137707776904712
0.00171215410286383
0.00200225473243243
0.00222046440460538
0.00243886927304999
0.00254868472167026
0.00257127347648215
0.00261235539827020
0.00260494410105558
0.00258299618801217
0.00253951065823436
0.00246345823715345
0.00241372631690552
0.00237025113711375
0.00233124688453813
0.00236100139249118
0.00232510713001105
0.00229894570560404
0.00231900336866644
0.00236327196577918
0.00241019417298972
0.00245032765514523
0.00257870587627920
0.00264393658254704
0.00269752045932421
0.00276811470291989
0.00282926093913744
0.00289318858561501
0.00295986721133517
0.00298799218041324
0.00303439087685391
0.00304559626395715
0.00296915795392948
0.00297371772164318
0.00292515902926368
0.00282847725877801
0.00271357161659516
0.00259424845759483
0.00253380008145108
0.00247761179245074
0.00239732484990434
0.00235083861672898
0.00238626469394376
0.00245601238961747
0.00252261850388578
0.00256575556243448
0.00268167524681125
0.00281632760538642
0.00290851463208988
0.00302609653290965
0.00311706905136795
0.00315566799475672
0.00311554503284668
0.00299477587520379
0.00286419006807925
0.00270345924623463
0.00245961830290042
0.00216754505495860
0.00185136532878730
0.00152557943303948
0.00113762422026047
0.000700883401082306
0.000305629575543112
-0.000113632545531539
-0.000507195138582617
-0.000892815873189834
-0.00134352018316143
-0.00175854850826381
-0.00218580125752002
-0.00257581160817999
-0.00297183771475634
-0.00340567560138766
-0.00374397230734992
-0.00411756692731281
-0.00444203076354135
-0.00470612789177579
-0.00501658896677675
-0.00531113401805726
-0.00548968856421062
-0.00565494794694637
-0.00592676965114507
-0.00611594519309236
-0.00632499714657598
-0.00654259329411616
-0.00670609582467492
-0.00693152931812023
-0.00719361512781845
-0.00748681443189710
-0.00769925332670809
-0.00782556578517898
-0.00792997567251774
-0.00796815258590968
-0.00793319695972237
-0.00784803022274566
-0.00770123444945007
-0.00744773007887460
-0.00715935074652030
-0.00681220740054918
-0.00639145994214935
-0.00595397377817641
-0.00548858451485565
-0.00504346166041835
-0.00463210689586983
-0.00419744994784793
-0.00378073670409172
-0.00349737740716524
-0.00328066476990287
-0.00307071936210139
-0.00284038052842366
-0.00269352679855970
-0.00264849770533019
-0.00250231917821679
-0.00235160868613697
-0.00225277809744370
-0.00209542517773251
-0.00192505872119384
-0.00180582197666666
-0.00166664071218179
-0.00150129324011417
-0.00135584298628132
-0.00118365111248451
-0.000998154132145004
-0.000843209846281070
-0.000708455722419501
-0.000574726851663741
-0.000398164006473962
-0.000195156177351521
-5.73637877465671e-06
0.000261150636553964
0.000558933817040952
0.000913165037952126
0.00137800489045276
0.00190474912014054
0.00248349538723573
0.00298851809154343
0.00352783846819278
0.00419935387597462
0.00485298370564209
0.00545383324297120
0.00610078896766339
0.00671054362159168
0.00727990714352529
0.00789611373530761
0.00842464058434302
0.00893244646234734
0.00942735500864728
0.00984668671767963
0.0102150669807975
0.0104812788276047
0.0106123574992318
0.0106627617915183
0.0106793085458861
0.0105952572483983
0.0104162061462057
0.0101310811565361
0.00978198198491612
0.00945022725091860
0.00907574601859494
0.00864325127481550
0.00823918721737016
0.00787190627678172
0.00748949269892421
0.00712009256112197
0.00678616581860013
0.00650716394704603
0.00626504270831504
0.00602821019035901
0.00582698836309135
0.00559661427122194
0.00531988597250347
0.00506858911103137
0.00479279221677359
0.00457458260896232
0.00440059999533133
0.00414788432094582
0.00396557024078106
0.00378855504885337
0.00358346143068303
0.00341826726505275
0.00323505270326450
0.00304149693557719
0.00280477438110893
0.00248491365900605
0.00208929435089289
0.00161435648344479
0.00105877311711765
0.000402124604054279
-0.000360714631121510
-0.00117144734670575
-0.00203617587649845
-0.00295691149176946
-0.00383549470532387
-0.00468546168700485
-0.00550833108858683
-0.00616798350348169
-0.00675616126295346
-0.00719858289455985
-0.00746566206233389
-0.00759805729340229
-0.00752916657057707
-0.00738312698536571
-0.00708226766257386
-0.00667891171980609
-0.00624155284934297
-0.00564109408239512
-0.00503138499638740
-0.00446904720468259
-0.00386287900097556
-0.00330283992345446
-0.00281437597617444
-0.00235981058590374
-0.00195439459775004
-0.00162758589841376
-0.00137320302273841
-0.00116795661084867
-0.000947634576458469
-0.000775916904734242
-0.000696329573629653
-0.000606277578701371
-0.000572789202324664
-0.000590439145808652
-0.000566353310046139
-0.000583991560477983
-0.000670651024901652
-0.000746846042201739
-0.000833189110326131
-0.000974687988465917
-0.00118575800470371
-0.00137453368818754
-0.00153585376336601
-0.00175013140859104
-0.00193943919588286
-0.00215001011862995
-0.00236088378963856
-0.00247694601725613
-0.00259579150828849
-0.00266213248552923
-0.00266712115019061
-0.00262163956436339
-0.00248319250736827
-0.00233819598910927
-0.00212601888297485
-0.00181888337051554
-0.00152804385083400
-0.00114918933115838
-0.000670005779397656
-0.000311221224618343
1.34671184991575e-05
0.000395398357545780
0.000767478791551071
0.00104396151705256
0.00128841979494077
0.00149025474132781
0.00157995430017657
0.00172881693824639
0.00179250951201926
0.00171527170893640
0.00164528319358713
0.00151515424913338
0.00129433129104356
0.00103024345015982
0.000732755990806879
0.000379279545247186
-2.74940538680113e-05
-0.000469798590818655
-0.000969785065503572
-0.00148605584539389
-0.00205181998722665
-0.00268365805583493
-0.00327998931944840
-0.00384301255055817
-0.00432821910719724
-0.00475742863321969
-0.00515387474349289
-0.00544184429821826
-0.00559538531365341
-0.00563782699371558
-0.00556769615602938
-0.00536713532380730
-0.00506256008523010
-0.00463653866760922
-0.00408225382962463
-0.00344146552132926
-0.00277413513424939
-0.00207944264631401
-0.00135057309821256
-0.000645580242675017
2.27994211008919e-05
0.000672551982597405
0.00125917553932673
0.00172190611272448
0.00214283227542979
0.00245981232176563
0.00262578720309010
0.00277341488714500
0.00282598395686944
0.00280130707146190
0.00272014865568506
0.00262110825904985
0.00258640499109708
0.00252699296604863
0.00255217766337349
0.00263583838686696
0.00273896940998462
0.00296002401202216
0.00322084501109032
0.00352749072620775
0.00383934535383936
0.00418075762853935
0.00466338111506261
0.00510107675588646
0.00550693799040175
0.00594012530509655
0.00634911211687275
0.00674108544563147
0.00705406642241705
0.00737575189444641
0.00762696645622697
0.00778495211403548
0.00789620927544490
0.00786583422282393
0.00779012199756966
0.00769888996091556
0.00749640919090719
0.00721291833032533
0.00686935554062311
0.00649029445904688
0.00604460381058573
0.00557829031526271
0.00519267714085579
0.00476174948184493
0.00429651072952659
0.00385565297299692
0.00341365409146007
0.00301462913329431
0.00266931576534333
0.00228822414713406
0.00190209555055048
0.00157372505081085
0.00129064243568749
0.00103936306589830
0.000766203350292472
0.000573795395001753
0.000453522726544691
0.000309798237115615
0.000187365931422505
0.000125544783616931
8.68361123889372e-05
1.75811840654205e-05
-2.99470889390818e-05
-5.99969227872066e-05
-4.45236126176952e-05
2.41383176421549e-05
3.61103700066677e-05
4.08481521768068e-05
5.52883260073144e-05
4.91037637908676e-05
-4.34313709297385e-05
-0.000217377147870934
-0.000408620969520825
-0.000701865192708056
-0.00103307428465200
-0.00139517600265037
-0.00183560195851953
-0.00229764795365611
-0.00287243630310286
-0.00352744146134739
-0.00420678402731483
-0.00496044126390359
-0.00570645995885570
-0.00649483467358266
-0.00733105981614187
-0.00815908209854001
-0.00896372050900368
-0.00970686854063217
-0.0104124451512195
-0.0110283758511679
-0.0115886551466969
-0.0120757557849504
-0.0125045385995691
-0.0128377926785271
-0.0130517089406328
-0.0131780797988381
-0.0131466816292954
-0.0131326089660070
-0.0130680139625963
-0.0128209107559439
-0.0124383655198153
-0.0120242690171870
-0.0116203863737667
-0.0110773364644905
-0.0104575549749484
-0.00985836571908692
-0.00927507816974924
-0.00870616959081872
-0.00816690208255409
-0.00763675189480750
-0.00702956788345489
-0.00644736635337495
-0.00594332258083910
-0.00541951633296378
-0.00493745902706280
-0.00446965023315443
-0.00396096354413089
-0.00342566318965623
-0.00282633206253479
-0.00217784570279179
-0.00153258102899429
-0.000820191365354788
-1.05667963134693e-05
0.000844610779868447
0.00172194368962778
0.00266714014683146
0.00365947613965432
0.00460439872739642
0.00558727276736846
0.00652203204994436
0.00749591736738054
0.00854709493615261
0.00946393167943057
0.0103426918501316
0.0112085533498087
0.0120368877276111
0.0128009958012638
0.0134918762669975
0.0141756565607166
0.0147158946151182
0.0151384023290175
0.0154808898645550
0.0156610780986809
0.0158380473772439
0.0158980971296079
0.0157758098728095
0.0155803270588863
0.0152500577832353
0.0148668641425589
0.0143669926274347
0.0137423979160269
0.0130790239279095
0.0122863237998422
0.0114062806768207
0.0104451595361128
0.00938899228944038
0.00833095610639646
0.00722769307243908
0.00604389733908619
0.00485568806119545
0.00368377491372428
0.00248600772198216
0.00125128753701233
8.36902224963865e-05
-0.00102517236035027
-0.00217073163173922
-0.00325015443823389
-0.00424225928124201
-0.00525211033895175
-0.00609450327179474
-0.00678042011453442
-0.00746400411893831
-0.00797181060189757
-0.00833061055400833
-0.00863876413023149
-0.00882318355316386
-0.00890976608703909
-0.00889155555182299
-0.00873426349062697
-0.00847314037841216
-0.00808150833205730
-0.00762608139180372
-0.00717615967066934
-0.00668471717230659
-0.00617207900400047
-0.00569619789525575
-0.00518880823221707
-0.00464977154405972
-0.00414781545326889
-0.00372870057406146
-0.00334924216987361
-0.00291362009396039
-0.00255791648024228
-0.00226851694045138
-0.00200858111086120
-0.00182047004334947
-0.00152989901493697
-0.00128546172812889
-0.00112610265447529
-0.000817587929199704
-0.000485234624378563
-0.000272742046367398
-3.02197362560719e-05
0.000352478149514468
0.000721560272733655
0.00109556420633908
0.00150678988450579
0.00191893697695775
0.00227161205811001
0.00253768326741010
0.00284509905976677
0.00307837274177189
0.00323302897992335
0.00339455087955912
0.00346908638671437
0.00339458581245253
0.00321857128296472
0.00300841556246269
0.00265926687855540
0.00222174899770835
0.00168910904347626
0.000956195723674114
0.000224671995250674
-0.000530397530063169
-0.00140695786916353
-0.00229501687636912
-0.00322526416405140
-0.00417264280208485
-0.00510620496224931
-0.00601047983739079
-0.00688904489007541
-0.00768460546879112
-0.00833617592202870
-0.00900154066940445
-0.00955281188512515
-0.00990436184203588
-0.0102576019829098
-0.0105372418793951
-0.0105705615342862
-0.0104376823813129
-0.0102475978547676
-0.0100149741984063
-0.00965104815938332
-0.00918540119477825
-0.00883109029577781
-0.00844244820193467
-0.00795522719066469
-0.00757116571126403
-0.00714131596095399
-0.00660718876345300
-0.00613853749642772
-0.00569692833438523
-0.00524323098625985
-0.00476190803150075
-0.00425437540331814
-0.00379918875164549
-0.00326981573802755
-0.00270953594931882
-0.00216832619918762
-0.00152095732757857
-0.000973275309279416
-0.000469169958246312
0.000140859939524489
0.000704673713265152
0.00122438154069755
0.00170375630514400
0.00211519436064009
0.00257232082060511
0.00305102797067264
0.00341017830934902
0.00375869289679827
0.00417161384208697
0.00456937353434796
0.00494131108743261
0.00528429285085878
0.00562540745599762
0.00596586419379264
0.00628717986098366
0.00655283486246844
0.00671983321820534
0.00689753067542057
0.00706846135159338
0.00709324406970225
0.00700199601676090
0.00690442400511003
0.00675690015137278
0.00646621909392223
0.00606993164915352
0.00556886846043582
0.00495779168454263
0.00428057516675949
0.00351177529165298
0.00267239675394748
0.00178000867912829
0.000757909020200742
-0.000324409913761770
-0.00138941513102523
-0.00246754783763933
-0.00354926971393098
-0.00459302270821056
-0.00565933984958406
-0.00673842837590286
-0.00776130167379648
-0.00870225718857626
-0.00954876400184844
-0.0103592904395464
-0.0110991749806499
-0.0117227993703648
-0.0122426663483012
-0.0126707934315096
-0.0129262218182011
-0.0130566605184720
-0.0131016440960574
-0.0129290909134210
-0.0126347143860205
-0.0122283216252537
-0.0116562619714781
-0.0109548299471700
-0.0101446035901706
-0.00924141045515359
-0.00826604055980379
-0.00724081719916100
-0.00609883278858149
-0.00492337136282458
-0.00371409936574238
-0.00245469244181663
-0.00122359107574141
9.70244741682791e-05
0.00138800676285712
0.00259329717608324
0.00388141434356271
0.00510415070248030
0.00621286187985106
0.00729334631124857
0.00832486050199236
0.00922805945062976
0.0100146155884761
0.0108052109728618
0.0114812093513876
0.0120311305413128
0.0124941465739096
0.0128168307107183
0.0130278604004553
0.0131701505766165
0.0132295075111546
0.0131174573163031
0.0128766578969885
0.0125918691004370
0.0121865840889217
0.0116568742415097
0.0111012924319749
0.0104491734726940
0.00977407813712944
0.00906623383060094
0.00825711705369088
0.00748627489738681
0.00668491929756726
0.00580838899400135
0.00496828058480332
0.00411739471066710
0.00319446224336673
0.00232071463596299
0.00142627805798554
0.000547186256770829
-0.000250223162390171
-0.00110313695178377
-0.00184950110211673
-0.00253726690598057
-0.00319314208253672
-0.00371170115848940
-0.00419047108735867
-0.00453187783491330
-0.00474169618206418
-0.00492528820280427
-0.00498206689541405
-0.00488744053940764
-0.00468020906871516
-0.00431711681398383
-0.00388907865232568
-0.00344216336361740
-0.00288311502735724
-0.00229036534519651
-0.00173983485895803
-0.00114962969662713
-0.000476590492172022
0.000181896248665225
0.000772362597499523
0.00134540422401187
0.00187893374685871
0.00236048570402829
0.00273655402798624
0.00300999079669793
0.00323097176266913
0.00336579270404513
0.00337206974782418
0.00322891892325458
0.00304393195540456
0.00274984850729368
0.00233167259710228
0.00187535081274177
0.00128096657032756
0.000667675442006157
-1.64828643795545e-05
-0.000800747627578176
-0.00151495189823152
-0.00225524828398534
-0.00301824672672979
-0.00372814956906154
-0.00442461578610505
-0.00512771436267315
-0.00576519525314382
-0.00633062561344389
-0.00680914068756579
-0.00721455692606639
-0.00755871985608451
-0.00781938103046684
-0.00796582399061208
-0.00804334443790595
-0.00811054651049062
-0.00810830760087242
-0.00813016920123630
-0.00808871455773271
-0.00794062879788726
-0.00783486881404429
-0.00763619630844232
-0.00740596588725339
-0.00720460446754828
-0.00690845921080836
-0.00665031207091488
-0.00634580332730707
-0.00594673324839846
-0.00559978700539432
-0.00525239334663979
-0.00487060032287218
-0.00439149751238574
-0.00388541970937922
-0.00338542087678434
-0.00272340136583807
-0.00203255245503442
-0.00132170675639031
-0.000513067175218112
0.000278355272638464
0.00106513344675363
0.00189187824225996
0.00270767642966916
0.00353021620032905
0.00442320064087539
0.00522945660836854
0.00589963796910297
0.00655833284618893
0.00723182990936721
0.00779406133516091
0.00817737820779257
0.00851316454386733
0.00882628013098497
0.00902452092978592
0.00916941751218815
0.00925927954938175
0.00924024352959464
0.00923527761153537
0.00920701627110248
0.00909393750967752
0.00892626081381195
0.00879739073490327
0.00869794036643043
0.00855392060105487
0.00839933085303301
0.00828418095692655
0.00814928611323239
0.00797485565811257
0.00787219832836854
0.00776133667319869
0.00767460736402768
0.00765264899564841
0.00758283019730584
0.00754318296218571
0.00761485676772963
0.00764053580654377
0.00761678898283435
0.00770103178384034
0.00786827697336548
0.00801534229604727
0.00822295034247191
0.00847339217261492
0.00870938019091454
0.00909308249917103
0.00939680142716838
0.00967920063538600
0.0101069707823808
0.0104336277389848
0.0107348594280984
0.0110514535256550
0.0113335907870055
0.0116216895681634
0.0118573117790675
0.0120461737320431
0.0122438528460373
0.0122437058795560
0.0121144636279871
0.0120744530560671
0.0119812625880104
0.0117505040346805
0.0113893229021164
0.0109360020992779
0.0103764347155447
0.00972484691683007
0.00905699040775858
0.00835911549729531
0.00760838214998216
0.00680830476458027
0.00599392985082773
0.00509251954521119
0.00408764505831982
0.00318914463169563
0.00226197070312082
0.00124640049854975
0.000280235010187653
-0.000710376286298242
-0.00164619763634505
-0.00263295733354539
-0.00370000230563846
-0.00464694747516376
-0.00562686467546655
-0.00666325925873991
-0.00760450703357606
-0.00852642652163866
-0.00940046475972963
-0.0102174067969821
-0.0110043519260097
-0.0117418910010741
-0.0124093711674078
-0.0129711170569260
-0.0134767590462786
-0.0139209567469351
-0.0142226615155460
-0.0144202601258985
-0.0145053941564112
-0.0145190673838027
-0.0145006419035488
-0.0144393466974617
-0.0142607064189068
-0.0138098771310959
-0.0134167590529657
-0.0130366301549870
-0.0124462075691164
-0.0118557668097350
-0.0112545511970654
-0.0105307226161165
-0.00967418159484055
-0.00875085260916507
-0.00786979745182208
-0.00700191285744552
-0.00603553052734924
-0.00503626135117798
-0.00400228924528449
-0.00293513823280222
-0.00192632638691805
-0.000880066432807780
0.000183215455933805
0.00121001458046521
0.00226646380436478
0.00328068188795498
0.00421990235792606
0.00519505555356460
0.00612999956215447
0.00691206768111925
0.00772842167165010
0.00852596454782798
0.00922809932964839
0.00990951156761838
0.0105307454665365
0.0111079271608295
0.0115713870780976
0.0119911089714046
0.0124579995279916
0.0127524783722089
0.0130024892248173
0.0133043018781856
0.0133815323475244
0.0133622923304492
0.0132836093537583
0.0131032244693422
0.0128699192597034
0.0125247635223732
0.0121459711739161
0.0117202162604195
0.0112449694997886
0.0107701065149522
0.0103257564999107
0.00980860760563452
0.00922544391756361
0.00871040876546463
0.00821403244430398
0.00764583821108033
0.00702151487607122
0.00652606113685678
0.00611037694868571
0.00564508507455173
0.00516994205229878
0.00459713813970481
0.00397076349450600
0.00344598045711763
0.00292722442130923
0.00233122358050935
0.00167553032261793
0.00102257671935377
0.000268612012518190
-0.000533479578313347
-0.00125619677792713
-0.00213582671331267
-0.00302577303886153
-0.00380862337936208
-0.00467619589544711
-0.00559702424037425
-0.00657391992665282
-0.00752606612923103
-0.00833785076419247
-0.00917689230546955
-0.00998922904447625
-0.0106712755226420
-0.0113659496442597
-0.0119671841447212
-0.0124787967337073
-0.0129614766162024
-0.0133833457577225
-0.0137639071285895
-0.0140960456123923
-0.0144089819971680
-0.0145801720202667
-0.0146500705659525
-0.0147485526128753
-0.0148036738019562
-0.0149112810611018
-0.0149671716342232
-0.0148848707662410
-0.0148877569311856
-0.0148456335420076
-0.0147214603436123
-0.0146432558943627
-0.0145235755855106
-0.0143494887616339
-0.0142096151387784
-0.0141508255391329
-0.0140269744255852
-0.0137886945663104
-0.0136068428704641
-0.0133145659121658
-0.0129792673001191
-0.0127012182899671
-0.0122271424923395
-0.0117080381466837
-0.0112556477955741
-0.0107477582033448
-0.0101662617459510
-0.00958445055375932
-0.00896443940273457
-0.00823615341526534
-0.00742877809683932
-0.00658734999314220
-0.00577545945101008
-0.00495125487177290
-0.00405798186766901
-0.00318235366561396
-0.00233482221098484
-0.00136801493585210
-0.000378264704582989
0.000674570216999086
0.00182384501958325
0.00286640794399602
0.00393803826295255
0.00502239977736906
0.00608161406980628
0.00717429094090335
0.00823946862755236
0.00920439060290960
0.0101759722394263
0.0112148024501295
0.0121189888363836
0.0129739161478301
0.0138315616715096
0.0146169886461621
0.0152989542675715
0.0159530775617969
0.0165358864570004
0.0170771767751603
0.0175418750713123
0.0178364505546301
0.0181382087669834
0.0183775622387441
0.0185719033005279
0.0186837059393264
0.0187121451026070
0.0186589658296003
0.0184809430774976
0.0182946056076577
0.0180212394693456
0.0176328624986655
0.0171737485415480
0.0167209424813484
0.0161372832831148
0.0153089866912097
0.0144267929402588
0.0135443550109738
0.0127029634064434
0.0117065286618094
0.0105045965304720
0.00945094218726751
0.00831035481749552
0.00698548007715999
0.00571319252688340
0.00437878419518825
0.00301432526129247
0.00162343458738633
0.000227035466767802
-0.00121697257322239
-0.00268253251638612
-0.00411364333769257
-0.00549672050723530
-0.00676253602044881
-0.00818568500761216
-0.00961638560684264
-0.0108979721696267
-0.0121723850675471
-0.0133689090076109
-0.0146234948812321
-0.0158645170360558
-0.0169537526904230
-0.0180233361667354
-0.0189824892236754
-0.0198290150091339
-0.0206612275656903
-0.0213677035868398
-0.0220109365448525
-0.0226294118943042
-0.0230983712591637
-0.0234662621275743
-0.0237370777657713
-0.0239362270908646
-0.0240550030459667
-0.0240329508906427
-0.0239412601630784
-0.0237161684447278
-0.0233183813528854
-0.0227831844152547
-0.0221509004577854
-0.0215117688136286
-0.0209184551636497
-0.0202194858569294
-0.0193801849715192
-0.0184891567542059
-0.0175609708639877
-0.0167537809481792
-0.0159678333298291
-0.0151710427566752
-0.0143196931660145
-0.0132790659067416
-0.0121897297007069
-0.0109039448992246
-0.00989793692331887
-0.00928640435289594
-0.00795199946644630
-0.00654096793271719
-0.00534264566822344
-0.00365459451979973
-0.00227677378837484
-0.00147361413579631
-0.000543066501734302
0.000696864179597014
0.00188301824711061
0.00299209880921524
0.00397700600230735
0.00492598507698233
0.00597835912117205
0.00698928937374205
0.00795346315531106
0.00875612828332635
0.00952218590227744
0.0104319870394039
0.0111847498468251
0.0118440436480074
0.0124830541232865
0.0129648648046538
0.0134222706098851
0.0138059516752514
0.0141594028466574
0.0143979938010170
0.0145974244368475
0.0148300680089648
0.0149255935204627
0.0149811783409965
0.0149714301835408
0.0148851365216140
0.0148300682806399
0.0147285049689235
0.0145017064202820
0.0141690072823856
0.0137849130576788
0.0134915770685768
0.0131105136599885
0.0125214326489537
0.0120852881352727
0.0117588215816919
0.0113394227726977
0.0108574672785986
0.0103582417799728
0.00984028986259773
0.00924866169510452
0.00861552725503685
0.00789319875692755
0.00720153804158414
0.00662442846160559
0.00604201253797427
0.00540339873941150
0.00469897506538672
0.00403880195259106
0.00333557945324486
0.00253852054386087
0.00182870520645253
0.00118428019291017
0.000399512988331594
-0.000428722259801333
-0.000981537251115441
-0.00153902038726784
-0.00221372839150419
-0.00280028884472259
-0.00347663340104418
-0.00426834938937617
-0.00498170133869905
-0.00567153260100781
-0.00637720912296203
-0.00700141508440140
-0.00768836094831841
-0.00833179607576085
-0.00895712146807767
-0.00953138054035151
-0.00995022505549315
-0.0105433445244830
-0.0110227940524069
-0.0112999433176094
-0.0116868955279983
-0.0119722769287134
-0.0122031150661059
-0.0124845195439124
-0.0126597488698989
-0.0127478304013115
-0.0126651858892998
-0.0125290847425553
-0.0123779815709808
-0.0120949914585719
-0.0117736547342919
-0.0112834825316104
-0.0106612430728124
-0.00997334254034158
-0.00920348279709934
-0.00853102040361080
-0.00800307578816330
-0.00739452069479345
-0.00665425387973823
-0.00583713511552107
-0.00485819997464279
-0.00370394659936599
-0.00242615756194741
-0.00125334501639841
-8.06358284164332e-05
0.00110352609055035
0.00217932555530936
0.00336156715456028
0.00459001784275259
0.00578476043275742
0.00688223032847589
0.00785376487272686
0.00884687487833730
0.00983719691780522
0.0107947922263782
0.0117368276934570
0.0125539845624073
0.0132275479507456
0.0138318974177383
0.0144183355447856
0.0149785538035414
0.0154989296719899
0.0159392126638585
0.0162898047770781
0.0165453757401454
0.0166836786402962
0.0166945965855004
0.0165467630905968
0.0163165950919603
0.0159867221515586
0.0154746218097876
0.0148424038630853
0.0141082328447501
0.0132617031029571
0.0123818442355264
0.0114862435190719
0.0105242963905809
0.00947919794721770
0.00837019638852837
0.00720708604472918
0.00603138478130973
0.00485726822479279
0.00366154762803916
0.00258954605781867
0.00171300796708238
0.000812156125107037
-0.000146234925536248
-0.000996778664094506
-0.00202352957143518
-0.00322826474957196
-0.00429814816285187
-0.00526679412231147
-0.00602853061245440
-0.00656061208951115
-0.00699565796407910
-0.00740148553210616
-0.00768304121547544
-0.00794535136183484
-0.00825556105229481
-0.00841544995381952
-0.00851068655734920
-0.00858337803620344
-0.00861620539609966
-0.00854372539217813
-0.00842046564260713
-0.00844093110656338
-0.00842011452596992
-0.00836644533103417
-0.00830782656035453
-0.00821903458171150
-0.00823297324993213
-0.00821315581718188
-0.00812951968548070
-0.00811912049773923
-0.00811658958119658
-0.00806337267811116
-0.00800222977218382
-0.00788547421352917
-0.00779673659532463
-0.00770318094606253
-0.00762585026597464
-0.00766863396975381
-0.00770783260277099
-0.00779707724007281
-0.00798788874522884
-0.00806966110628252
-0.00820073777429727
-0.00857760479530924
-0.00887867281597977
-0.00891806155651779
-0.00899683343406210
-0.00895261045563501
-0.00873204726975359
-0.00873110985353662
-0.00873756788936277
-0.00895383569459085
-0.00917957732691548
-0.00905736429251192
-0.00897083180999346
-0.00868103718583569
-0.00809054792706633
-0.00725557277458705
-0.00622462189107182
-0.00571793535201607
-0.00491685405551380
-0.00323261557409637
-0.00192630657735322
-0.000647800614984249
8.49104901737974e-05
0.000728318196407827
0.00226744989561951
0.00402139174047079
0.00531284688802373
0.00587397148594619
0.00752115567752412
0.00903162242452425
0.0100559546494185
0.0116580595970879
0.0128305877954114
0.0141749502989063
0.0154634204990862
0.0161916143405017
0.0171657503993873
0.0183565524139937
0.0192933720597409
0.0201071207522904
0.0208238221458851
0.0215133343429761
0.0220428760648497
0.0222884938471464
0.0224548305546898
0.0224852553038284
0.0224595281318437
0.0223957390073593
0.0222068620475733
0.0219580529123499
0.0215724947912645
0.0211005608862342
0.0204337619685117
0.0196242215049085
0.0187068159202278
0.0176508606471151
0.0163834042209123
0.0148542161550000
0.0134268707540514
0.0119358610847871
0.0106873058459001
0.00990696023643295
0.00918023441436958
0.00840767859360369
0.00725786557722358
0.00536998819707719
0.00286163268538587
0.000585917103067573
-0.000964972654792007
-0.00217117209747528
-0.00335484575471753
-0.00440468092151036
-0.00544038669972394
-0.00657011914504608
-0.00743894714434987
-0.00819865274071148
-0.00908822729166360
-0.00996369996370120
-0.0107349225078566
-0.0113870314927809
-0.0119329469181439
-0.0123959931421034
-0.0125914582995217
-0.0127880564800229
-0.0129904766900654
-0.0129965835436468
-0.0132197227888176
-0.0133709405529796
-0.0133270586610965
-0.0134449488738484
-0.0135807950193525
-0.0136828668447561
-0.0137931729958841
-0.0136197872150725
-0.0131668638378100
-0.0126876780742182
-0.0122014560194553
-0.0117294322557380
-0.0113061079452760
-0.0109337221474139
-0.0105845970149077
-0.0102334380481527
-0.00991990429867340
-0.00959943338954368
-0.00926378750641145
-0.00893198536954655
-0.00852272906520030
-0.00808935057476277
-0.00741643656804337
-0.00655836864315064
-0.00589469650607990
-0.00523748466598919
-0.00453053433693445
-0.00387298191363094
-0.00332913352115114
-0.00304184884368723
-0.00282650372393675
-0.00293349313490843
-0.00331621036203316
-0.00301289908939395
-0.00202839569163217
-0.000977583268743842
0.000117144707156882
0.000745893825680781
0.000661441522322690
0.000595529279068074
0.00103345887133870
0.00194789231291892
0.00266772128838809
0.00332359182282858
0.00433152335384762
0.00500764866126289
0.00532010002405428
0.00579722661134753
0.00624183216933290
0.00662746707408701
0.00704194822656433
0.00751741140388731
0.00804288570925422
0.00857285225183517
0.00929794670263050
0.0100060465325586
0.0106424138122657
0.0112423570598043
0.0117055763628326
0.0121173732436435
0.0125432184700966
0.0129562316936594
0.0131187086209178
0.0131365403358160
0.0131183511378052
0.0129560479164070
0.0128080437906618
0.0127342258337626
0.0127361333913154
0.0127270098646675
0.0126283415395875
0.0125457613564622
0.0124590949423249
0.0122847966368725
0.0121402502084261
0.0117853273391397
0.0111507684185165
0.0103424443396062
0.00946267632782103
0.00852403586340675
0.00812610238354832
0.00912612670414237
0.0104645882290942
0.0108096840683037
0.00963257886538244
0.00706291830403828
0.00426647996472074
0.00241410363757019
0.00160620209009522
0.00129098216872151
0.000897892785184951
0.000173462051742774
-0.000869412350854617
-0.00199478855391703
-0.00303809363672485
-0.00414289078149920
-0.00518855939661876
-0.00596674460245822
-0.00678841124687182
-0.00767595469860368
-0.00840853353494964
-0.00927215248412381
-0.00999815711140002
-0.0104347270298416
-0.0108275801373065
-0.0112046790358443
-0.0118251630282452
-0.0125527731682803
-0.0131212636523810
-0.0136360143555686
-0.0141048538779165
-0.0145928869268056
-0.0150323611047168
-0.0151000363142651
-0.0144848436292773
-0.0133935706174969
-0.0126100499303652
-0.0122378868387085
-0.0121695107297398
-0.0123183095810879
-0.0122531848631337
-0.0121069831795893
-0.0119343368924746
-0.0117062291083687
-0.0116950450006328
-0.0117290275535436
-0.0115882356821305
-0.0112844543506037
-0.0105751329800199
-0.00982882683066180
-0.00923013798753743
-0.00841739415986922
-0.00776501404309727
-0.00722788127878630
-0.00663002012799552
-0.00585376022344349
-0.00475673897483262
-0.00450813195970113
-0.00551510340703260
-0.00619514014901199
-0.00620528438061797
-0.00562771368617632
-0.00406247754768685
-0.00294501759076184
-0.00248729210860745
-0.00182927825824834
-0.00137595398512133
-0.000940319223191182
-0.000227802585301902
0.000652616767963536
0.00150184984033899
0.00219463972112749
0.00274677826793891
0.00315829566791649
0.00350434572690176
0.00377335870084096
0.00388466101755398
0.00387950577846425
0.00391588354176122
0.00400434978395254
0.00437763099941833
0.00507309478822066
0.00571960339574474
0.00617727332261183
0.00648010795597287
0.00668091999255012
0.00682322029105052
0.00706303891332254
0.00722847940420763
0.00726093336785908
0.00722593107198207
0.00692023996904084
0.00648360394006886
0.00596343727880367
0.00549262958660023
0.00516745161883193
0.00492897266138328
0.00467023764230049
0.00427274691835066
0.00399081018708699
0.00387074950384459
0.00362678853299286
0.00313263993762547
0.00255678173157690
0.00198086021180927
0.00130913783446374
0.000408442732041578
-0.000707486382632965
-0.00125626140012656
-0.00135283729733828
-8.35932577257382e-05
0.00166296170058473
0.00106717666188928
0.000107538892017089
-0.00159681511426243
-0.00397941534961433
-0.00485152807752598
-0.00520156090518071
-0.00522220688497868
-0.00523013916767013
-0.00548304655859880
-0.00595565744398783
-0.00640460514290737
-0.00656287166624736
-0.00681865599383741
-0.00728383179436776
-0.00817383269217117
-0.00897847239012208
-0.00920445012454422
-0.00910613066210061
-0.00887424587932500
-0.00865490006173502
-0.00850322367164637
-0.00837401403663932
-0.00833660921433747
-0.00828569571157729
-0.00828098214445035
-0.00842940179623327
-0.00833608115794803
-0.00798602862596439
-0.00765230310756309
-0.00734090085725775
-0.00699990248979205
-0.00639941408565953
-0.00528520843346030
-0.00401812567416492
-0.00295244352396184
-0.00218732709716438
-0.00175424849243827
-0.00131566959674796
-0.000912501022945307
-0.000634653020541549
-0.000371883047049337
-0.000237214739999132
1.93210875612237e-05
0.000391823703828926
0.000740880077736747
0.00110445002038670
0.00139031717935488
0.00190358840539325
0.00231909794731806
0.00243597294691298
0.00233354427780569
0.00167054905902859
0.00113151588994285
8.94802516211257e-05
-0.00111709512259225
-0.000906672486669322
-0.000171340672495717
0.000509306368160765
0.000934879546914544
0.00110116331648101
0.00104227850883547
0.000728966587066680
0.000701705067123726
0.000912557701920491
0.00122119398940896
0.00166617211413495
0.00239705760153242
0.00320934346715831
0.00378937383734524
0.00439275027080669
0.00479709474973390
0.00488968127154237
0.00485802579625499
0.00489458499441639
0.00517059158781763
0.00546966236647108
0.00604391273939768
0.00685358447069064
0.00753401156872826
0.00812994654671570
0.00858599375049835
0.00893068851078056
0.00923500695216603
0.00965144823381820
0.0101209435296931
0.0102524490354824
0.0101042996314692
0.00983097116785814
0.00958343610135728
0.00964289188761370
0.00994691499409385
0.0103614675361553
0.0108025996497963
0.0110455790659466
0.0111754447994366
0.0113837665341077
0.0114973864926128
0.0114214621275141
0.0113223607772380
0.0111628528481134
0.0106661189956219
0.0101198099266151
0.00971347731268679
0.00903754346387871
0.00844477880900854
0.00877331497042292
0.00985535271179401
0.0111747470272275
0.0116158496177246
0.0103070058130510
0.00739275389993168
0.00377250058071354
0.00200751169980549
0.00248457626747893
0.00338544994653859
0.00359021649127669
0.00279143522681011
0.00143587659080623
0.000202089469328826
-0.000620831817924738
-0.00139187416351348
-0.00224977049384705
-0.00323717711273645
-0.00413538984979226
-0.00454357578952937
-0.00458431596505918
-0.00453244176287782
-0.00454922684236081
-0.00468749132116273
-0.00496838632018964
-0.00548834538064192
-0.00609020011753273
-0.00656197411756026
-0.00696482893417617
-0.00728025188095941
-0.00733878704385450
-0.00746001382056555
-0.00789999602889582
-0.00787899934069216
-0.00691804972483923
-0.00557171411847353
-0.00422481728744224
-0.00355832169673142
-0.00392498312829315
-0.00402630164463739
-0.00349094371305313
-0.00297436607635351
-0.00256307707843636
-0.00245170799147557
-0.00254992830295453
-0.00262553324082806
-0.00246178654145027
-0.00200073177661906
-0.00144762785842460
-0.000858114538928554
-0.000366501101877823
0.000113122123615845
0.000422076110539287
0.000583109596238565
0.000937643235925236
0.00109911910986728
0.00135946404671639
0.00151535141852278
0.000867519741484735
0.000341344731286242
0.000315796134491286
0.000317794253983301
0.000215579781240223
0.000168506116274898
0.000306547552439440
0.000390698053599792
0.000335148496297180
0.000532002498421633
0.000769867866426992
0.000812446396122155
0.00111122211653889
0.00135586041131553
0.00119523388653548
0.000929377858473082
0.000597498404628407
6.14016443727117e-05
-0.000326127910759304
-0.000386511524683955
-0.000687876580223010
-0.00113845002764725
-0.00105375125110285
-0.000696498654129023
-0.000435164826608663
-4.70900346399362e-05
0.000215243923311199
0.000255645267495055
0.000517085632578471
0.000827622552914633
0.00106105203642507
0.00131343494401833
0.00152793522632081
0.00171847301808803
0.00169735029111507
0.00158102648684718
0.00142276825494768
0.00126883334051499
0.00135384677199241
0.00136261746412060
0.00146114846263998
0.00173612957061849
0.00169556533235919
0.00156498390413347
0.00170722346742807
0.00174990014997434
0.00144611445735293
0.00112608885370051
0.00101480531830077
0.00113783616756336
0.00113543506347057
0.00109594374328069
0.00143681434658788
0.00195064914756927
0.00240455668979166
0.00239307738074416
0.00181027470331799
0.000689784518331749
-0.000603324217384227
-0.00121045601724433
-0.00146726636272035
-0.00165629174203445
-0.00170369369408547
-0.00194574967205938
-0.00237289984451053
-0.00280866497011061
-0.00312101535232131
-0.00346166944104425
-0.00409404397647592
-0.00479756838798352
-0.00523986419267942
-0.00538526197581916
-0.00536422209821751
-0.00537021783414275
-0.00544438150118907
-0.00559816358525552
-0.00581056747347304
-0.00603123198438055
-0.00633643557758262
-0.00664257868603215
-0.00690608309730493
-0.00717501819671782
-0.00721689248064195
-0.00715170099889235
-0.00721349461475086
-0.00697828990443668
-0.00620317406372692
-0.00519539161030764
-0.00421085375778318
-0.00361183555283617
-0.00338084767544615
-0.00329254435602650
-0.00325171221997465
-0.00297077707772843
-0.00267186742270610
-0.00245136928503882
-0.00225622902594267
-0.00213864024541749
-0.00201323761101605
-0.00171289410018915
-0.00112233248193149
-0.000505415802828111
-5.63065886325374e-06
0.000428679241577470
0.000749569422928005
0.00114542021174486
0.00171802649594696
0.00203689222418745
0.00233448168579486
0.00248788066816104
0.00241939005573727
0.00244148259221959
0.00232384895842472
0.00238389783171215
0.00244080393212329
0.00234107384872829
0.00216112230127806
0.00232246117344062
0.00306059317490423
0.00361702091949326
0.00392247213837237
0.00395938773225723
0.00373309216201108
0.00363701831423242
0.00365633973056760
0.00357638808598040
0.00333298636656224
0.00293216689251977
0.00242458999829395
0.00187102893590932
0.00146320342921641
0.00126733329264383
0.00107713773507612
0.000941567537340973
0.000709234062491930
0.000394591274737479
0.000285247229983554
0.000157283776753161
3.58428163799828e-05
-1.65037198595997e-05
-0.000288067360782378
-0.000702359356420175
-0.00107320695921601
-0.00135417692714668
-0.00159797363926629
-0.00188700249241933
-0.00223267526663591
-0.00264352835144990
-0.00296950282566925
-0.00319996442860642
-0.00347220235930507
-0.00377437737681845
-0.00395686709610615
-0.00404861961373427
-0.00434775264082916
-0.00483589819549792
-0.00525299492024089
-0.00556733142124131
-0.00576422709553455
-0.00585996959752023
-0.00586193507678672
-0.00590741234525126
-0.00592594679985467
-0.00563666496048285
-0.00518985119264428
-0.00520029249919077
-0.00576464001725896
-0.00582147942150215
-0.00611486422716837
-0.00726773493574683
-0.00784036131744912
-0.00766803570466749
-0.00721672671808086
-0.00687666287078024
-0.00681594945213824
-0.00693603840793386
-0.00710441817035502
-0.00708391209948509
-0.00703810904079784
-0.00691823893771662
-0.00658282797142988
-0.00629763749865653
-0.00605110433359581
-0.00565006520255118
-0.00526425590072488
-0.00474908707626820
-0.00414853179900955
-0.00377516379744481
-0.00366024349097913
-0.00358532200527286
-0.00338400082549171
-0.00304329471676112
-0.00254588983253370
-0.00189940759760333
-0.00129949318966723
-0.000831044287424874
-0.000112087065798789
0.000686973823807477
0.00175724345923499
0.00298150596312183
0.00378060212461094
0.00446488944107529
0.00501273378102496
0.00536746704453662
0.00566688852699940
0.00587027256028591
0.00630945017903770
0.00668370307679254
0.00672544077891871
0.00702378438515211
0.00739934596612386
0.00751666041010139
0.00745358537825098
0.00736109856477015
0.00718556623164034
0.00708025823727098
0.00700769384937587
0.00687358604779774
0.00684332099857954
0.00651255680006784
0.00612455188157071
0.00604885461698700
0.00597824227076501
0.00576997684619869
0.00588915739194420
0.00634657198044692
0.00638580885841179
0.00609155529575730
0.00590564640693401
0.00576132200581924
0.00575120595122200
0.00599842130219543
0.00624105885594361
0.00627142436331155
0.00618923027164840
0.00611755270791946
0.00601112713029067
0.00592943890343463
0.00590195846410325
0.00578173742751574
0.00567350766823949
0.00560416975427415
0.00552972489433159
0.00554894666983842
0.00568009947335213
0.00569768935998354
0.00536470133612795
0.00502547317374535
0.00471573926786789
0.00415514716446353
0.00357769877705607
0.00310895957033267
0.00249425047844454
0.00183444385738255
0.00134307547496803
0.000866676633146994
0.000341295307079577
-9.56327672554382e-06
-0.000320168977633557
-0.000732439888909084
-0.00103200327374850
-0.00145348568902818
-0.00190422814600367
-0.00220065578254093
-0.00255254017117863
-0.00289751050814971
-0.00295751437150614
-0.00300204645589645
-0.00327586591631189
-0.00329585661499607
-0.00322281271107727
-0.00336446929857857
-0.00339344695066188
-0.00329827222237498
-0.00331467056593283
-0.00317046093607360
-0.00321048854315336
-0.00369288852636998
-0.00413077802187331
-0.00437230338333961
-0.00409255668044068
-0.00355460419108965
-0.00306763484051316
-0.00262194652959010
-0.00224918138724775
-0.00178507570732506
-0.00132266939515262
-0.000782727558457168
-1.12088676098665e-05
0.000765280793581269
0.00160047898491939
0.00249326314805899
0.00323901337870439
0.00406652900564609
0.00485411360242324
0.00563702223241023
0.00640106754938415
0.00689470565300894
0.00741298129323582
0.00793603028226244
0.00841115951970494
0.00905806836985391
0.00981735779684186
0.0105521047888396
0.0112526745171959
0.0118718819355701
0.0124484920367223
0.0130265228520483
0.0135076727855420
0.0138972377782119
0.0141425632065813
0.0141405035987628
0.0140746926166020
0.0140326947378446
0.0138232319971573
0.0134655415784570
0.0131100975104573
0.0126145982934844
0.0120770559308914
0.0116865320872734
0.0110351353318299
0.0102803402709048
0.00960719453917108
0.00875421788127397
0.00791904422994293
0.00712584595222751
0.00616027509418146
0.00512673655457803
0.00400830986325701
0.00293065488330321
0.00185576912094206
0.000624397470981286
-0.000288291787850277
-0.00102013877999827
-0.00199843276094743
-0.00302668567231883
-0.00404831967904258
-0.00507619202791616
-0.00603973849498246
-0.00706018019400489
-0.00788918297046592
-0.00870527276945580
-0.00972138094531999
-0.0106394902303236
-0.0114588804920109
-0.0123325129429861
-0.0133047498029217
-0.0141113537942226
-0.0147733265727405
-0.0154772612025442
-0.0161373015908868
-0.0165879798120642
-0.0169219124646298
-0.0172831661414256
-0.0175567277773615
-0.0178735352012916
-0.0182137315712686
-0.0184334481787852
-0.0185645296477310
-0.0186941321534340
-0.0186487916035571
-0.0184524717575920
-0.0184605740860212
-0.0182640748007259
-0.0180028524501194
-0.0177291548025687
-0.0171928019300532
-0.0166242042461278
-0.0159360863911559
-0.0153280797849567
-0.0146308385815979
-0.0137722707562756
-0.0130448574368262
-0.0122760338709662
-0.0113544984105801
-0.0105238012381778
-0.00972292444062589
-0.00874497127119668
-0.00794120099753656
-0.00735274405405647
-0.00674864795839028
-0.00605364126303613
-0.00522627184645927
-0.00429519429092011
-0.00337406879422304
-0.00255091024882631
-0.00171366769953352
-0.000874019975014875
-6.78696720099481e-05
0.000850344148727800
0.00183622160933879
0.00280131190063365
0.00372088243762541
0.00467514909026356
0.00564316703334686
0.00656945451245441
0.00746849229787792
0.00824787706327655
0.00905808338145885
0.00978526145077161
0.0104745504825544
0.0112560698353670
0.0118895592435675
0.0124817112197025
0.0130670092839804
0.0135758740704563
0.0140539621106490
0.0144616737756522
0.0147672341073211
0.0150658201675604
0.0154636638501592
0.0157085604827383
0.0157615234616665
0.0158765178732430
0.0158105936115901
0.0156038149893972
0.0154462767691834
0.0150955959852001
0.0146902345144751
0.0142945164053356
0.0137410409193916
0.0132217549812057
0.0129062632758119
0.0126122234001993
0.0120687199597266
0.0114155579211329
0.0107357327326203
0.00995392326659157
0.00919171679825023
0.00837676428038016
0.00752496379882018
0.00667408458687230
0.00579700414568610
0.00493129197102423
0.00387684747003689
0.00274167599091992
0.00174421089546399
0.000615523847238677
-0.000517453667054504
-0.00156269634981076
-0.00270496158440618
-0.00369232927669920
-0.00458626157727373
-0.00552388679215554
-0.00636733619040392
-0.00717627783171153
-0.00801983775684491
-0.00873448218973976
-0.00941051213965935
-0.0101750650421656
-0.0108968330738263
-0.0115726149850809
-0.0121614085040576
-0.0127863285644490
-0.0134154647897694
-0.0138015423035185
-0.0141472703462253
-0.0146124347266780
-0.0149703902192061
-0.0150724800683207
-0.0150821065563923
-0.0149872131515676
-0.0148060748317735
-0.0147656355390387
-0.0145750615493546
-0.0142136582052302
-0.0138363051172553
-0.0134003620224740
-0.0130171011388796
-0.0124749301782373
-0.0117636000328591
-0.0111361540874483
-0.0106190963703310
-0.00993058550186817
-0.00895330966601122
-0.00804531470936993
-0.00729308427178054
-0.00649961071224496
-0.00554969653691430
-0.00458358825473447
-0.00376751219209119
-0.00290118807067365
-0.00201624692413795
-0.00126251203062491
-0.000457586212957679
0.000416390913464113
0.00126207377715836
0.00197033440796812
0.00248779413713685
0.00301410218718036
0.00352585845184581
0.00408633684044560
0.00468039385665424
0.00504994703049807
0.00533872993675587
0.00558527539343771
0.00573236959525566
0.00594726814169704
0.00625682351525441
0.00648945462434526
0.00670511249608396
0.00693139734274880
0.00704321703656945
0.00711049954754103
0.00722272244112332
0.00739160484939902
0.00746555606214201
0.00749226889083843
0.00764218116609584
0.00767320309561683
0.00769476383875968
0.00789482931633955
0.00795102289626840
0.00789022914499725
0.00792720041558880
0.00802158712025829
0.00810449032402090
0.00832994708592224
0.00857489833404117
0.00855984919069243
0.00863679797234823
0.00873693174918259
0.00867534319066692
0.00865409018641202
0.00859359525717366
0.00849331849598855
0.00837890843014463
0.00833135070271311
0.00825302674875161
0.00801602320428913
0.00772519648443677
0.00745694244639225
0.00706756018304162
0.00664050028828456
0.00622439884847552
0.00574595372400836
0.00536371662760814
0.00487218542364360
0.00419667518310547
0.00358174628771351
0.00301204434612274
0.00235537272516680
0.00176344555306670
0.00103961531537749
0.000233019362929952
-0.000325421277163969
-0.000978057506952581
-0.00171151800807934
-0.00235564589069867
-0.00303079684970207
-0.00380904573867966
-0.00462271262314694
-0.00508136553366718
-0.00548225919278242
-0.00616805713785439
-0.00678014150174221
-0.00713250343447465
-0.00726341327986599
-0.00749326060868681
-0.00772258121503313
-0.00793824607521392
-0.00826520378709390
-0.00823833485949710
-0.00808165507199865
-0.00817170694015357
-0.00826754034540599
-0.00816771528492177
-0.00788634254146947
-0.00755500258227434
-0.00717761897184045
-0.00693412475965827
-0.00673721205420213
-0.00628014336926264
-0.00574982889092167
-0.00520772242585299
-0.00457664947225970
-0.00398835909206687
-0.00348561630173016
-0.00261045639811734
-0.00176739970236390
-0.00132115093411755
-0.000517427432848265
0.000420612928175430
0.00106406091936286
0.00179827237005725
0.00291578069671303
0.00367503593731719
0.00414764511010944
0.00507745271039298
0.00589933862576693
0.00650826407637744
0.00723269557348367
0.00795192988481368
0.00842569580756688
0.00895442545478048
0.00967839595516303
0.0101201306316895
0.0104534728508137
0.0109668278554837
0.0113051883389077
0.0115014015735296
0.0119106667883462
0.0119962578836623
0.0119672120268480
0.0122571669081972
0.0123348488075515
0.0121671658877424
0.0119994651870714
0.0118675891281748
0.0115942676042578
0.0113025924580100
0.0110791460525836
0.0106779028806476
0.0102585619614162
0.00992200012777787
0.00955986170640557
0.00912046898561911
0.00869694519731226
0.00823609333749161
0.00764053171299750
0.00709194747951585
0.00654920291598955
0.00592704460900336
0.00524741378153834
0.00455045007905881
0.00374129352974506
0.00293286149460329
0.00224635924391237
0.00134775580516362
0.000479526429899693
-0.000355261544262362
-0.00130484272898002
-0.00209705277499154
-0.00294263011530177
-0.00385320845838976
-0.00473308968020660
-0.00552223275496033
-0.00625164091073714
-0.00705537844882144
-0.00784626167694342
-0.00858583808088554
-0.00926377168210422
-0.00992778162687330
-0.0105231820551978
-0.0111789358024203
-0.0118701263818548
-0.0124737421951215
-0.0131678669336725
-0.0137663468904941
-0.0144054729826053
-0.0150973259789896
-0.0156074872021497
-0.0161127506969899
-0.0166137907961206
-0.0170079283287782
-0.0172811418501351
-0.0175714886805679
-0.0178536463676437
-0.0179189496560969
-0.0180108998226797
-0.0182795940720382
-0.0183029817251020
-0.0182389730527939
-0.0183583930192322
-0.0184198515233095
-0.0183919284795093
-0.0182576219230805
-0.0180926878389755
-0.0179055369348907
-0.0177114690059022
-0.0174390815385470
-0.0169932953393015
-0.0166830430531411
-0.0162690232746434
-0.0157435131284069
-0.0153260826582596
-0.0147160843721679
-0.0140114661711578
-0.0135102835397549
-0.0129493764321086
-0.0120965297907935
-0.0114364323973507
-0.0108225481965150
-0.00992996084876893
-0.00914786476882341
-0.00848959032120319
-0.00761710815154800
-0.00664609902419215
-0.00585218311427525
-0.00497017966637031
-0.00413384257856364
-0.00320333485882969
-0.00207957552812019
-0.00111092019953787
-0.000181176004714416
0.000550737195063675
0.00145283356476654
0.00237664701433047
0.00320420856501102
0.00435765338541735
0.00542638899517009
0.00637419172453903
0.00737379737749734
0.00818122204304512
0.00883456399732054
0.00949356618703380
0.0100909704844045
0.0106696518364305
0.0110134716893013
0.0114197436245324
0.0119678048248900
0.0122065544249620
0.0125419262493745
0.0129776893459976
0.0133735024373772
0.0138859148161029
0.0142651285795017
0.0144903891651018
0.0146235298701947
0.0145628195167723
0.0146286740302259
0.0148164751642290
0.0148056598083923
0.0149069845446695
0.0150077005814967
0.0148809914237484
0.0146756631513449
0.0145720164517462
0.0145758867582975
0.0144639427137565
0.0141378069049796
0.0136142451028388
0.0132706933928961
0.0130158406884891
0.0126103369480683
0.0121898489780881
0.0116648511545822
0.0110155519443276
0.0103725682852331
0.00976735714634913
0.00908324394351041
0.00845945029232667
0.00777056605891119
0.00692800147483467
0.00633011974205544
0.00571807743228192
0.00487251457223920
0.00413262819559691
0.00332862871320344
0.00248820352702069
0.00179322621468600
0.00100537710293281
0.000266674343847626
-0.000501512827847250
-0.00112562577382619
-0.00139002692391301
-0.00173621221847327
-0.00217532948497819
-0.00253867866047528
-0.00279265926819363
-0.00319286658329389
-0.00365149418094944
-0.00405125603956748
-0.00464552631771767
-0.00510294504074608
-0.00546057129800090
-0.00580980224994022
-0.00606413871329437
-0.00638971390583606
-0.00653649429889782
-0.00659695225695344
-0.00693252868280467
-0.00726242518502033
-0.00753277579411446
-0.00778122948858538
-0.00786778889543712
-0.00790120301181531
-0.00800355469839445
-0.00807603607785921
-0.00797528481667769
-0.00788483815140012
-0.00789330717180832
-0.00776566318008889
-0.00764051270167755
-0.00770316353986317
-0.00755558711918667
-0.00733124403651061
-0.00712182773913895
-0.00679152462188881
-0.00654762456972605
-0.00617716843234121
-0.00574568284167867
-0.00529658718476441
-0.00472567193672973
-0.00412811158568985
-0.00343849566718717
-0.00292496407038612
-0.00231652493168980
-0.00143361129041296
-0.000725763278364582
4.35699261458922e-06
0.000892946458554889
0.00152859322334820
0.00211742423773160
0.00306031629912695
0.00369280588396265
0.00417188791057583
0.00497313152543256
0.00553022713588945
0.00602053883433257
0.00611962319087184
0.00584181924018765
0.00618918608967590
0.00655716703529947
0.00693135403655049
0.00836965425765243
0.00989496037557217
0.0103846860577090
0.0105576577972801
0.0105560256880733
0.0105171426790776
0.0109021099946210
0.0112790572491667
0.0117433200950080
0.0122087906504817
0.0123581904722374
0.0124644048439916
0.0125319487682134
0.0125252745171082
0.0123737974902667
0.0120684772388768
0.0117908790466794
0.0115011402612873
0.0111103197456231
0.0108833257729691
0.0106563364317378
0.0103445925536832
0.0102427740251650
0.00995081162186096
0.00938111008811376
0.00860399894425967
0.00790016811665140
0.00738708181054790
0.00673914215187381
0.00619644472472714
0.00565214774570507
0.00482936491872550
0.00384533638938791
0.00286137800468111
0.00200068339220536
0.00118210479508889
0.000254377572686337
-0.000491166118959896
-0.000999729521256683
-0.00171457291754503
-0.00241692598090921
-0.00282997687806603
-0.00353893319843429
-0.00455172703844855
-0.00472355533263052
-0.00395508301794468
-0.00307515514327061
-0.00259715731241279
-0.00261816652141413
-0.00321900740748518
-0.00518293369120997
-0.00742151575933363
-0.00860127069309243
-0.00879523355574392
-0.00803599920241041
-0.00766206373989263
-0.00792915481544924
-0.00838796745308201
-0.00922461184643908
-0.00981702973725078
-0.00996666657027959
-0.0101337580162874
-0.0103860891391929
-0.0104725622020860
-0.0104265557242246
-0.0102160231997297
-0.00978907471678923
-0.00933810451384858
-0.00894566460579966
-0.00855695412027359
-0.00852561129230878
-0.00867198297402297
-0.00871580636892020
-0.00888394267997171
-0.00888665612593172
-0.00865738332722174
-0.00841946713303855
-0.00835897304474940
-0.00812165785111006
-0.00747643334638099
-0.00642348566070325
-0.00503575949696312
-0.00393268640945024
-0.00329660053334607
-0.00283345639628465
-0.00253594483012307
-0.00255139417396777
-0.00244490365783236
-0.00207341729066201
-0.00187843198230837
-0.00186782185698576
-0.00154054319711349
-0.00121265455109636
-0.00116997703284682
-0.00104047436217968
-0.000855159854928900
-0.000678621369594339
-0.000981442846090488
-0.00105541631376525
-0.000757610527150519
-0.000943883860938399
-0.00111000385528655
-0.00132075322352506
-0.00154337433817346
-0.00159728823499279
-0.00166838421336564
-0.00161284101906318
-0.00158163703000440
-0.00157543631447368
-0.00155528394459793
-0.00174912586281152
-0.00169466412407616
-0.00135495057806764
-0.00124332015653891
-0.00118481556417663
-0.00108537610326323
-0.00105327297560308
-0.00101202629953278
-0.000976224723879682
-0.000996630920077450
-0.000833116040262354
-0.000958431790733556
-0.00119870451604299
-0.000901662085804560
-0.000807616814060879
-0.000703099544573291
-0.000311905996624660
-5.29366216113660e-06
0.000446741181422965
0.000768704026285292
0.000920456472336753
0.00120794995873894
0.00126096646361376
0.00122157235080095
0.00144197292064277
0.00153566967908240
0.00150040778139868
0.00154052648448328
0.00149821407917315
0.00157586373381811
0.00180874981999956
0.00203217900324699
0.00236746921098725
0.00284370165811172
0.00320066694102319
0.00341088068523643
0.00366834560382255
0.00379289449231024
0.00377066965500251
0.00398660253275042
0.00422383030824915
0.00408386365646855
0.00422451452825726
0.00456871076525770
0.00455191225149107
0.00455199732068699
0.00470505404777025
0.00464482804943726
0.00460716766176311
0.00473939557607952
0.00449620306400625
0.00395051462932937
0.00350054036969173
0.00307623606785111
0.00262334693723833
0.00237110413267997
0.00221295924483304
0.00185657926200548
0.00136913205339363
0.00106907919083925
0.000759110131671381
0.000328283960336471
1.00517280273671e-05
-0.000325163795577215
-0.000551253187112009
-0.000818380620864110
-0.00121063514013488
-0.00154043284598715
-0.00182844954272078
-0.00199967439679939
-0.00222808024744963
-0.00249845552183286
-0.00283368658552587
-0.00312686668427542
-0.00340210163874742
-0.00377318838611570
-0.00396621960794334
-0.00410636841872741
-0.00412525739885472
-0.00400242074363461
-0.00380989313721487
-0.00357849191518623
-0.00343364404352322
-0.00335204563518932
-0.00351732351735453
-0.00375331483428312
-0.00384958573257116
-0.00392518777599090
-0.00386423270185372
-0.00368128614581916
-0.00357265688237916
-0.00360617220429148
-0.00360511549776319
-0.00338126091772331
-0.00321108785617369
-0.00308683307338356
-0.00277920417498478
-0.00255226497615944
-0.00235813280770550
-0.00201185331712061
-0.00163125717484618
-0.00129454382335979
-0.000958495106989830
-0.000654765308277518
-0.000518244583193166
-0.000381316242855831
-0.000119575060372199
0.000114986811743734
0.000436421223733419
0.000808443094081923
0.00108093057252319
0.00142822287114512
0.00174961623924347
0.00197295369360276
0.00218155815069665
0.00240899720818604
0.00270085242981196
0.00284780396523359
0.00305301192328528
0.00327789217334612
0.00335225186121363
0.00340364136397568
0.00340822441557890
0.00343650484418021
0.00338829544819589
0.00331691095280149
0.00356690218255551
0.00403808177452049
0.00440547779005811
0.00476555062232194
0.00489221524652720
0.00490611317645318
0.00503517979105652
0.00512513768535172
0.00527834638203444
0.00535284753313590
0.00552621648461354
0.00565661584375192
0.00566896817655277
0.00594224323533069
0.00606057848444095
0.00609013231074101
0.00611774566142799
0.00608022409167376
0.00618175472787442
0.00613559893770912
0.00614594748112694
0.00614425327068034
0.00596160653843782
0.00601247259457011
0.00593514188400519
0.00571988593725649
0.00569960805048794
0.00551654346219749
0.00526671788246858
0.00510603154380675
0.00497177760358738
0.00461287335433127
0.00430862264257769
0.00425778058736682
0.00421378289832035
0.00413509701706346
0.00389792870107740
0.00395111260335838
0.00365641434987936
0.00319059743670380
0.00295243902343003
0.00235521308889496
0.00191958033339432
0.00156176503413718
0.00113644416224570
0.000764305279469823
0.000464142354036383
0.000108603885924339
-0.000310256379743876
-0.000526645280062397
-0.000887890903144246
-0.00128310525639787
-0.00156954163505281
-0.00193493426933388
-0.00222423394534184
-0.00247401232257444
-0.00289826343006947
-0.00337449467349938
-0.00371143068763235
-0.00409959650655097
-0.00451345164715839
-0.00483040364251494
-0.00517149390181174
-0.00549860908994376
-0.00569694228852619
-0.00580391668702006
-0.00605183366190786
-0.00633524339816262
-0.00632253800421509
-0.00633374918038484
-0.00646859501434506
-0.00638690685533987
-0.00627715359053298
-0.00622853979711877
-0.00605037058364005
-0.00598528304115121
-0.00603739338360327
-0.00611653040391971
-0.00607577068297502
-0.00579481286515389
-0.00553256456660094
-0.00530508408793651
-0.00508155709139274
-0.00469651989518212
-0.00417920538636395
-0.00379669503496416
-0.00343578722215028
-0.00298972641024960
-0.00262441472483971
-0.00222192409016174
-0.00151917051481206
-0.00100985650371825
-0.000598133830272332
0.000387239437014841
0.000580575249613560
0.000766189903280576
0.000992370848354938
0.000746317116609134
0.00163681688497803
0.00199105896167879
0.00211518986205761
0.00277644332492940
0.00314311723985128
0.00329469280616649
0.00363746541128734
0.00392210668602900
0.00379325988368834
0.00387846071482244
0.00388440802779144
0.00379041699446987
0.00366756899753824
0.00336182231981553
0.00312096877183592
0.00298507434817878
0.00285261184297440
0.00263021321346230
0.00239480840985067
0.00224410170187298
0.00199197172569882
0.00175354159039813
0.00148754046719148
0.00122781964227954
0.00101962646058837
0.000687883554954851
0.000369780456177580
-0.000113681336892171
-0.000438946563421894
-0.000762161472855780
-0.00122463897535795
-0.00141794831899915
-0.00183354096738810
-0.00233273939479744
-0.00261323001053483
-0.00293304356751889
-0.00337586448944307
-0.00363238036254671
-0.00381035691118569
-0.00416915727597910
-0.00439486953893976
-0.00452976788182951
-0.00473657569947875
-0.00501873160123608
-0.00536026589885637
-0.00538534869776925
-0.00544903458421430
-0.00581341904832499
-0.00588981623904971
-0.00597231191462868
-0.00618592950464887
-0.00630830310799951
-0.00651346193393493
-0.00664250721482375
-0.00687476200217731
-0.00702479187342760
-0.00707017673870183
-0.00734222202935172
-0.00728025116444712
-0.00743815099337553
-0.00766056162876311
-0.00760317455007453
-0.00776160858309169
-0.00774955303666133
-0.00772270646303497
-0.00769810164885996
-0.00773840504240411
-0.00777902452468311
-0.00766726075037099
-0.00757923201284754
-0.00744896343861086
-0.00717784776924958
-0.00698747471381267
-0.00682125720064803
-0.00645513361036116
-0.00619205898898414
-0.00580485440741832
-0.00536617430022016
-0.00504363322913647
-0.00460376306511034
-0.00420802511141563
-0.00380857330419989
-0.00316412739644360
-0.00262560773484307
-0.00212160061835675
-0.00152763080892342
-0.000982486104992759
-0.000295451557360025
0.000412818511664170
0.00102010386426258
0.00167662707613999
0.00234053411190843
0.00296071466802047
0.00367924875897529
0.00429945570663620
0.00490860539922295
0.00569474175000522
0.00633818580108141
0.00690476003745772
0.00751134720813923
0.00827061788423066
0.00900543854899922
0.00962986628659707
0.0103102170554041
0.0107180771069926
0.0111248557284165
0.0115331893212755
0.0120441425731036
0.0127324009690699
0.0132451183579298
0.0136269377433888
0.0140705246003358
0.0145906216824795
0.0150286214827310
0.0153837506795747
0.0155285481627868
0.0155211750417152
0.0155122937225315
0.0155277877312415
0.0154796030846677
0.0153737355953814
0.0152327871696457
0.0150035827868385
0.0146949854614149
0.0142770759671447
0.0138208927847199
0.0133367477159891
0.0129155857152284
0.0125005163773608
0.0119760671260832
0.0113814052001095
0.0106657315150488
0.00995397590991757
0.00934193241649410
0.00865282162450853
0.00788555055158696
0.00714704719468386
0.00627831741442350
0.00545260412921465
0.00468157985335921
0.00373188503290208
0.00281597707022314
0.00194752647813502
0.00105351727705056
0.000217340291849126
-0.000665841218763745
-0.00149241767414708
-0.00213528841224800
-0.00308199004642397
-0.00390511597660080
-0.00455947074013306
-0.00539083699548399
-0.00554079370061036
-0.00558471034634625
-0.00582888470867747
-0.00635657496655259
-0.00703442432541255
-0.00765334552418025
-0.00862971191620694
-0.00915723126101440
-0.00954491362910304
-0.00996261809369045
-0.0102420420469862
-0.0106196680104161
-0.0108805105868744
-0.0110918967308825
-0.0112832104259800
-0.0114435033197674
-0.0116136283196101
-0.0117882053587402
-0.0119111045542766
-0.0118772609010529
-0.0118034012084678
-0.0117517714990586
-0.0115442731710704
-0.0113974736918675
-0.0113146445516898
-0.0113493819770724
-0.0113991131925428
-0.0112115897218843
-0.0110297409930769
-0.0108298159615029
-0.0107278014477714
-0.0105272421227269
-0.0101117345748833
-0.00986354379153568
-0.00945372932905769
-0.00897751929152207
-0.00865857638055985
-0.00812353551399127
-0.00746623924784416
-0.00681474739409936
-0.00610898905997715
-0.00553876713203422
-0.00514952987290059
-0.00473624084263903
-0.00425064531022613
-0.00370031193510016
-0.00315081697155549
-0.00274353444732583
-0.00227598877058952
-0.00170809761097480
-0.000920827116919227
0.000195429707087129
0.000624824039485930
0.000682834230890705
0.00117705847482171
0.00120743644781165
0.00154288581691340
0.00206101082428919
0.00219452922178412
0.00280264141290237
0.00359206676222072
0.00446634014532778
0.00507423640571691
0.00556827626321883
0.00610996868382010
0.00659693143612678
0.00705889400384777
0.00739951805635776
0.00775565407871675
0.00806129343061969
0.00839701603511827
0.00868923494432622
0.00885326674284855
0.00897978703565798
0.00903388313578333
0.00899071455612116
0.00895990012998993
0.00881669907162859
0.00870908366552584
0.00862681917417518
0.00847188061975217
0.00848478510712937
0.00839947642248049
0.00817788318767484
0.00794939525429925
0.00769127873273504
0.00741101998760769
0.00704116200509290
0.00662481399258766
0.00624617531374511
0.00579235798386961
0.00523481387620464
0.00472848178574964
0.00416145588317676
0.00373442412937983
0.00350147294028375
0.00314928303077181
0.00276613297124165
0.00249396244355040
0.00233916244559666
0.00220466917767055
0.00196580059580100
0.00158530682249559
0.00132178521116447
0.00118374409475354
0.000691976634639158
-0.000192423120476075
0.000437606941997792
0.000591102327719355
-0.000133610284557921
0.000509496183025640
0.000567952180021116
0.000901551174653932
0.000628059101005700
-0.000339287778036210
-0.00104348689864000
-0.00196313231603701
-0.00235122639381689
-0.00263749622622974
-0.00264433702359074
-0.00270072923866096
-0.00301692964985492
-0.00321032070023591
-0.00369095147985803
-0.00434314808633729
-0.00468080866616020
-0.00492931779016388
-0.00508681609148397
-0.00518870203319977
-0.00536173688623435
-0.00546812995367418
-0.00543488005973188
-0.00534816397020535
-0.00534924287603104
-0.00539873990490975
-0.00553238118715186
-0.00572249978676723
-0.00587718026773246
-0.00587917552732876
-0.00571914856251212
-0.00558615862664098
-0.00540491101837276
-0.00530563116886540
-0.00523950385472602
-0.00503156111957466
-0.00474609589131632
-0.00423806888728734
-0.00368040850749878
-0.00324351601101256
-0.00290356725508531
-0.00281002611655353
-0.00290968114804571
-0.00297517469751412
-0.00295096578366511
-0.00295598177965907
-0.00290905750325862
-0.00267362964170594
-0.00245848117389123
-0.00223035549599359
-0.00192116352584208
-0.00166329673979178
-0.00157007796808195
-0.00145414300317704
-0.00122887765140106
-0.00115334124410225
-0.00113325597791526
-0.000924635048210156
-0.000960952908642305
-0.00131493642549394
-0.00106925216112568
-0.000917886464698583
-0.000911054834132132
-0.000831568778709126
-0.00101313849868403
-0.000595571094714331
9.29142212843904e-05
0.000637215975017513
0.000923975441749914
0.00104803774525159
0.00104141254162384
0.00110145026794546
0.00143594367090246
0.00145813084978741
0.00151328166539348
0.00164625664400020
0.00161815455099621
0.00159676216295768
0.00160034452513500
0.00166614823969795
0.00173035759746661
0.00183697275955321
0.00192466665816148
0.00201155754954691
0.00223516283944825
0.00240447623168002
0.00256125913512740
0.00279430417905104
0.00285738476080411
0.00284861233408890
0.00278587277214214
0.00274167621883969
0.00272674747777579
0.00253236833750478
0.00237685056318412
0.00216322154646399
0.00180501804775339
0.00155325853725081
0.00149363542225444
0.00142927522065456
0.00125228411769211
0.00108338666554875
0.000937141708017322
0.000768520538309758
0.000538351548600957
0.000398964268176307
0.000249792953550916
-2.45835723831130e-07
-0.000264584159203842
-0.000541650645812126
-0.000795181983587021
-0.000889073053436746
-0.000927426236279487
-0.000996783458083073
-0.00105966600227951
-0.00121055903051925
-0.00109872948669164
-0.00102221095938120
-0.00105516946036865
-0.000889482052049573
-0.000986371196139260
-0.00127698358312969
-0.00165124211545127
-0.00189060998169580
-0.00169758439375862
-0.00144546619034344
-0.00124608115510448
-0.00100218067458727
-0.000890599179241605
-0.000886659056699841
-0.000802447586569315
-0.000562204636828056
-0.000212934468754895
0.000114084567885442
0.000488526472477133
0.000919936072186403
0.00128517484403133
0.00159365888662322
0.00194764013066390
0.00225732261820312
0.00237789321667137
0.00256694525981516
0.00287369235413294
0.00309413656679539
0.00345761027747216
0.00398392921237217
0.00461085312006446
0.00537082720171611
0.00589346170584946
0.00629908035685787
0.00669642970875401
0.00697605378597018
0.00729647941650072
0.00757173887274192
0.00783828190827251
0.00804534986964370
0.00818297393797223
0.00828590815024683
0.00811265470076094
0.00799112811660564
0.00800470047597571
0.00781266882040768
0.00764651335595531
0.00747588197567311
0.00735870809397866
0.00734302417369243
0.00719026511952421
0.00698704059794856
0.00675101508746316
0.00643797677657048
0.00604531053309113
0.00567004030267849
0.00525878040691357
0.00476100075754744
0.00440970576487452
0.00401055989571663
0.00335589092788489
0.00277377332805784
0.00224236427610535
0.00172633675840936
0.00126741652491788
0.000640857021020462
6.99068718450136e-05
-0.000327642980662297
-0.000871835643404211
-0.00143407910503065
-0.00202383544876511
-0.00280503668067283
-0.00347354016573320
-0.00419194381577526
-0.00491796887005194
-0.00552346722621465
-0.00625510605214018
-0.00686886465371686
-0.00736360734102732
-0.00785377653127910
-0.00818509003486071
-0.00849611684017020
-0.00891915846095458
-0.00922419968463089
-0.00941384756992164
-0.00963491631783853
-0.00977552886151273
-0.00987419290423446
-0.0100318105583014
-0.0101175765855217
-0.0101580413279336
-0.0102571745379211
-0.0101860127166881
-0.0100173343462484
-0.00993336465612316
-0.00972183322227551
-0.00943047769152628
-0.00908078815295823
-0.00875596664074095
-0.00846828012485588
-0.00809327986635509
-0.00776575894788124
-0.00740206249233808
-0.00701837473040200
-0.00668296180619791
-0.00625679048354783
-0.00576874209663487
-0.00531844209880660
-0.00482085132760432
-0.00438700826971967
-0.00402156025780670
-0.00352041976374977
-0.00308227417970841
-0.00268050671688172
-0.00220233894473012
-0.00188450762100985
-0.00154408066645516
-0.00113612563202508
-0.000788129856186401
-0.000431020419947004
-0.000129875404901441
0.000195420233366264
0.000489803404709903
0.000747191584982687
0.000968065058585665
0.00118608924734303
0.00161415305273636
0.00194340791374188
0.00219153620854556
0.00258840935522954
0.00294227966781833
0.00327580266262522
0.00360908037986633
0.00399190087045689
0.00441257895108194
0.00467188653011363
0.00503094118702670
0.00553148670476773
0.00583037133940099
0.00610284435809280
0.00645383042116258
0.00677010568628916
0.00704618000010523
0.00735088844463611
0.00771096276608109
0.00790907172014821
0.00802984328582539
0.00817617678859748
0.00832764151790495
0.00848007228236604
0.00837459027378529
0.00826172919870956
0.00827854927418962
0.00816179520649714
0.00798327433698672
0.00778162695824344
0.00754010059691780
0.00732697159739367
0.00707475869214985
0.00672415581403662
0.00639130554034441
0.00602145587665628
0.00558504328916076
0.00519472925025639
0.00482255941233710
0.00442615876566258
0.00398987608137233
0.00351709951635378
0.00302731723182482
0.00250140545901161
0.00199384950347579
0.00152954402339958
0.00102669620015547
0.000513972065134709
3.24911509210323e-05
-0.000443210597537984
-0.000901494857059362
-0.00135465686611894
-0.00180583453985548
-0.00221324034174216
-0.00258775109316332
-0.00301400741675565
-0.00349038162950762
-0.00381587548906339
-0.00410107543766998
-0.00450518273722935
-0.00486981532203316
-0.00514856196930595
-0.00544906798925609
-0.00575359771134288
-0.00599266461192656
-0.00611488481492842
-0.00621090487738087
-0.00646128219782355
-0.00659680563196304
-0.00666526118492527
-0.00681009677510730
-0.00680627342125888
-0.00679877154455909
-0.00682913393435655
-0.00677543188667556
-0.00676655416933841
-0.00681798407260061
-0.00671858263891096
-0.00654723979538943
-0.00649816589657206
-0.00637778541101198
-0.00620558188133487
-0.00617962564920873
-0.00611901934633124
-0.00595342929783016
-0.00583337381166246
-0.00569307725288809
-0.00547028778237063
-0.00519542856339712
-0.00490454294204511
-0.00470292691607426
-0.00449994967268282
-0.00426953872654508
-0.00406375210209575
-0.00379486921494959
-0.00353645083248125
-0.00332322774156353
-0.00310885620955702
-0.00288274365570885
-0.00266102089954671
-0.00244197163908225
-0.00219980052343544
-0.00198924275051169
-0.00183690974726872
-0.00151630687865932
-0.00108658792842149
-0.000796111931970671
-0.000516023119749747
-0.000104702211438479
0.000224686472788278
0.000335842438158451
0.000594641706549268
0.000955773736660710
0.00119885746036758
0.00141199551795227
0.00166008742003299
0.00183035985504960
0.00196523289011093
0.00215828445768810
0.00233361039487143
0.00244197909667967
0.00252069448305257
0.00261887335530048
0.00268081204428341
0.00285292190924366
0.00290203982526045
0.00290133931203869
0.00300795858144227
0.00293973997517028
0.00288286777947597
0.00284339654974893
0.00275337538017958
0.00270952761284121
0.00261445301204944
0.00237075820354924
0.00219667068037431
0.00216614631349717
0.00201123195675084
0.00185229144689682
0.00171843657927742
0.00156656151591742
0.00145490901496228
0.00120446992044875
0.000940117266098728
0.000774113556077376
0.000656135007154077
0.000591619610381677
0.000459723096169356
0.000332622202608199
0.000260229539598136
0.000227659959674789
0.000323078944723534
0.000385081822676412
0.000390239893821800
0.000381368786525300
0.000372195817280883
0.000369311499687512
0.000362538702914179
0.000393934182187223
0.000283170162690709
0.000268914652154706
0.000262635103013054
0.000184334389953733
0.000243872687866542
0.000209417098732274
0.000246413294635204
0.000312591013972110
0.000299071358850966
0.000320777704952491
0.000355580947126271
0.000426211622699952
0.000499583063069338
0.000545846088937196
0.000670252884554827
0.000770073844984438
0.000706862167360214
0.000569226341824844
0.000363219818407572
0.000109664050875011
-7.29899586131921e-05
-0.000120025145486551
-0.000127496124007962
-0.000100873560239876
-9.92690982421606e-05
-0.000198358684258153
-0.000345636783567045
-0.000442944191572678
-0.000417914187538031
-0.000402559857316192
-0.000462803270901588
-0.000528573570819049
-0.000518133220591039
-0.000488023754006974
-0.000478700959831997
-0.000339688765762105
-0.000204025021469647
-0.000114167860580778
5.13128069150070e-05
0.000128560555925503
0.000279042271330923
0.000506656369198026
0.000689707867599907
0.000952122477910393
0.00117127769631054
0.00127543651607226
0.00132394241838938
0.00140296964679891
0.00149362510531660
0.00161164369773815
0.00183040953485516
0.00217186063069420
0.00253690179705046
0.00283268877692933
0.00312137205411034
0.00335644012536505
0.00357588803050930
0.00385344571703996
0.00415521385947130
0.00444862088105225
0.00469341721372899
0.00504334973075203
0.00540794766213452
0.00560450651049791
0.00570272089812789
0.00583017081042016
0.00597500317369594
0.00610991371006321
0.00627355783852636
0.00635709605570583
0.00646368907851837
0.00653047303295551
0.00658742842223745
0.00661195851962731
0.00659136019775445
0.00661136698244917
0.00645897535591274
0.00624198035613006
0.00602922825737437
0.00578466494588810
0.00552509127167241
0.00523510365486800
0.00495370459045347
0.00470075309452369
0.00437371923654609
0.00397058714198238
0.00353876330737506
0.00312126017645795
0.00277118117334808
0.00237277691350513
0.00202982236742571
0.00182521503412161
0.00148852304612205
0.00103399923145659
0.000660542931030221
0.000251887042473555
-0.000162442691898690
-0.000555696235649066
-0.00101574131936275
-0.00138286985499214
-0.00168574191097221
-0.00208674723269084
-0.00247019225013544
-0.00286961176300334
-0.00326953169638719
-0.00360397844897452
-0.00400085332363757
-0.00433233138031825
-0.00462237576458946
-0.00494918849595903
-0.00519899919952501
-0.00549440510266557
-0.00586047487843793
-0.00617697307807504
-0.00640985060082734
-0.00656495732174840
-0.00674054930696578
-0.00681165577797110
-0.00684010722994799
-0.00696957610681878
-0.00695892347922737
-0.00699475956396341
-0.00713988903083305
-0.00712590777385216
-0.00708573969312809
-0.00711713242517916
-0.00716568120471692
-0.00717310105921399
-0.00713166812386788
-0.00707583881399245
-0.00694383027061136
-0.00680607313392457
-0.00666980762409963
-0.00647120585184780
-0.00633569351561462
-0.00619186075066779
-0.00592394952162294
-0.00565638361319088
-0.00543940150876765
-0.00522170636765672
-0.00502512671336135
-0.00479998953480475
-0.00448549856100733
-0.00412539793631900
-0.00385777483459229
-0.00369711256419400
-0.00336425698159012
-0.00309688772423968
-0.00291859203730997
-0.00252160153296504
-0.00222220880196948
-0.00198466384423440
-0.00173896580383502
-0.00154792826915494
-0.00135548398756232
-0.00104482617717901
-0.000590167829547710
-0.000195021734653835
0.000166312553243948
0.000509868353142746
0.000913665798082643
0.00136590006892027
0.00182459931581198
0.00230162302725844
0.00270316069158774
0.00307181373771932
0.00344475509285843
0.00387160267519448
0.00435485522671172
0.00476321859666101
0.00510635573593227
0.00542048047871390
0.00570171900912499
0.00594709331196185
0.00613280944956500
0.00640391286807997
0.00663160637443710
0.00685719283998623
0.00716839603103011
0.00736218253105790
0.00759220878116267
0.00771953408151646
0.00775068056642823
0.00785677132537145
0.00784402050900454
0.00777378262977678
0.00773434990116556
0.00763123234536110
0.00746739894693746
0.00726857763330642
0.00707294348232878
0.00688177945875140
0.00667804386238942
0.00645368741193835
0.00613805960968506
0.00580229766453527
0.00548132678693165
0.00518531299322362
0.00487266300540789
0.00454120573638221
0.00417498125265261
0.00380643912173028
0.00355104195564252
0.00326799089726517
0.00299629963383339
0.00271599079162730
0.00235249246057636
0.00197675419646560
0.00162818353006301
0.00126318059654384
0.000915243768149878
0.000515790822855316
5.46757866018766e-05
-0.000272058618482625
-0.000672642896310247
-0.00111177362123067
-0.00137638616141869
-0.00171696336847411
-0.00208510527892059
-0.00235327493611775
-0.00273896838157818
-0.00300379050977330
-0.00325508759154260
-0.00360022540612107
-0.00378408048358502
-0.00397312801866761
-0.00415743229761482
-0.00428972607480148
-0.00444409974659848
-0.00467684396383263
-0.00498212020205287
-0.00521645801301673
-0.00537920024790267
-0.00559883687577482
-0.00575693393921284
-0.00574890426197314
-0.00573776088323186
-0.00573831948789845
-0.00573986141622100
-0.00572714781267791
-0.00571008197510409
-0.00578967119282481
-0.00576041259722246
-0.00562510307254925
-0.00551105619937587
-0.00541015809135459
-0.00531850271237246
-0.00517090455790623
-0.00510455588047577
-0.00506181147625441
-0.00499287698089603
-0.00496275272298490
-0.00488122812117084
-0.00476143108618146
-0.00466331098517088
-0.00461944452356931
-0.00456376832522096
-0.00447877067235609
-0.00435173996707704
-0.00424814663729478
-0.00419274387214514
-0.00408395961767752
-0.00390967387199609
-0.00374571668482361
-0.00354226372328881
-0.00331990417397421
-0.00312815561438939
-0.00294443760922931
-0.00276147241692996
-0.00247581514889035
-0.00227686049634769
-0.00216070599678289
-0.00200894525401381
-0.00179982682538864
-0.00159922690689768
-0.00152940698965210
-0.00141548985019178
-0.00135653976972407
-0.00130761521150212
-0.00114838291385922
-0.00104527360030133
-0.000949671889205668
-0.000878145997579125
-0.000767503193851198
-0.000619863295001437
-0.000423985485160863
-0.000217927444308650
-0.000166631501985677
-6.99221963711594e-05
7.99369774295577e-05
0.000160485469424065
0.000314206362273097
0.000495027119054807
0.000595594651017848
0.000649140950398106
0.000706517570725893
0.000763776416526838
0.000840898324736870
0.000973651992998370
0.00107227023393278
0.00119059128318099
0.00133125727862577
0.00154389969716789
0.00173862563669942
0.00188151382969949
0.00218798063847714
0.00248458773380122
0.00263911298616634
0.00288164648129367
0.00322869950586892
0.00342785439555996
0.00359429372510846
0.00393889216342473
0.00423815451542708
0.00445833537214185
0.00471305738632850
0.00487864212621588
0.00500248380120297
0.00515317555581106
0.00539678574337785
0.00563663997226257
0.00570622321756645
0.00577456984324385
0.00593818912604604
0.00604980126907577
0.00608275197073823
0.00616019830041864
0.00625930303772833
0.00628209798395574
0.00622668630161627
0.00623807128707853
0.00627918006383396
0.00625871355326723
0.00624794892986813
0.00619196169389113
0.00610095659354471
0.00597234683009219
0.00583377878092278
0.00576466563164104
0.00571350799450045
0.00559301561833536
0.00543698958878110
0.00532632490182607
0.00518533435318503
0.00507000541886910
0.00500790794014463
0.00482549970006886
0.00468635879032533
0.00460647226778633
0.00439337439856672
0.00430646299696875
0.00422564708524163
0.00399516986733801
0.00387737969728676
0.00372556250574149
0.00350483382580315
0.00331677300356176
0.00303675649148914
0.00264596757593957
0.00233275173789941
0.00211785678967992
0.00180384650038640
0.00150733510398261
0.00126228828101942
0.000957177710077524
0.000666115398150460
0.000423672289441779
6.85975327174226e-05
-0.000312726678221154
-0.000586829480743631
-0.000893927389242677
-0.00126309280823556
-0.00166852542643554
-0.00195634693915771
-0.00230465137449109
-0.00275864208727356
-0.00306699092340295
-0.00342244977041077
-0.00383966997414078
-0.00424534326259092
-0.00467635586207450
-0.00501737775399789
-0.00531344380996217
-0.00562340799750814
-0.00588981488930671
-0.00619694425594744
-0.00650843474540210
-0.00667030456882088
-0.00687558605386812
-0.00720501430273487
-0.00734873909137548
-0.00739218891392625
-0.00755445542445727
-0.00774145708624246
-0.00787140300467371
-0.00794934373422677
-0.00805946552421119
-0.00808023461240055
-0.00807168318563186
-0.00827110033929500
-0.00826852559806468
-0.00817109270724814
-0.00826242836915895
-0.00821667500700869
-0.00818855026279323
-0.00821851057379888
-0.00815381291483533
-0.00809219836711947
-0.00794127574251661
-0.00774429037849018
-0.00763454476091454
-0.00742995811747761
-0.00716903316862016
-0.00693364300903170
-0.00668226605029972
-0.00642879040014307
-0.00606005385720522
-0.00569885552816032
-0.00539892726331232
-0.00509019716952111
-0.00486874629363172
-0.00456453001080064
-0.00422629140924983
-0.00392165718374017
-0.00347558927472754
-0.00309549260727906
-0.00278743211252539
-0.00239400879636541
-0.00204088041562819
-0.00161695304327893
-0.00119541025193206
-0.000833388324124762
-0.000305171492167364
0.000168248087937997
0.000583913181026539
0.00110058908036446
0.00154380044828400
0.00192598775229222
0.00235796302088215
0.00279327885130410
0.00319013097211030
0.00358533619237079
0.00400001056910846
0.00434633746840731
0.00467731697002968
0.00512401203408587
0.00543496788544260
0.00576780137405081
0.00613223591202669
0.00630399891001602
0.00665242688348513
0.00694534321632119
0.00708277458344384
0.00725612551517102
0.00740562394687814
0.00753031373549504
0.00765958769779616
0.00780609496469424
0.00787354455163779
0.00795256108753335
0.00810139133598881
0.00820609913232431
0.00819388072932242
0.00819735130889939
0.00818505571576679
0.00815406331753792
0.00818162973096605
0.00811679342331388
0.00794669210221912
0.00786942148267883
0.00783732687689764
0.00764304195918101
0.00756854933649436
0.00754434244079533
0.00739541644168952
0.00731749057008898
0.00721457655472932
0.00696750719670632
0.00677272706170868
0.00668073151698991
0.00648757691034234
0.00631718157213513
0.00620678031939363
0.00606195305524608
0.00578425465225322
0.00549457964305432
0.00528894111024641
0.00497739407681323
0.00470740441718760
0.00448649635112076
0.00420812307488262
0.00390615890683904
0.00360233745361164
0.00334946098827032
0.00302031262494435
0.00267543482075126
0.00239639498574046
0.00206185044526452
0.00168602838748377
0.00132844422210344
0.000985742724483405
0.000748693532909552
0.000313589773971987
-0.000202009680552475
-0.000482130819700757
-0.000903916683645889
-0.00137390831403003
-0.00175037526928996
-0.00208533375622132
-0.00248266147226460
-0.00289307479219332
-0.00335579333405377
-0.00380531920931475
-0.00416935133262356
-0.00456477595997171
-0.00491019227771417
-0.00519969895059006
-0.00542697776376940
-0.00576114295115900
-0.00600528063556197
-0.00613006939987287
-0.00638318399182396
-0.00658816381361589
-0.00669236601597788
-0.00685769937541153
-0.00698260673938819
-0.00698052106757416
-0.00700991950826477
-0.00704557303858195
-0.00705403889176012
-0.00703574284238016
-0.00701101886331998
-0.00702374008361801
-0.00696072752345231
-0.00690357421255726
-0.00686435859798394
-0.00675346191183650
-0.00665404399647173
-0.00660589084805196
-0.00653467766428861
-0.00639647742810325
-0.00629459494727712
-0.00616633345526907
-0.00604090741072128
-0.00590808887710693
-0.00569535628425825
-0.00551249549109571
-0.00529848667646661
-0.00520207090311374
-0.00521282366408457
-0.00494212268986928
-0.00480087332027722
-0.00480294447804425
-0.00463296917245089
-0.00445445315403816
-0.00427389732288390
-0.00415071892845361
-0.00383842743256224
-0.00337287877637721
-0.00287246040777404
-0.00243090545974809
-0.00226457057793681
-0.00217257007869421
-0.00193155169690499
-0.00160705616310082
-0.00128389198061939
-0.000967792186553140
-0.000647959928457169
-0.000349495920452796
-0.000126456012980611
8.28100947970257e-05
0.000346757418934516
0.000627928585303295
0.000734136618404477
0.000869395708524081
0.00105496974659317
0.00109149377787077
0.00123546690072402
0.00146112342991188
0.00167127076498744
0.00180720158510631
0.00188648680702698
0.00197623517634604
0.00202721073412299
0.00216237606173820
0.00226081080416897
0.00221581923724699
0.00210522390365725
0.00197608152301871
0.00184486779213774
0.00177993404384790
0.00180716383832637
0.00167262827124743
0.00152939284591092
0.00153368884838260
0.00152416855004338
0.00145793521802621
0.00138743137607992
0.00128993038643962
0.00124923091263716
0.00131748467939691
0.00118633168496904
0.00105450317971851
0.00112753472566549
0.00120724468925403
0.00137952694624953
0.00150406359513863
0.00140865886055572
0.00136112783319916
0.00132688304580991
0.00126845937715323
0.00111898142902531
0.000933084218875262
0.000890021936584784
0.000776525738431868
0.000730627832488473
0.000790652876197466
0.000729341563941475
0.000638992722673724
0.000609870406215975
0.000555519998827734
0.000509679533014591
0.000532848632380443
0.000561934288801993
0.000636413600642811
0.000732796513418421
0.000772686289084774
0.000834385217213551
0.000906692486502720
0.000939634896374102
0.000958985112487980
0.000887449537599849
0.000822943475209499
0.000780968734119298
0.000794098957439715
0.00102859143101441
0.00130005183515202
0.00159086352966511
0.00187675210584374
0.00201693073536575
0.00207596972406840
0.00219657322060598
0.00238085400425824
0.00250526290037008
0.00267911115395648
0.00282234513680912
0.00282720457133841
0.00284040450118077
0.00295607432529891
0.00310475674140527
0.00313094546474161
0.00311182562015588
0.00314421215482867
0.00314692683107460
0.00307892660209369
0.00306737198627850
0.00306313113550885
0.00300264495280075
0.00298225854298394
0.00283101888777807
0.00258858606793048
0.00243220463401414
0.00231649147387444
0.00223647441138780
0.00225077203798087
0.00234919335301349
0.00233438049662290
0.00221818242036527
0.00204486509767236
0.00180818139186371
0.00167818303624884
0.00161406375217879
0.00143241979854555
0.00120562220708887
0.00102913375334659
0.000755937751703186
0.000397890935675136
2.04509073678949e-05
-0.000419937271868420
-0.000834886103515657
-0.00117943322309475
-0.00146709522054486
-0.00172460471440692
-0.00194811067961725
-0.00222004100291123
-0.00248704078496912
-0.00265148473043285
-0.00292988073844893
-0.00333263363764598
-0.00375458761779074
-0.00413563997011113
-0.00440297254920870
-0.00462787492087544
-0.00484071533794384
-0.00503351246365773
-0.00523687048880144
-0.00534086356568468
-0.00543888704827266
-0.00560146367259164
-0.00568196372187112
-0.00572226760452583
-0.00565846192570454
-0.00550118188219056
-0.00539553852096965
-0.00531809287257169
-0.00515940004338983
-0.00497919892491066
-0.00484387801680332
-0.00461701260653130
-0.00444303239994871
-0.00427134117647660
-0.00394272922981759
-0.00363216582479197
-0.00337756687213489
-0.00308743198128301
-0.00272631012623510
-0.00237114230928430
-0.00209230553076047
-0.00183418954681088
-0.00146337100490577
-0.00106878694384697
-0.000742494263420284
-0.000354941333875871
9.25843392608528e-05
0.000464587061922401
0.000789068841997391
0.00111894767037455
0.00150425546460639
0.00193153328669140
0.00225758646009894
0.00260359791952965
0.00303946533649565
0.00343995027833998
0.00376980212959651
0.00402252575977229
0.00418376211007797
0.00430938667323517
0.00432032478248288
0.00441699685696321
0.00464268323657237
0.00463252736953137
0.00471983855776273
0.00495441952546059
0.00504828246909909
0.00514247850776172
0.00517239624177563
0.00513456864317107
0.00512853327188566
0.00504029503719693
0.00499045267307167
0.00494043709173695
0.00472132182075512
0.00449943426278139
0.00433319979658052
0.00413589026737498
0.00385515811290219
0.00359442501522338
0.00338262245206366
0.00321589283373825
0.00306975724797198
0.00283031688626039
0.00258440117666197
0.00230294204326441
0.00207237004267142
0.00189047506669340
0.00160179497393543
0.00127674083567996
0.000992214580636244
0.000752982092907644
0.000472299622114321
0.000207653945290218
-1.00804069833771e-05
-0.000204425984192653
-0.000362653070156540
-0.000587567441289139
-0.000890432778116122
-0.00109865806990356
-0.00125025634729525
-0.00142666296549905
-0.00160804283978813
-0.00174694731111885
-0.00182766855929287
-0.00200123716898538
-0.00210445702523728
-0.00214334892700478
-0.00227687553784378
-0.00247506734796446
-0.00254688742090202
-0.00246344975108485
-0.00250747536243580
-0.00251772184295255
-0.00241885692944642
-0.00238632534930339
-0.00246951784281848
-0.00239811852498491
-0.00228225581212506
-0.00226180732397459
-0.00210171360337860
-0.00201055680645275
-0.00189643227659758
-0.00168163919385336
-0.00151882081289884
-0.00139689215866206
-0.00130073285037931
-0.00115397601588541
-0.000950583893635226
-0.000748996020637307
-0.000604253784326616
-0.000498242054246063
-0.000415061004414454
-0.000360684146526182
-0.000249106049796026
-0.000221667618404027
-0.000191191753526496
-0.000101062570957211
-8.56736340121955e-05
1.23323829454591e-05
-7.05469898840505e-05
-6.91110759864700e-05
8.07407946836491e-05
6.34493830946781e-05
0.000170004832584496
0.000189399063280931
0.000191374768943717
0.000220793715888661
0.000104523690327483
0.000205067386679616
0.000317689071249987
0.000296553745516590
0.000429512614212513
0.000532425529070082
0.000607542161012802
0.000722234083969795
0.000804706102202459
0.000936240243681752
0.00108933296719556
0.00125158722320187
0.00141429767566343
0.00164947302724059
0.00185590440313838
0.00200066751164776
0.00223667914625722
0.00240567140371091
0.00256761037121088
0.00279557934946766
0.00289016551751402
0.00302579562110495
0.00331949198228685
0.00355379458489729
0.00366054270203698
0.00380960270960159
0.00401241042234304
0.00412443992077328
0.00424278220586103
0.00427523935651834
0.00429506739530211
0.00443064264869996
0.00450994236773937
0.00446381068404911
0.00446890792919120
0.00456840530354235
0.00446012664836857
0.00442746740534218
0.00450014769309576
0.00436532100131394
0.00427241117076443
0.00424052704738741
0.00409011992188237
0.00394348119280098
0.00385777221833495
0.00364451251644244
0.00339377164130626
0.00322829271873374
0.00302831645823183
0.00281275855093371
0.00258273029125533
0.00225156473272548
0.00199857359676244
0.00177034982105845
0.00142889203785842
0.00117000374641755
0.000876107906548924
0.000512974262984898
0.000139513957669948
-0.000286390841583852
-0.000663698233812653
-0.00100545198222534
-0.00136974459118264
-0.00175178658076916
-0.00215353565191492
-0.00260993779382915
-0.00298200816185783
-0.00338393902777426
-0.00380067937996898
-0.00414449106312162
-0.00450731696968745
-0.00480314545192641
-0.00515683492329714
-0.00549758789855758
-0.00581185030809536
-0.00609318979520282
-0.00635865343929567
-0.00668905672532446
-0.00693907149487615
-0.00712669421587890
-0.00730862987210571
-0.00741152511859184
-0.00746141262474652
-0.00761836614912255
-0.00769456413356608
-0.00769311588101289
-0.00775966174745321
-0.00767015549430056
-0.00759813512673333
-0.00754896610488828
-0.00739695896693661
-0.00730584501792890
-0.00712630919784431
-0.00690504604251686
-0.00671592954077539
-0.00649554690483456
-0.00626497309034789
-0.00602698875751031
-0.00576131347402963
-0.00544850625489971
-0.00512070058457653
-0.00477491505958540
-0.00445973882583587
-0.00423569409734199
-0.00395123642504700
-0.00359356196556234
-0.00327203141294433
-0.00293787422147204
-0.00262292353756607
-0.00231678416167910
-0.00199068817416645
-0.00163666156520691
-0.00139439519550393
-0.00118499259850836
-0.000836079414679603
-0.000551030793859582
-0.000363530701881700
-0.000155272735920420
8.73442592742891e-05
0.000350850251682147
0.000519926723796829
0.000633121932811207
0.000793305854857209
0.000952527237124343
0.00114361962788763
0.00139925505302443
0.00163349455411336
0.00181502910226001
0.00198571991303460
0.00203956346202148
0.00211012078461252
0.00219941116690990
0.00224106816995580
0.00243112858496794
0.00249579284210569
0.00247916260822922
0.00261283648233707
0.00271057303683734
0.00277589957930067
0.00276412391616163
0.00280860079892348
0.00295136639505024
0.00298436226842911
0.00303076305869578
0.00318497417035761
0.00337746994594859
0.00353094840865351
0.00369203768236158
0.00380046615899423
0.00388870392403620
0.00404248009702166
0.00411383244775644
0.00416110915442052
0.00433129726855899
0.00441922727677547
0.00439837838166788
0.00449812443312155
0.00456771599788251
0.00469252798919573
0.00470922870209154
0.00459196978683657
0.00461092631934491
0.00460515294457615
0.00462443651437216
0.00464725216466121
0.00469836324568334
0.00467911830638563
0.00465939058945658
0.00473417183820715
0.00465930085670920
0.00459665565655634
0.00452166937305893
0.00435135303932164
0.00422874608158509
0.00410446665232080
0.00392735613472770
0.00369540069988545
0.00346735325627598
0.00325996245495287
0.00303591911305098
0.00278556991805438
0.00252401276042352
0.00226912878902716
0.00205504252588824
0.00181962558988843
0.00161934245618848
0.00151458746106606
0.00119655124668821
0.000843703755124778
0.000704078706152984
0.000494764805474759
0.000270698270015046
6.50291253555935e-05
-0.000209395968356745
-0.000344925835740781
-0.000676678995746443
-0.00111169650735221
-0.00135625000233134
-0.00166919341042728
-0.00193530019117830
-0.00224943094806719
-0.00257446180620576
-0.00285833449052504
-0.00315473711361321
-0.00341520242708356
-0.00366140610466289
-0.00391957552450378
-0.00413896451543650
-0.00424337187805506
-0.00444003799331696
-0.00473597195561979
-0.00495321568294912
-0.00513979399997453
-0.00534887021856321
-0.00551268103876453
-0.00568413905539444
-0.00582831912400763
-0.00594875587584113
-0.00608688054796971
-0.00617309264475352
-0.00626140267530303
-0.00630763173430154
-0.00631682918742087
-0.00629992172228697
-0.00615026531789397
-0.00606680009376504
-0.00608847322537713
-0.00593248197533342
-0.00572515824207443
-0.00558164973239286
-0.00542822614610458
-0.00527068205902140
-0.00510554675243398
-0.00499814216951464
-0.00487451843276006
-0.00476119863427584
-0.00467631456038873
-0.00456954207236834
-0.00448159132543125
-0.00424177870366350
-0.00409112806007670
-0.00405872882069218
-0.00386720616554811
-0.00380606877567288
-0.00369854752759771
-0.00358108290745214
-0.00353959850240116
-0.00330919567340615
-0.00315282183227872
-0.00298723117109756
-0.00271751491706841
-0.00241857531663838
-0.00215854425921592
-0.00187774993771560
-0.00140780518397705
-0.00113532184522388
-0.000927403271374434
-0.000570281955484271
-0.000305632153241149
-1.07581698522097e-06
0.000397616717414913
0.000753803664229267
0.00109390484475639
0.00141731446307126
0.00178404182851992
0.00222497706538604
0.00250878260684004
0.00288169139231911
0.00330081611537509
0.00353673778211061
0.00400957664959094
0.00449328524230182
0.00479703191203356
0.00515469004359446
0.00546493639303620
0.00574783847640788
0.00608361957969663
0.00632692292554793
0.00642712402570822
0.00661768721139083
0.00679364275203881
0.00689032716879524
0.00704704998046339
0.00719539508777501
0.00731316442170567
0.00744512297409898
0.00754364753682040
0.00762398899239656
0.00770132245186801
0.00775868518742811
0.00787611748764732
0.00793533205088011
0.00783904983929460
0.00775975105670142
0.00767370946504229
0.00752264170880949
0.00736901986301348
0.00723041993078624
0.00716091322356846
0.00700248046150335
0.00681677610120602
0.00666084846881660
0.00647802768553305
0.00626735467222289
0.00599383946150368
0.00567866396445709
0.00535062609392696
0.00502709560723758
0.00465884014509982
0.00429282481014951
0.00390577028045755
0.00353586033541646
0.00312520321072327
0.00266445158600249
0.00231975160112313
0.00189859045892717
0.00148232565022184
0.00122737234364877
0.000886037499375902
0.000484793923082378
0.000169911676142647
-8.51954572658542e-05
-0.000367140995440067
-0.000712180339776580
-0.00101160909312718
-0.00130136478370499
-0.00161599116519845
-0.00179549774283078
-0.00205547838458516
-0.00238283953554470
-0.00252345024943098
-0.00269572370383823
-0.00286345353051940
-0.00296947185221979
-0.00317038767452616
-0.00335275022770302
-0.00348062828112194
-0.00360626068075923
-0.00366490624388941
-0.00372561023713821
-0.00383113813247881
-0.00388262533306317
-0.00402363388212500
-0.00422979851802289
-0.00434024743496472
-0.00454240029326684
-0.00471557849428962
-0.00478666960491182
-0.00501143056386468
-0.00525726312422407
-0.00533774584160611
-0.00543732205592406
-0.00565757259723043
-0.00582305928132726
-0.00599996122580123
-0.00621830443635730
-0.00639167535175844
-0.00655484409621891
-0.00673468743969735
-0.00689537637690080
-0.00693994348426187
-0.00704148018942533
-0.00716453656621027
-0.00721399987721512
-0.00722298343940182
-0.00715571836447580
-0.00714170685768707
-0.00708192622088973
-0.00698195600378597
-0.00696815475557287
-0.00688147333421583
-0.00673350841049839
-0.00659978874296712
-0.00641799827049624
-0.00632277454414890
-0.00616434141842191
-0.00594321537504278
-0.00580700710070140
-0.00557513352508551
-0.00527263253646574
-0.00498134183294695
-0.00472024578961346
-0.00437939320656732
-0.00404414832404475
-0.00369402786185772
-0.00328483138400584
-0.00292525139514131
-0.00249186345432175
-0.00201823922213645
-0.00158845014290016
-0.00113865178976667
-0.000658681964267984
-0.000196368877069872
0.000298086903280037
0.000844297976745025
0.00135539871512435
0.00184314071423799
0.00238183505114876
0.00290553060138691
0.00339466339837600
0.00383273056150017
0.00427232475299903
0.00477900595003661
0.00518269435118640
0.00557838264027481
0.00601390412093792
0.00636223253862539
0.00672819482869585
0.00703647253251006
0.00725850139276133
0.00757214859013573
0.00780461031051260
0.00794103032530359
0.00815986422679032
0.00833990033382321
0.00840665519286716
0.00848831732980301
0.00858924080200410
0.00858524784928392
0.00861467713027167
0.00862048487447083
0.00857496608185244
0.00853446152187871
0.00845323189563402
0.00843371765056503
0.00836544910785108
0.00821146566727634
0.00810092689177992
0.00802370259915080
0.00786175428715268
0.00768821501000616
0.00750625964283046
0.00731935555612154
0.00710453202239478
0.00685713453978281
0.00663247290194391
0.00630343354287902
0.00604238352443957
0.00577524009664387
0.00549390878740695
0.00525331045645544
0.00498170310174572
0.00465978598730885
0.00429225590624839
0.00394729036755393
0.00357026203445741
0.00329863980955849
0.00292729743588865
0.00252204188755300
0.00220913015875254
0.00184428362282716
0.00147317173323607
0.00110384442148863
0.000754152698681239
0.000345852289816264
-2.06139930057246e-06
-0.000326642702730879
-0.000765587617875312
-0.00109978843630444
-0.00137124146857616
-0.00169717143235893
-0.00192729351629051
-0.00218275733004553
-0.00248484786598373
-0.00277961424065751
-0.00301311027267365
-0.00317340062128789
-0.00341058590380609
-0.00354053093583182
-0.00366405094842222
-0.00385238090553791
-0.00394902722372301
-0.00411568329415374
-0.00421125423405258
-0.00426113616346783
-0.00436269837708352
-0.00440379721656100
-0.00443640621624951
-0.00442127737040764
-0.00447076820723055
-0.00451188458437869
-0.00447209197021863
-0.00445040234858652
-0.00442846272879251
-0.00446809602783958
-0.00448090837696213
-0.00444494633164368
-0.00440764400657713
-0.00433114139485866
-0.00424622169380058
-0.00419471716431644
-0.00414924062929231
-0.00410196806392008
-0.00401547133361305
-0.00394247511526629
-0.00388409716013626
-0.00377480573943103
-0.00368348326103444
-0.00358331139711538
-0.00350082928773276
-0.00344072528505080
-0.00333470749058591
-0.00318362608370450
-0.00306159841543519
-0.00292365080157140
-0.00278156062482537
-0.00267389509468842
-0.00249402582923921
-0.00230620892372116
-0.00213684277360130
-0.00200816646455536
-0.00191310102756603
-0.00176150180121311
-0.00166234001247602
-0.00154047833364444
-0.00141238206338727
-0.00137503986843115
-0.00131262702718772
-0.00125568260162908
-0.00118975924061999
-0.00112503894876852
-0.00111638359407692
-0.00110807612709351
-0.00112184636230978
-0.00116413877842206
-0.00117237707745460
-0.00117899764425829
-0.00121556276465043
-0.00126860213392661
-0.00127919070080765
-0.00125395857164079
-0.00129556242302030
-0.00140462595155242
-0.00145423532601754
-0.00147957502111609
-0.00155738297900598
-0.00154319608039742
-0.00150764798839162
-0.00150402907289120
-0.00147002066565776
-0.00140654409051450
-0.00135731111347368
-0.00129977213168758
-0.00116021398013302
-0.00104575783411988
-0.000923175069697635
-0.000732121213288366
-0.000544409950881146
-0.000385903343022989
-0.000152109845240318
0.000104877544470838
0.000324125988695414
0.000611390489930841
0.000873359750778775
0.00108462776253504
0.00139204746761052
0.00166798376190854
0.00189681628978889
0.00221918919082313
0.00251656757662573
0.00275634977645339
0.00299525749659857
0.00323454944707606
0.00353120966078606
0.00370077920623942
0.00383175992416504
0.00408917317210054
0.00425947050964140
0.00441796480829098
0.00453458927052914
0.00464734164967901
0.00475939629840102
0.00479442483910535
0.00490003799475360
0.00499077129648096
0.00499999897874535
0.00499804167251529
0.00491592279957736
0.00486902190362091
0.00484873100700991
0.00472910646843523
0.00466758649365289
0.00451906839268808
0.00428576153683704
0.00412456110786607
0.00396519026750781
0.00371665959011857
0.00341337290927392
0.00319231425469589
0.00294964822917230
0.00264699281753181
0.00236904588981183
0.00210238267235852
0.00177588739847600
0.00142878796902025
0.00112877736185226
0.000815701629434500
0.000472506112276676
0.000141072803507427
-0.000200647640139380
-0.000589753762979228
-0.000955554900620399
-0.00128118867728546
-0.00165504327981054
-0.00205557467237085
-0.00246053117565509
-0.00280649196517274
-0.00312134216889149
-0.00341910314788862
-0.00370064610165571
-0.00403841606077407
-0.00434864970574864
-0.00468134678912151
-0.00495323305407396
-0.00524248536335847
-0.00547673076058743
-0.00558653984073914
-0.00584721533839570
-0.00607279661213482
-0.00619131834956050
-0.00636016951701890
-0.00650926523097183
-0.00659332715856067
-0.00668206200912636
-0.00677324647900633
-0.00684697109459961
-0.00688179881504340
-0.00687218273850903
-0.00683499407664442
-0.00678209327875663
-0.00674545948010660
-0.00673825988015523
-0.00661680848761904
-0.00646260601847047
-0.00638650640744544
-0.00617104499791282
-0.00595659408154546
-0.00574436915229057
-0.00552133701473480
-0.00533229608194091
-0.00508888382214991
-0.00486490308856560
-0.00455578847602084
-0.00426115333376643
-0.00401146768949062
-0.00371836628953929
-0.00346401728270592
-0.00314877429800177
-0.00280493194536305
-0.00252286186149092
-0.00215889817022941
-0.00178901938335351
-0.00150798112052449
-0.00114829741590832
-0.000750196792026081
-0.000444321805077870
-9.49027210568865e-05
0.000224790454272164
0.000542557866515328
0.000923508933631467
0.00122344434662462
0.00155605104638989
0.00186357448832457
0.00215017958811153
0.00245358783665076
0.00275333667342522
0.00306603424068292
0.00335963034958894
0.00363970068994767
0.00387125885207013
0.00416557584278422
0.00443402966254197
0.00464075273487708
0.00487945444352306
0.00509794088915143
0.00528096826266321
0.00545915953367256
0.00565602779585063
0.00575353030522535
0.00583585800351955
0.00600260018810644
0.00607454959134628
0.00607038016810435
0.00616312159811400
0.00624454388278650
0.00628104578517252
0.00634089201210344
0.00628205319501717
0.00620728820305260
0.00623550437333563
0.00619387935645563
0.00610619526740180
0.00606946944373277
0.00595759800693315
0.00579067405523119
0.00566338416047387
0.00552369834939043
0.00534954982772149
0.00517316237799321
0.00505226730335863
0.00487379311321604
0.00462225661513287
0.00443661229618527
0.00424687743663355
0.00401457468628536
0.00384921372962623
0.00365951256512176
0.00345868371947262
0.00331187381501081
0.00305119194133283
0.00283350983501478
0.00270117423393685
0.00247013704642498
0.00225138656696217
0.00207691220353993
0.00185203989091491
0.00165356289416863
0.00147846600232711
0.00127986716729950
0.00104898517455098
0.000849373459157761
0.000651674709619101
0.000414523517146961
0.000276295527710175
5.28805504831098e-05
-0.000223476113124832
-0.000411925542391884
-0.000659249923073162
-0.000868304116878775
-0.00105323491307196
-0.00127793348703406
-0.00144243474732967
-0.00162582646943484
-0.00184599665309463
-0.00201899636626532
-0.00222715520473241
-0.00241109525993789
-0.00253518239346503
-0.00271415956246158
-0.00285015713118916
-0.00293212108189979
-0.00304465162360103
-0.00318707906030305
-0.00327009310738751
-0.00331161928088338
-0.00336597238233962
-0.00336775409770067
-0.00342452524531042
-0.00346156166707995
-0.00348316787095666
-0.00355478816998442
-0.00355115175107883
-0.00350419319413635
-0.00350052546224409
-0.00355851928601250
-0.00346882871577027
-0.00336740867887833
-0.00333612269330022
-0.00324354495683293
-0.00318160139833248
-0.00306959837232691
-0.00301078451187701
-0.00290836646912291
-0.00276091533660958
-0.00271400950179052
-0.00256221693785367
-0.00248325946625947
-0.00243460726495542
-0.00226645865564038
-0.00217451225041785
-0.00209159728487079
-0.00194339473696956
-0.00178562318957497
-0.00164718906759851
-0.00153887144390458
-0.00142656717117822
-0.00134112548292320
-0.00121855949655713
-0.00111033756708303
-0.00106595670252224
-0.000985389100865612
-0.000904353799855482
-0.000820646812454067
-0.000749557819435527
-0.000674400574043776
-0.000592691057172914
-0.000517312728643180
-0.000482961632166532
-0.000446931007804761
-0.000346236706819614
-0.000289463471024547
-0.000284837533827691
-0.000186238132469492
-0.000151424440240833
-9.71986147170023e-05
3.13347720222623e-05
4.22647768505335e-05
0.000156665439134933
0.000216366426634860
0.000219858234743739
0.000271731211802013
0.000293064280165609
0.000400198927867521
0.000512711042825096
0.000561070404208444
0.000600904316401625
0.000683304067637067
0.000778132335731598
0.000861437307449506
0.000900173372908100
0.000964005988289145
0.00107206266796084
0.00110330096738288
0.00114001584662724
0.00121780531837196
0.00125267415007691
0.00130157047346501
0.00136160948715734
0.00137011579861230
0.00139741090755479
0.00145609460522344
0.00146593723461301
0.00143495253767192
0.00142180197924702
0.00146874881816487
0.00155047756351259
0.00160704014405475
0.00159286146671214
0.00156510387100902
0.00158783353234540
0.00155813566048799
0.00153087536154956
0.00155597970289442
0.00154714320010932
0.00150636985791564
0.00155543315092856
0.00159599823626010
0.00154977646343347
0.00156292989669886
0.00156803737847980
0.00155113030977908
0.00160140852216898
0.00164622808413057
0.00164306013027172
0.00167093321621465
0.00171194315978788
0.00176244094847561
0.00181519990581052
0.00178906571525154
0.00178097740995099
0.00183272807585773
0.00184060901880372
0.00175730711310123
0.00171797770337022
0.00180052309436128
0.00181250121371605
0.00175885209321933
0.00169396373369239
0.00161308922046665
0.00157567644081702
0.00153960338407217
0.00144615215614003
0.00134122547123255
0.00129161575322904
0.00126216725667213
0.00117653498351885
0.000982668775730744
0.000801652664653219
0.000715350669634169
0.000606349916710940
0.000437534559306805
0.000273485801389164
0.000108441836631918
-5.31121774440280e-05
-0.000141474741628311
-0.000339029734934151
-0.000565400324608909
-0.000662738100444536
-0.000757798186514407
-0.000866964688543472
-0.00104063304356228
-0.00114962474172880
-0.00118751451173855
-0.00128043344656484
-0.00133014674753590
-0.00138784935510287
-0.00146613222267955
-0.00149904858779401
-0.00154494612804978
-0.00150757448559872
-0.00150146904234315
-0.00154528251936089
-0.00145780402867644
-0.00144240148393916
-0.00146644012899571
-0.00142164363303735
-0.00138467306810231
-0.00132573535412757
-0.00126304281804273
-0.00125498950177477
-0.00125080230728987
-0.00120774741524880
-0.00117468429046514
-0.00115329478408803
-0.00117269127909029
-0.00115262191151032
-0.00109401907999104
-0.00115392463168501
-0.00121496828400023
-0.00116005020695972
-0.00114838263904723
-0.00125032585301273
-0.00131471302956484
-0.00139562194939732
-0.00151445657745040
-0.00154518072787994
-0.00156919976937594
-0.00159850846247306
-0.00169514384625760
-0.00176995714772936
-0.00177734941790416
-0.00188280614846658
-0.00198837407067508
-0.00200927008030668
-0.00203220283903462
-0.00200990096509258
-0.00193776418091225
-0.00202349259383176
-0.00209371740187848
-0.00207999223882908
-0.00202101181774882
-0.00196383353664210
-0.00205458872586993
-0.00201406243121349
-0.00186766079961452
-0.00181683046020399
-0.00173716193776777
-0.00163863765034283
-0.00157657902579793
-0.00150479188292985
-0.00141958449657040
-0.00134746630319809
-0.00126888325902264
-0.00115595326847343
-0.00102813998813861
-0.000857659864515732
-0.000723906346387651
-0.000599378302690283
-0.000388574002573847
-0.000234189009704870
-6.77734051384959e-05
0.000149012058879912
0.000367470410007638
0.000544660143377485
0.000662431845727181
0.000854635969177231
0.00108469861934268
0.00126183090454730
0.00139267464926873
0.00158414877417592
0.00177195849620695
0.00196033934375230
0.00213432507389051
0.00229134133351518
0.00245008193718579
0.00248494712086853
0.00263653841699767
0.00280307030251290
0.00286985148353640
0.00297725623848425
0.00300139129042144
0.00299392647833457
0.00301837488080956
0.00300568559172788
0.00293929847335271
0.00288924795549768
0.00283479024335698
0.00270443941332495
0.00257767241456286
0.00250950147967657
0.00240980161415230
0.00222835965460789
0.00211578429165130
0.00198793297619623
0.00176050040614669
0.00163558473330824
0.00156246889692035
0.00140775173052091
0.00125688302308333
0.00118635230102882
0.00105152786460792
0.000867801073401537
0.000736309935852368
0.000556912950587964
0.000387334522228073
0.000306124954384615
0.000240646422221076
0.000121591107367856
-1.13017000458094e-05
-0.000113164079848502
-0.000182046428503968
-0.000248828300274795
-0.000367493417516496
-0.000447871693563915
-0.000485731335512538
-0.000521237864304798
-0.000571801898967266
-0.000601025939772093
-0.000622231629184746
-0.000656817069915334
-0.000653778592007228
-0.000732412690779612
-0.000758624276225568
-0.000760362151252920
-0.000789135265368692
-0.000678356073249269
-0.000650442676601699
-0.000626999825711074
-0.000526504254268616
-0.000538524914710692
-0.000479771521611454
-0.000438589015326230
-0.000498764754487056
-0.000444985330748011
-0.000319341755460059
-0.000195715318172134
-0.000104442343939155
-2.86246168825955e-05
5.90761348264833e-05
7.54768947680162e-05
9.93608529069688e-05
0.000197062731661823
0.000310654719099510
0.000368364084210668
0.000334286716840779
0.000372251242254791
0.000332086625446877
0.000233715294969130
0.000233213122308022
0.000168282737943262
0.000156419883667294
0.000166344650465522
9.37133045327343e-05
8.63518775620698e-05
0.000100394288800345
5.43712934531815e-05
7.46986153989404e-05
0.000126000741604217
6.21883067986850e-05
6.26243481034194e-05
6.82830746086082e-05
-2.76622357348799e-05
-3.23110057238196e-05
-6.71057938681407e-05
-0.000139978069753077
-0.000163915264098264
-0.000183555861464910
-0.000226887458459792
-0.000276732257093037
-0.000286233058832082
-0.000301299562732353
-0.000238184516753925
-0.000190238050469276
-0.000159166314867605
-7.42641775456576e-05
-4.93098483021725e-05
1.65206485030467e-05
8.23059733039600e-05
0.000125565899586633
0.000155743718262400
0.000172004926047507
0.000247538309853397
0.000259165925587368
0.000272080457311219
0.000387293140369494
0.000500376896545589
0.000553981805921922
0.000551380147989065
0.000593196908450793
0.000693741677846091
0.000724137664418052
0.000695558292882978
0.000738029761705192
0.000747177320311820
0.000706579895335082
0.000754601813600644
0.000775904695368084
0.000813929292543563
0.000872315618610671
0.000883164164487980
0.000895641894508543
0.000930709836757302
0.00102554216743393
0.00100068769950184
0.000946849878700888
0.00100911371453691
0.00100485981394037
0.000985178638804598
0.000916577842484614
0.000851090046438117
0.000786449858229616
0.000676890733635318
0.000682067511201154
0.000598188381615472
0.000546397578824838
0.000545363353914894
0.000423232696628730
0.000387588194654569
0.000333266012733304
0.000212631288208343
0.000193900286369484
0.000155646972257131
3.60641237654135e-05
-7.01714062385861e-05
-0.000198799298959500
-0.000368467326220099
-0.000532928322690793
-0.000672941562251168
-0.000847868909063294
-0.000916197277660018
-0.000977092388814782
-0.00107734959130156
-0.00110767634773850
-0.00122838162424372
-0.00135232762829304
-0.00139670304379152
-0.00138101396512582
-0.00148584522886367
-0.00165352559562535
-0.00173333544205406
-0.00182700058791227
-0.00191179668092843
-0.00189365627242168
-0.00186410188639698
-0.00194394660427633
-0.00193834275661999
-0.00188647879781072
-0.00184693790111567
-0.00174703543074102
-0.00165280878199326
-0.00167689797532361
-0.00176730733234834
-0.00174914615162663
-0.00176182391151883
-0.00175572458447746
-0.00169421597805837
-0.00170718286864229
-0.00171268055370859
-0.00158365529436281
-0.00145577051133245
-0.00140141601658911
-0.00129668408774791
-0.00122546106665027
-0.00104944289279047
-0.000950892826258212
-0.000954411082124409
-0.000785004508608438
-0.000722899014197083
-0.000674194687288434
-0.000571944454881646
-0.000609802685030729
-0.000601824089090428
-0.000555009008919853
-0.000593086774664471
-0.000601664627645562
-0.000620138957936263
-0.000611303288902434
-0.000586781673728751
-0.000606781470888222
-0.000549166549788538
-0.000517084057983936
-0.000504347371049931
-0.000481185243792339
-0.000547169821957141
-0.000578232964827521
-0.000643647868086248
-0.000699866652555272
-0.000689227687624054
-0.000808373309847639
-0.000909973562503410
-0.000964516651545893
-0.000988261671824375
-0.000973403994804869
-0.00103246200434072
-0.00103983975955501
-0.00102579230607006
-0.00110209644005039
-0.00109459205691579
-0.00109243505454685
-0.00117533569017681
-0.00120839028297866
-0.00119714445264322
-0.00127062348542864
-0.00134534178407833
-0.00136533135693639
-0.00138400836555121
-0.00136458197674102
-0.00140358077099947
-0.00137852330757113
-0.00136853027330965
-0.00140083666029689
-0.00134466124399452
-0.00132665044421721
-0.00139283192517091
-0.00140049718788156
-0.00136587936233042
-0.00136992842225489
-0.00138050344373426
-0.00140935478297216
-0.00138313908094595
-0.00133603950295594
-0.00134216823864641
-0.00129359896261491
-0.00119549478262890
-0.00115757468913888
-0.00107086889189757
-0.00103569191646191
-0.00100628493236373
-0.000805540569710379
-0.000741731166365378
-0.000745261906506665
-0.000681109410854335
-0.000673721932497955
-0.000588306245429902
-0.000452688579911040
-0.000419628183787708
-0.000441842729297868
-0.000401925165048151
-0.000232351208202877
-7.39672925131530e-05
1.01305611115875e-06
0.000109779862816808
0.000161509157553645
0.000170170637163558
0.000207262837296902
0.000297828129793345
0.000297985307833741
0.000202008457490024
0.000284277805363047
0.000338902605620319
0.000295112634866470
0.000232197644207659
0.000142679475820700
8.24452802359588e-05
9.05541454059745e-06
-5.52533403602240e-05
-0.000172774270882030
-0.000238393467430598
-0.000201402316625661
-0.000238031146154327
-0.000335129515325860
-0.000378778365960955
-0.000391978882460791
-0.000402699513710871
-0.000400725865234080
-0.000374590651928912
-0.000327217050505766
-0.000288137400604427
-0.000189679773066871
-5.57313671478710e-05
-3.47781095712207e-06
7.48126850095332e-05
0.000198975695750221
0.000373547123649018
0.000534796757031017
0.000589437035548883
0.000747536621832126
0.000910715731901632
0.00113633946189879
0.00132503300146823
0.00139379998598798
0.00157138192376181
0.00168585688530186
0.00183583851731470
0.00205798676755933
0.00223792169471409
0.00243575376718070
0.00256357919434777
0.00272525440622871
0.00286021791387839
0.00288932511238016
0.00300255029312154
0.00311302152558568
0.00316813507841943
0.00329743768088150
0.00344693956205163
0.00348745522365647
0.00352032241271786
0.00354870757446605
0.00354325192452677
0.00364257817293748
0.00372952777944789
0.00371898305513355
0.00373659259540347
0.00377215732067697
0.00382752079803879
0.00387366840746097
0.00385202184343825
0.00390911153479806
0.00397728323821809
0.00396028604563355
0.00397554781809731
0.00392372323346024
0.00390414972270236
0.00394156409083621
0.00389005270823958
0.00388510615567952
0.00387204419967674
0.00379382560263281
0.00373312899412525
0.00373186898612971
0.00361655206678961
0.00340872231818935
0.00336727497250848
0.00325687110841216
0.00308399182151788
0.00298201535321738
0.00286291183563037
0.00278359462466227
0.00268439469426312
0.00253721472460825
0.00240582618489725
0.00229629993964807
0.00218110146968940
0.00208876285629685
0.00203087100999340
0.00189990544481361
0.00169358863286561
0.00161851683767452
0.00161758516007552
0.00144090285752270
0.00130455196080902
0.00127256686283260
0.00119332260459657
0.00110031367698070
0.000927798152374208
0.000817592311377098
0.000717042586964425
0.000626921136004341
0.000594469501583888
0.000446405691684149
0.000371021264903462
0.000276814088711532
0.000126881865390160
5.63772539180008e-05
-4.67469101042540e-05
-0.000156197136838827
-0.000279653346214825
-0.000506095460262195
-0.000686253860126094
-0.000756198386740046
-0.000937185108712573
-0.00112421798102851
-0.00124159320421995
-0.00136200742366050
-0.00150438355886308
-0.00157482935877368
-0.00159201310020507
-0.00171446135378396
-0.00174708402113140
-0.00178365627071582
-0.00191633365980550
-0.00192451463426572
-0.00196795731100803
-0.00211647301566735
-0.00214719310289354
-0.00221304560656001
-0.00228972780922514
-0.00228139582393284
-0.00237799467905521
-0.00238683458632735
-0.00235297718521334
-0.00239383353807060
-0.00239008588863928
-0.00238382644120865
-0.00235853879854098
-0.00233151414992747
-0.00236875860143172
-0.00235961575529707
-0.00233028809973924
-0.00234869446280548
-0.00227200694494499
-0.00221504320197710
-0.00217934622917468
-0.00213681147051943
-0.00208827680749494
-0.00202336496162530
-0.00199934710195294
-0.00194269359439431
-0.00197098194158826
-0.00191576192545043
-0.00176992656714745
-0.00171347292038377
-0.00173484697558877
-0.00177947463398084
-0.00160690952146879
-0.00153221217560500
-0.00156302769070805
-0.00144960337436430
-0.00139525991280834
-0.00130826905161584
-0.00114046044127633
-0.000983408539968309
-0.000890004953422476
-0.000785479462896319
-0.000626602885049721
-0.000633266165931303
-0.000612737777561705
-0.000465466260301923
-0.000482952412613855
-0.000418533760293798
-0.000320912492043703
-0.000255502695360548
-0.000176512770756432
-0.000232869045352970
-0.000171428972427776
-5.92599887326628e-05
8.24498871688206e-05
0.000161261181933412
0.000198012535583132
0.000356770016446148
0.000404435084872574
0.000478870561244804
0.000555956010823593
0.000549140616013801
0.000538259561140535
0.000517916026617797
0.000495377167722495
0.000434648434127780
0.000468227335188658
0.000461799741443656
0.000419547350619212
0.000444239586063873
0.000338118064523201
0.000282820244720767
0.000244407004455809
5.34500055815101e-05
-3.22057147266719e-05
-9.40486089822912e-05
-0.000213299384389245
-0.000257702404286988
-0.000323939298509117
-0.000432357329350737
-0.000558367761419731
-0.000662929721956402
-0.000815552879736003
-0.000982567330430584
-0.00108202901159018
-0.00126419319346667
-0.00145442925255480
-0.00161114165219090
-0.00177618597849687
-0.00197669871609520
-0.00213359219194501
-0.00226251199255842
-0.00249100220673199
-0.00269013963707096
-0.00281728179296209
-0.00290901960351334
-0.00305510867983259
-0.00316230892163077
-0.00316399217264745
-0.00332490716335087
-0.00346335050656563
-0.00350032521624627
-0.00359005775115577
-0.00357819629805846
-0.00358784473764501
-0.00365512371917731
-0.00369023950869490
-0.00363213410391040
-0.00353817108764190
-0.00350364770706335
-0.00342962076783238
-0.00335329754081045
-0.00324328399609058
-0.00307574883114754
-0.00297716496686633
-0.00290071705160941
-0.00266518810740607
-0.00242332148824744
-0.00228704815100215
-0.00215552448433712
-0.00194465244440764
-0.00178668940921440
-0.00171394182611522
-0.00153031393030588
-0.00138293691107720
-0.00122503054491460
-0.00100430423897443
-0.000912627864421793
-0.000784797448474706
-0.000620125087317192
-0.000545473323591352
-0.000448910758914565
-0.000344389014056823
-0.000247067790430080
-0.000103914757032868
7.22595415202854e-05
0.000182105675651751
0.000320343934971889
0.000459608406595624
0.000619047668866939
0.000784432483344677
0.000878993780400137
0.00103042212365324
0.00116415786388503
0.00126696880137846
0.00137613852294922
0.00152759890966390
0.00164610281414011
0.00174804188009892
0.00187354035470761
0.00200030423226700
0.00211264927726816
0.00220751444751002
0.00230749433009009
0.00236120294937834
0.00250937403140760
0.00269923413002310
0.00278566979974059
0.00278738833768472
0.00282166692323088
0.00293588297741060
0.00300790883343488
0.00309011060122160
0.00320637845057377
0.00324084845290841
0.00322908515854294
0.00323184029399371
0.00321159413136201
0.00318052544153105
0.00312869924647643
0.00314169155321409
0.00316447778455313
0.00312058932850135
0.00310549904718457
0.00312100957338188
0.00314009924204399
0.00300179759646767
0.00297002374290898
0.00300433258890394
0.00288278740079235
0.00286716845787112
0.00283246727789560
0.00268289076037462
0.00259623347113617
0.00260057098657015
0.00247670372278435
0.00234866343927948
0.00225489647084814
0.00207959712713844
0.00194300103986919
0.00188921116728608
0.00180754620459453
0.00159647102767053
0.00149542231243572
0.00137643733653420
0.00117417752080272
0.00104437005988771
0.000866922229294715
0.000681526532197267
0.000580634786001752
0.000462475620098815
0.000255885753414731
0.000112691898457911
-4.98875485133965e-05
-0.000200231933466171
-0.000373702602893857
-0.000666381449716766
-0.000806455086709335
-0.000937927635228704
-0.00111955216863713
-0.00124622735830300
-0.00139557499969961
-0.00150149591590690
-0.00162921744446074
-0.00184351662421854
-0.00202666740390811
-0.00209173529138099
-0.00211015389613117
-0.00220869825306821
-0.00234627355356018
-0.00240073927337065
-0.00246522366127877
-0.00254536548087422
-0.00260240262420027
-0.00263298459989443
-0.00265774238027042
-0.00266132427924170
-0.00262021094758822
-0.00263830014491589
-0.00258552254938309
-0.00261621993062498
-0.00258018791748654
-0.00244940101407806
-0.00248033184055345
-0.00237610082124860
-0.00229724557449472
-0.00226867104104514
-0.00215298231581045
-0.00202170873379238
-0.00186971375396396
-0.00175922243439032
-0.00157283627864722
-0.00140455823422883
-0.00135950484004404
-0.00122252525098851
-0.00105913330537547
-0.000960300660540696
-0.000879718974297958
-0.000807170596740008
-0.000715143074512525
-0.000675587483028153
-0.000541651363560476
-0.000343444306069358
-0.000227669633483174
-8.43662783842092e-05
3.99706517157483e-06
9.01843901111476e-05
0.000200216891131930
0.000285589187002273
0.000463341205067991
0.000627532361754675
0.000704411822783584
0.000835123819705785
0.000992428273638666
0.00109685644748254
0.00118395491485643
0.00132255048960985
0.00150064909635972
0.00162638744694704
0.00178215935097285
0.00196933669448356
0.00218469290939652
0.00232727769219252
0.00243866004042417
0.00266575229838310
0.00280151744278811
0.00296986245568917
0.00321173367635794
0.00330707360968489
0.00343072111756044
0.00359950626171752
0.00366127097665611
0.00380470364865118
0.00398616019205747
0.00408842215244732
0.00416374318624719
0.00418448631805063
0.00426835726837339
0.00436495052429223
0.00444285063254227
0.00450399164388387
0.00452647842927007
0.00452961574991946
0.00447445893530187
0.00446865488474515
0.00440579533690510
0.00433321785584340
0.00424782186063453
0.00408918174883922
0.00402888064349497
0.00387464930067267
0.00361849177356746
0.00345160925170504
0.00330810173208363
0.00311947918464014
0.00290940944694512
0.00274373499336434
0.00255263037720127
0.00227371727554470
0.00199078521944685
0.00176584140198742
0.00148420936761966
0.00113951916527647
0.000927224514158240
0.000704679599506122
0.000419323812983947
0.000178468439658133
-7.28007533810171e-05
-0.000334349008188468
-0.000628768127839230
-0.000896131439391184
-0.00113178323347285
-0.00132428294478252
-0.00153842791971798
-0.00183236701423750
-0.00204186756982541
-0.00225162124954791
-0.00244884203904487
-0.00261088662441338
-0.00283309041938999
-0.00303671500998043
-0.00325047614610725
-0.00341640635192526
-0.00355634025479937
-0.00373999586536428
-0.00383348123719159
-0.00390742532776592
-0.00404391843459507
-0.00411692340172820
-0.00413380562138777
-0.00424263335598539
-0.00434667345014717
-0.00433989820656265
-0.00434847909753117
-0.00435559776919064
-0.00429868911719851
-0.00423607543480941
-0.00423708444584833
-0.00421301985738424
-0.00416632788592281
-0.00404978301847237
-0.00386386751422506
-0.00379642123634326
-0.00363861533903076
-0.00349378720492737
-0.00335508793424495
-0.00310951765793135
-0.00295108100612069
-0.00272664809395863
-0.00244371041388789
-0.00225235709476394
-0.00196311889719553
-0.00163722802327356
-0.00152355733144049
-0.00134057278338588
-0.000999416362514012
-0.000774911877648208
-0.000654262735098428
-0.000505456319737192
-0.000355372913598515
-0.000128095128010770
8.53947817503809e-06
0.000124263581643191
0.000334096383322375
0.000453082522112496
0.000653815913792002
0.000788020441699544
0.000860304601306297
0.000967671098895408
0.000992463134895303
0.000963753663226896
0.000947571647793595
0.000969661970067008
0.000981873988100226
0.00101278298792231
0.000979783674333703
0.000975297488924696
0.000964761109139190
0.000861935503561355
0.000850584086437252
0.000823168306399840
0.000738198561865975
0.000667029098002807
0.000585605022632443
0.000480209599223773
0.000380025904426642
0.000279025683458078
0.000151034005072930
6.51615856985278e-05
1.65334692997111e-05
-7.94781863381799e-05
-0.000217984550226983
-0.000292673377491344
-0.000321202916546902
-0.000347183824800976
-0.000441735317956415
-0.000607423395138493
-0.000682492124928387
-0.000744581499551762
-0.000779355805239996
-0.000781561984564503
-0.000761307895631500
-0.000698392715389939
-0.000709774404359633
-0.000715223350106520
-0.000693594369608235
-0.000653924435898734
-0.000637805514306287
-0.000594158680912926
-0.000494864462389622
-0.000466975030821697
-0.000404251683168031
-0.000305730085750096
-0.000256472078956342
-8.74052039907980e-05
8.43414040291002e-05
0.000196784250258695
0.000369146561823648
0.000481861270058186
0.000607378510108010
0.000779233695577730
0.000925489937028985
0.00105646198965310
0.00119650401343474
0.00130778195893264
0.00145704217236799
0.00161365739728199
0.00174505380744177
0.00191915816695329
0.00203827382692471
0.00216201289878363
0.00224820400786520
0.00233641365212665
0.00249310458655478
0.00260991414633203
0.00268580927486474
0.00275864485567542
0.00279278535393379
0.00276903118307756
0.00273187801710392
0.00270050451380285
0.00272278289734905
0.00264458903524108
0.00245679727003491
0.00233972699844272
0.00223181986243279
0.00210704708931165
0.00198699460882708
0.00187912801274905
0.00175982827368330
0.00157446335941250
0.00137541317913031
0.00121770890388206
0.00104111912768233
0.000764582443231516
0.000510498460217424
0.000307235834587338
7.43412097646967e-05
-0.000175004796678522
-0.000443153372174550
-0.000701692932600366
-0.000942421886281899
-0.00120482301143678
-0.00148034302925026
-0.00172859342464136
-0.00198107457418491
-0.00221272706407667
-0.00241237464471592
-0.00260097443459287
-0.00280238133455768
-0.00297782758216989
-0.00309854494693056
-0.00326303322846556
-0.00337717210799767
-0.00344775055262389
-0.00356768252468768
-0.00364347463521227
-0.00366510724585751
-0.00365088355927206
-0.00359512939025244
-0.00359523039091684
-0.00358469257205421
-0.00356540513532696
-0.00361999765266244
-0.00354660060175728
-0.00340965010991876
-0.00338513087516859
-0.00336343882010603
-0.00323524074560304
-0.00312339510394189
-0.00301310298618500
-0.00288005064690216
-0.00275237998019598
-0.00256310893612037
-0.00240549127598319
-0.00219535313779743
-0.00196094075785375
-0.00176949173792901
-0.00155387987466181
-0.00137490142796151
-0.00113610708053829
-0.000932179649597504
-0.000840130079958996
-0.000673370565695031
-0.000439990376298045
-0.000206722036907472
7.41372537390813e-06
0.000227311667601242
0.000514102094063826
0.000765299814358809
0.000914858232022340
0.00111265603581082
0.00132787036962728
0.00149092679004042
0.00170623282439863
0.00195263602664440
0.00216156687674662
0.00234114577539408
0.00248118876987164
0.00260957894828138
0.00276323160441073
0.00291264257154580
0.00302151485357634
0.00310480365569795
0.00319488103694951
0.00333680193321996
0.00340445268819316
0.00344796350708478
0.00351499729814414
0.00350987139006051
0.00354427558793319
0.00356394489732395
0.00353640886504635
0.00349784938961818
0.00349104850695561
0.00339787608121462
0.00327920411194128
0.00327327170898968
0.00319623833595749
0.00312168070004006
0.00304509776273228
0.00293574095266656
0.00284631814573139
0.00273874723831483
0.00264400990704253
0.00255153924984121
0.00239104570164415
0.00223922219710943
0.00216857687975555
0.00202129896252856
0.00187794697573651
0.00178507486523699
0.00159852293409102
0.00146135603806865
0.00133985540751784
0.00116763375707329
0.00106490454714971
0.000933598621536262
0.000802394127905304
0.000724439691888428
0.000575179882840731
0.000390622374369336
0.000255264454314936
0.000118535318752198
3.28366075546782e-05
-7.21683183730093e-05
-0.000210877702673571
-0.000328086257797864
-0.000507579864579704
-0.000630210477607811
-0.000745981855787683
-0.000893032790149810
-0.00101314102361691
-0.00109953499978538
-0.00118787524856039
-0.00121688088519726
-0.00121586986330655
-0.00127496891632298
-0.00129419543553595
-0.00137135273669259
-0.00140818185775718
-0.00134047707928435
-0.00137494646011369
-0.00139017032339073
-0.00129962743234547
-0.00125077557265588
-0.00121815118148559
-0.00120281414784131
-0.00117390010638628
-0.00110864469517255
-0.00109188198192518
-0.00108139869086854
-0.00105031429408699
-0.000998350428951023
-0.000934657877585057
-0.000840641283568981
-0.000779995739444051
-0.000796473995266318
-0.000739550933354014
-0.000687110270774412
-0.000676614188805083
-0.000590566816466804
-0.000533070169445082
-0.000543169157452113
-0.000504906986811342
-0.000479547040666830
-0.000514706097849285
-0.000508594951917090
-0.000548159785843367
-0.000633071976732609
-0.000620699473987259
-0.000626230694805301
-0.000738322251699799
-0.000791506053571354
-0.000804054476364300
-0.000872842083080840
-0.000919165808159761
-0.000938105725002956
-0.000938102868857982
-0.000991083061918658
-0.00104425842490279
-0.00108801985781454
-0.00112470895938429
-0.00114383929725768
-0.00119617479831405
-0.00118560770211865
-0.00119546146806243
-0.00121016793949906
-0.00121003665060691
-0.00126022528506986
-0.00131796715112294
-0.00130451750442973
-0.00131310340824726
-0.00139755036376219
-0.00137207657143904
-0.00135140292825753
-0.00139450559824272
-0.00138320964736028
-0.00134021547542329
-0.00132582143894783
-0.00133779929961214
-0.00131675932918565
-0.00126487990704302
-0.00119616899091872
-0.00114622910371040
-0.00114736203277518
-0.00107437578872636
-0.000954426199376508
-0.000949049590121103
-0.000877125295235150
-0.000808598070306861
-0.000784134001591119
-0.000667683493231772
-0.000646877375820729
-0.000587625905862659
-0.000447292990269332
-0.000364697691358646
-0.000284366180245161
-0.000181563501248618
-0.000119491044827047
-6.91401522440316e-05
7.80153721924037e-05
0.000169741728532600
0.000231515499527610
0.000325180820915669
0.000424336748702423
0.000478698466857139
0.000487578046736843
0.000588892633389868
0.000634056833868186
0.000608455428010473
0.000667309341626066
0.000709146239198049
0.000727497642591644
0.000750651157695899
0.000740415510235977
0.000753537979691288
0.000735163860572676
0.000694648388797603
0.000705201801183399
0.000730449901868298
0.000732271013681754
0.000753871341032202
0.000806942454907080
0.000829304452854451
0.000835573077813869
0.000871625357540253
0.000866966786045875
0.000841128108910958
0.000810949750620544
0.000810319864331355
0.000829535277603579
0.000695708096661196
0.000651649949427910
0.000634712399864554
0.000557662101871537
0.000563994071891649
0.000513325882216105
0.000545754320477334
0.000597572192453049
0.000531127391237298
0.000518956416162579
0.000521766377752027
0.000452313154410469
0.000402903130780903
0.000368550592074470
0.000319724986247998
0.000243732571815265
0.000222290813526342
0.000263628507242792
0.000192781681214420
0.000164238097640563
0.000153371596574097
0.000133231286088886
0.000213711415894196
0.000154929151182728
0.000198044756925775
0.000314891195694003
0.000305873306659841
0.000410555148874217
0.000422628181858151
0.000451857509460325
0.000543328693244192
0.000617544434677413
0.000718407509130259
0.000707236941005149
0.000771118926441901
0.000844941881386276
0.000852462430984922
0.000911071305688083
0.00100003872279132
0.00105119091551050
0.00109928472507818
0.00114542450981677
0.00113208184417793
0.00113164315622527
0.00115863012402841
0.00120851571509203
0.00127941172443460
0.00126862862424382
0.00124072386768024
0.00123258349760764
0.00115488360131671
0.00117688972480700
0.00118998207498272
0.00112621370707418
0.00112697289093882
0.00108045478354915
0.000995690583544029
0.000915752685465030
0.000831042303581739
0.000738052033467369
0.000644993333778814
0.000532099751465869
0.000419007414615540
0.000322089081625783
0.000220480269613454
0.000125010698017372
-4.06192429964580e-05
-0.000138200869369269
-0.000218382106201584
-0.000372086320283476
-0.000489151836157511
-0.000681241172673133
-0.000813813157459915
-0.000855287003590259
-0.000956866945385428
-0.00112008139895320
-0.00127000629386959
-0.00135724596534537
-0.00148512427232726
-0.00155964714957144
-0.00164603547854886
-0.00175443390296944
-0.00174340136943540
-0.00182618373011492
-0.00193896991284634
-0.00197140897035728
-0.00203070111626424
-0.00204088504320314
-0.00202119046989553
-0.00203366325377585
-0.00206027005684008
-0.00206812938356712
-0.00203865005675209
-0.00202871078508379
-0.00206912645532224
-0.00206699381976306
-0.00200358034883603
-0.00202173599030368
-0.00203861402227112
-0.00194677686554618
-0.00189846409481752
-0.00194072105335493
-0.00193414103638046
-0.00177873458501216
-0.00166433542076323
-0.00162338629363180
-0.00148509747897913
-0.00133752077686298
-0.00120660095969306
-0.00106624740193016
-0.000899270675019483
-0.000778940624199223
-0.000637570282540887
-0.000461509469676775
-0.000325246644503867
-0.000101252661674680
4.31897813684667e-05
0.000110472574271885
0.000247710135066512
0.000380335867025270
0.000556096892914955
0.000728885041137986
0.000797959715396601
0.000956300147130662
0.00103464772462900
0.00107448866387987
0.00128410393713882
0.00136151549523220
0.00139266483607052
0.00147876659501652
0.00151793387071812
0.00157571245651482
0.00163460705412106
0.00157575431057218
0.00158329345684692
0.00161191963637599
0.00159119531573701
0.00153872609514856
0.00142263600245307
0.00140704220770630
0.00140196515479957
0.00138028473002301
0.00131892059369669
0.00126847917322095
0.00125087668553590
0.00115931019651576
0.00108012338089310
0.00103232413745083
0.000952271884707017
0.000910712723968530
0.000895159810715072
0.000793069111731910
0.000720764814424300
0.000792177533942180
0.000681743339602789
0.000454718884848830
0.000516881815919206
0.000530415988522748
0.000461907333304197
0.000522559503609585
0.000526947943948102
0.000453700940577733
0.000471786495252005
0.000617805408048611
0.000658888900309691
0.000669362806837341
0.000737681448552863
0.000756621539427940
0.000796933834409899
0.000867558876593009
0.000862026050745541
0.000910883091021830
0.000996890239076009
0.00101819144077723
0.00114047833757390
0.00118862796992346
0.00115808688415193
0.00109831758254948
0.00109321070069079
0.00121693254844352
0.00118091796953038
0.00107561410624662
0.00111965161911577
0.00118290179116215
0.00100385841231919
0.000838115525011602
0.000829331601072383
0.000658348166547569
0.000536410170904560
0.000524423079304697
0.000361234225309737
0.000126875845547616
-3.78893069990838e-05
-6.58647583579608e-05
-0.000258194442876736
-0.000531463351653052
-0.000632377270198248
-0.000812356136051093
-0.00100499353328399
-0.00119978952568577
-0.00135974129254683
-0.00147449197629301
-0.00165106655251208
-0.00179265452897193
-0.00191092562106705
-0.00194559090562263
-0.00203530397006972
-0.00221048105580049
-0.00219291588748106
-0.00221355940866407
-0.00235554129636336
-0.00235153860900410
-0.00236971789441406
-0.00236628880704225
-0.00230167843225215
-0.00237336289521824
-0.00234396022807244
-0.00224553107575581
-0.00221723815560122
-0.00214215482464983
-0.00205704749662254
-0.00186620318295113
-0.00171149327501452
-0.00163204298733548
-0.00144485412348975
-0.00127049451091764
-0.00107546484583175
-0.000876369003712600
-0.000750061299415510
-0.000600926146033896
-0.000348469855892759
-0.000156126375577337
7.49471010202284e-06
0.000241339397256191
0.000404040673419139
0.000652393767973116
0.000822762836338882
0.000925672355539327
0.00117875507897065
0.00128302736539187
0.00137237162774234
0.00154022294638619
0.00163660411709049
0.00177282557356179
0.00187475203314257
0.00187871806469730
0.00194147324728462
0.00205937923472511
0.00215227320451021
0.00217924248259209
0.00217908811665559
0.00214447933594869
0.00210562867887191
0.00214071711177517
0.00210474736748793
0.00201913286138030
0.00194825083917074
0.00193177502497953
0.00184561222525339
0.00168533931537915
0.00161527201207065
0.00147115561263988
0.00128525544616476
0.00120490263851856
0.00103902141152972
0.000860208655852652
0.000692872785975602
0.000476886424765191
0.000398434679332595
0.000235028521563301
2.41532689656765e-05
-8.99222504374464e-05
-0.000196947677394093
-0.000325108281752478
-0.000432746731527391
-0.000489324572431649
-0.000572197312305693
-0.000618386123587271
-0.000610977409408999
-0.000678287203489543
-0.000695859459018733
-0.000652969980298730
-0.000690259182965951
-0.000624523277246336
-0.000562286220755519
-0.000501255095311346
-0.000424892002732644
-0.000344222409139354
-0.000250870522303668
-0.000213703380170884
-0.000102508623461506
-4.69173887714902e-05
4.72185098980038e-05
0.000228418400079264
0.000282693864565520
0.000280597777647653
0.000350552516892702
0.000471489276683510
0.000549069550351922
0.000502682848682685
0.000490177311254296
0.000493575336659760
0.000477224405227918
0.000546412810524108
0.000564189196694396
0.000564308755978864
0.000471903333201555
0.000330724124905997
0.000320840667544911
0.000208841611996577
5.96917140368092e-05
-4.52568374339180e-05
-0.000200832708925667
-0.000205203611372369
-0.000257693875069531
-0.000421098413837679
-0.000563677382315824
-0.000711084527922985
-0.000736944263819783
-0.000813381773012303
-0.000918250322565299
-0.000968867783660059
-0.00106577803110245
-0.00122493820677480
-0.00132756252606292
-0.00131490873776123
-0.00130882996661970
-0.00133589754348286
-0.00141216894180648
-0.00144031639231450
-0.00143691554534211
-0.00141834711085590
-0.00136634865826256
-0.00132030017424050
-0.00124346268209003
-0.00119845080040033
-0.00111990559055879
-0.000981342659138917
-0.000941166598801608
-0.000795943431341080
-0.000528792751126019
-0.000400589365507500
-0.000205731954340145
3.80375522785670e-05
0.000198384851583668
0.000334071723448126
0.000521876013843183
0.000743549855207917
0.000908191503650144
0.00108173921629303
0.00123313410759156
0.00137419813881040
0.00153494738742415
0.00168221725635473
0.00177794728790870
0.00193160940125548
0.00214565639202089
0.00219203776506042
0.00222278069794200
0.00229142760626313
0.00228394764110941
0.00236650569671131
0.00243229449248336
0.00245519958971670
0.00240692704966719
0.00230866243575829
0.00227431840722264
0.00220471447486730
0.00209033237620979
0.00195387758320383
0.00183230148946816
0.00171382964091364
0.00160556287103795
0.00146772191298624
0.00127069371480012
0.00111767606908934
0.000988263696958569
0.000780822356967335
0.000638616492125834
0.000491631825716610
0.000224217260669235
-2.79760315509492e-05
-0.000218882689963991
-0.000466608646446503
-0.000737051875806429
-0.000979943578060301
-0.00120289356857668
-0.00138540553706292
-0.00161237386651095
-0.00177728192793907
-0.00196110238396173
-0.00216416520831075
-0.00227381741402127
-0.00243171700803472
-0.00259588268042052
-0.00271907116463993
-0.00283351604383824
-0.00294090877329111
-0.00305372952849950
-0.00311180661175968
-0.00316146571640971
-0.00324526738852313
-0.00331050628109793
-0.00330890571456393
-0.00323714276013661
-0.00329375338928259
-0.00336168105301837
-0.00328807080046985
-0.00326697999986806
-0.00319910850176385
-0.00310646944085420
-0.00306633179696092
-0.00290582161853678
-0.00269212913331287
-0.00255276348484244
-0.00246298242649630
-0.00227569972552843
-0.00209388307771420
-0.00201017500970707
-0.00187517324564013
-0.00164207372600117
-0.00141002953552288
-0.00128981036577827
-0.00109464116678225
-0.000900658265255458
-0.000725954817233117
-0.000545851425738846
-0.000435175341845664
-0.000293311571690751
-0.000149177520223347
3.58012243232508e-06
7.85947892181582e-05
0.000182071385998910
0.000307831248716965
0.000400515284281724
0.000534842130051771
0.000666173395689000
0.000808001820050031
0.000872300338499592
0.000921957985014892
0.000986611326578100
0.00110361854256073
0.00116258118383458
0.00116530262172873
0.00122047159687037
0.00122193846498650
0.00133087435062887
0.00133940670990194
0.00134591314679161
0.00141269377074480
0.00138539919504802
0.00140598119830580
0.00138873930648982
0.00141256669941172
0.00141941792562676
0.00137633376678576
0.00132774124705362
0.00127397821800816
0.00120293471432547
0.00114990752837450
0.00119741667146659
0.00124067452995263
0.00123941471002194
0.00123774395014852
0.00118473358621507
0.00108837188924838
0.00102578967113459
0.000972693700324072
0.000888244055623311
0.000832278750686335
0.000798693108067887
0.000633176446064212
0.000522231266092739
0.000493254237440581
0.000475634786943822
0.000409677245809448
0.000284080836385066
0.000225928116883587
8.91037788014515e-05
5.49277777321500e-05
4.84250011834852e-05
-2.42625843836741e-05
-1.30222544378356e-05
-4.78577576927464e-05
-0.000100028767167721
-0.000202378392299796
-0.000249176106464830
-0.000235727902106220
-0.000300409258811989
-0.000293384154226999
-0.000286492910378966
-0.000329869204342961
-0.000330176786486858
-0.000385128083576758
-0.000424214587715284
-0.000357275157919075
-0.000369514160127145
-0.000365994013589495
-0.000320759383481153
-0.000303143609183256
-0.000290441313695911
-0.000294716427843662
-0.000238515912224546
-0.000314697876467376
-0.000360910797165666
-0.000336312085005188
-0.000394719499219658
-0.000377494210714033
-0.000456811430164592
-0.000500743384910916
-0.000476373772566294
-0.000576608463674386
-0.000654520930291298
-0.000657736844306633
-0.000728720485608712
-0.000793261345343836
-0.000810136440259655
-0.000902816080302884
-0.000898651357925075
-0.000914159468580529
-0.00101238281205148
-0.00110222455231465
-0.00126603936854547
-0.00140333880797940
-0.00142480375807899
-0.00149707589323739
-0.00159813602339540
-0.00160208589442377
-0.00169273786046574
-0.00170026781726399
-0.00164350903998901
-0.00168496128228988
-0.00169784105548480
-0.00171354783341933
-0.00167290657676659
-0.00165885204787656
-0.00164401883221956
-0.00158002376093037
-0.00159148964457998
-0.00160706158027118
-0.00157402472822895
-0.00146755892577644
-0.00136117727768607
-0.00125247233627022
-0.00112954629811270
-0.000949964290110046
-0.000780539578386197
-0.000672301393691157
-0.000499318901869401
-0.000372164127314107
-0.000240816113734041
-0.000143590243368976
-3.84662405556924e-05
0.000136449133268712
0.000234560310893528
0.000391536692470425
0.000609520793520204
0.000740719420975182
0.000838127997049156
0.000928249495402298
0.000990517767868084
0.00106851724596055
0.00119976241952315
0.00135552635229445
0.00148503854265329
0.00159729421190349
0.00168547531857286
0.00175155479243898
0.00180913648411291
0.00187581991022455
0.00189886197390194
0.00189865295596633
0.00192320233632273
0.00198507487529696
0.00211249139568821
0.00218742015606580
0.00218739874533554
0.00225210145939343
0.00227729874458390
0.00222163050616359
0.00224958214845799
0.00231157598008167
0.00238252731366657
0.00243159192709527
0.00245598683797454
0.00247242059489054
0.00249997250468510
0.00247385907374024
0.00244587442250321
0.00249937636678169
0.00247147733846958
0.00244415928611659
0.00248568485731880
0.00255001875823268
0.00254804008308668
0.00252828618255336
0.00258228919974073
0.00259103776589626
0.00259472944315149
0.00266951444586198
0.00272306152943230
0.00273172789374030
0.00270698966339978
0.00265922442853650
0.00263967314420825
0.00262499528446682
0.00257794529501410
0.00251777117305522
0.00246892573710568
0.00242302404763905
0.00235824757129080
0.00232130463455263
0.00228284210662039
0.00222048930737003
0.00214803485942738
0.00202645459816040
0.00195326306048756
0.00184250726057570
0.00175820749109818
0.00168083023485437
0.00150627421923588
0.00133575837330625
0.00111969865722614
0.000995188277316856
0.000952266934571213
0.000843164518775410
0.000712860852231501
0.000626503860243019
0.000515440682960673
0.000349411721234958
0.000171393200818102
-1.43944221196790e-05
-0.000157214375082759
-0.000271918602267007
-0.000442237537032710
-0.000629647744606530
-0.000709452299901443
-0.000844087919389125
-0.00105754149107497
-0.00118110884153008
-0.00129445221463687
-0.00141384623221434
-0.00149152987006204
-0.00157295856323559
-0.00165078703917716
-0.00169979741826685
-0.00185499555514719
-0.00193507242982255
-0.00190654755167116
-0.00205120975980246
-0.00216637026276336
-0.00222304574545614
-0.00232629215049034
-0.00241995147727705
-0.00245798125032525
-0.00243545159659078
-0.00245472750794871
-0.00248030992241482
-0.00248881898418894
-0.00253053681745104
-0.00256645017973732
-0.00253536562491849
-0.00245489960256563
-0.00238380121176654
-0.00236979874600756
-0.00235443701652976
-0.00236547163235954
-0.00232807445877803
-0.00220488106845593
-0.00212009030871691
-0.00197287393813227
-0.00187640032629680
-0.00183979338398927
-0.00169864508939639
-0.00156782790751841
-0.00147916101490218
-0.00135777799249809
-0.00123649499161544
-0.00119065797664966
-0.00105318742306778
-0.000887319105202522
-0.000872815434054957
-0.000746674451773117
-0.000589290371372329
-0.000467502206097379
-0.000339057809047318
-0.000348070011525650
-0.000263364518333376
-0.000131423665495660
-0.000111100869492802
7.58806849354698e-06
0.000168295720118934
0.000198776185601375
0.000192920022649687
0.000350024819149724
0.000538330328155965
0.000559747812469809
0.000680915739172150
0.000737804134592608
0.000614735178789232
0.000777954872940754
0.000928938984417016
0.000840479979914690
0.000876582780315900
0.000977683140497660
0.000990125482007258
0.00103181479481009
0.00111987480188333
0.00116716056776539
0.00119322203127645
0.00126086114944144
0.00135968598857922
0.00138380033070391
0.00138332804721600
0.00142494536050762
0.00141510807883556
0.00137901066724524
0.00146053966184674
0.00150491256875888
0.00135926088000055
0.00139516341768676
0.00156926646189667
0.00140157284032881
0.00123369112358439
0.00135056538339789
0.00134959499331984
0.00122208288680824
0.00118299289908435
0.00116133823172859
0.00103355324241427
0.000910603215636883
0.000863658442397934
0.000764982040515179
0.000676111130401580
0.000597978136823798
0.000516205604811120
0.000443619729441878
0.000365335466297552
0.000256801546895673
0.000104518485492662
-1.01461936421288e-05
-0.000107641886107217
-0.000195891735349676
-0.000336637698904383
-0.000434299896225383
-0.000536040712348722
-0.000682178515258016
-0.000746210548633144
-0.000901732911990649
-0.00105069527880744
-0.00110843215079228
-0.00115278158323250
-0.00120737326532620
-0.00126211012048941
-0.00137599378796367
-0.00152088411127892
-0.00151257593245830
-0.00155657341740749
-0.00161389718009133
-0.00165306721764580
-0.00169559703866867
-0.00163953863547476
-0.00169386993796806
-0.00174655869356599
-0.00173512375206741
-0.00173829393764663
-0.00175941439411105
-0.00178011891311499
-0.00169877658011842
-0.00169809018622715
-0.00171767395032603
-0.00171056340690456
-0.00182122588392275
-0.00187820316476177
-0.00185639741810718
-0.00187801023237554
-0.00191467065545353
-0.00196283745937350
-0.00201630194104382
-0.00202882233879691
-0.00203817894869303
-0.00202719027549662
-0.00211229812323680
-0.00219954364788848
-0.00217422007729184
-0.00219830542087152
-0.00216875414108287
-0.00209185146251130
-0.00209511218467853
-0.00206043911136319
-0.00201814110589410
-0.00206119241526324
-0.00199132450989794
-0.00190333391450892
-0.00184829817479084
-0.00175351872604509
-0.00169622683730395
-0.00162118550063724
-0.00155342573588314
-0.00147809728163452
-0.00138385502457794
-0.00130233031814797
-0.00120836542850597
-0.00110871005355989
-0.00101539743157190
-0.000890896005128781
-0.000818892390361654
-0.000767305377238401
-0.000622335147968940
-0.000491864952686711
-0.000337427007760382
-0.000207573959818745
-0.000111042636936673
7.06050189846152e-05
0.000198964088920093
0.000246754654715531
0.000355443066322074
0.000472231930426066
0.000567988364176042
0.000673359282529855
0.000693071707706245
0.000770007223720617
0.000844343642341037
0.000858472960278274
0.000939799108497912
0.000975685010670944
0.000990704557113542
0.00106144641579888
0.00114136390287996
0.00114516922659369
0.00111475083903148
0.00117540785024463
0.00126599433778194
0.00126963362534227
0.00125474155195360
0.00128688717705646
0.00134763413359694
0.00137528986550511
0.00135398860092257
0.00133769939573493
0.00137512174928497
0.00148728097555661
0.00157023518284402
0.00157863302140299
0.00159343490685976
0.00161796750740342
0.00163636499137789
0.00166523171795539
0.00171314705597663
0.00181124315068589
0.00181036858231611
0.00177802141354483
0.00182768148804836
0.00183800052428154
0.00187582107730886
0.00195084145341607
0.00198721180921648
0.00199783100302867
0.00204854173787076
0.00214644751368493
0.00216419959119040
0.00212068185328661
0.00216700301492104
0.00218641105309818
0.00214328767881625
0.00218789715143693
0.00219040739243805
0.00214590476731761
0.00222032231250587
0.00226759231222790
0.00225762948272518
0.00222843402947884
0.00221713791538349
0.00223858931939162
0.00220233859703310
0.00216654179861468
0.00212720763470383
0.00208951783220975
0.00206435142743985
0.00201579575408587
0.00192619629700765
0.00171997259952011
0.00161459778196853
0.00163534872485194
0.00151828166634083
0.00139962457109661
0.00122565419002044
0.00103070653475072
0.000898941092388590
0.000789272571857396
0.000655055387581420
0.000436293485235115
0.000243793673531547
0.000107088337753041
-1.18725512388540e-05
-0.000186042375088924
-0.000307061898876153
-0.000453364573061528
-0.000661797361884275
-0.000847545841034432
-0.00101265807067191
-0.00114483137443877
-0.00130365362261522
-0.00146869838866038
-0.00160199036265770
-0.00171627020144547
-0.00187996218759131
-0.00200934434214660
-0.00208090258870695
-0.00217850447294153
-0.00229548434681146
-0.00242244891645925
-0.00258717165876575
-0.00266112211214768
-0.00265656762135510
-0.00273926517401466
-0.00273665265424018
-0.00272030810525573
-0.00277163385562501
-0.00275572311277395
-0.00281106998082413
-0.00287103356030455
-0.00285084286746514
-0.00280015261007910
-0.00275674345142323
-0.00279389849791913
-0.00273248548962097
-0.00265331165804596
-0.00270583580698827
-0.00268777039098160
-0.00254978617395914
-0.00251888880263022
-0.00244480250525183
-0.00230227392779026
-0.00229523960032440
-0.00214922173038267
-0.00200921011168488
-0.00198471833274454
-0.00190478093605016
-0.00183957715439686
-0.00181280762093596
-0.00168636065331029
-0.00156682763924422
-0.00152700481148592
-0.00139064541229455
-0.00125359052045887
-0.00115002210388770
-0.00101357283881534
-0.000854563237942934
-0.000786091820695525
-0.000649718922332099
-0.000473614756435978
-0.000401183120001392
-0.000289733465231201
-0.000118169079863080
-6.12223768564846e-05
3.01731225749435e-05
0.000364066349098184
0.000588773435265608
0.000714838334684522
0.000898674644565207
0.00105256773129075
0.00115778024058480
0.00132726081189963
0.00150919208357168
0.00164847022968381
0.00180222670705504
0.00194351293428859
0.00206459885425236
0.00217079448031711
0.00232937529238619
0.00245474551776134
0.00255910715812647
0.00270674602271683
0.00281905288829016
0.00294100069074077
0.00302669443400248
0.00305629690388074
0.00314851151284778
0.00321546718140830
0.00319334613486362
0.00320500732718649
0.00321031908345304
0.00317728735263032
0.00319279620899991
0.00314965920312247
0.00308645340727502
0.00305288440875998
0.00290110515635725
0.00275394291745450
0.00262789231322842
0.00250214516315317
0.00240531902252592
0.00221609238431945
0.00204117693461221
0.00184950816768378
0.00159098439770887
0.00135224781154555
0.00110757033276393
0.000911226343957310
0.000698991351651444
0.000421613264779950
0.000172133558321050
-0.000110183512105309
-0.000390776614751758
-0.000586891907438485
-0.000784349569086658
-0.00103261298207038
-0.00127558091334773
-0.00148643049330289
-0.00164671950766280
-0.00183838824207395
-0.00204854763492794
-0.00218797633102046
-0.00236447224085529
-0.00252554070122779
-0.00264130974916453
-0.00277439336499151
-0.00292967965883870
-0.00301790217435585
-0.00306106056276555
-0.00317850560810198
-0.00320074121263728
-0.00319103483746457
-0.00330603817358715
-0.00332171545271279
-0.00327171454267461
-0.00321840903053517
-0.00314218160427074
-0.00319160028288356
-0.00317619447894086
-0.00306375392521097
-0.00295976619486052
-0.00285899185909722
-0.00275456211105359
-0.00260514261326868
-0.00248884127705608
-0.00233995740491503
-0.00221665629376492
-0.00205852354436580
-0.00183545780061110
-0.00167191579058493
-0.00150820716309138
-0.00140272149716886
-0.00127277588630260
-0.00105516742322550
-0.000839790416974893
-0.000703007171001744
-0.000531837637996659
-0.000338326200129231
-0.000255583455555097
-0.000128433370760561
6.39925619019976e-05
0.000217386312136867
0.000377848331638546
0.000584226450059617
0.000718034056513943
0.000859542331545242
0.00114807185501178
0.00131056286188866
0.00134989318418889
0.00156026080979927
0.00173763313299432
0.00187075461461518
0.00209611895119465
0.00226191660549532
0.00238196026044136
0.00251349395912285
0.00260766481989350
0.00264903876791351
0.00276755323966157
0.00286640513462700
0.00295333068173861
0.00311985577120609
0.00316359677070409
0.00321209130984840
0.00324730091010736
0.00332270394880538
0.00344757252996757
0.00345175967208164
0.00347827163510530
0.00354136899122921
0.00364698856363887
0.00364493029287289
0.00370504140947617
0.00380177381830237
0.00380245724430850
0.00387568700710787
0.00386897100493641
0.00389654100397237
0.00392760195365753
0.00384128929341642
0.00385955246187748
0.00386988523231622
0.00379631342328580
0.00380314532290782
0.00375858890717197
0.00366974676157426
0.00361135387656830
0.00353210447036076
0.00343266767865543
0.00328877022810673
0.00318056790691969
0.00306322645203025
0.00284899956444121
0.00263114126464004
0.00248645120424932
0.00236374234898634
0.00213401985603880
0.00195163393312768
0.00180952653120997
0.00156063402550153
0.00130418350853532
0.00103192663846599
0.000728713194461328
0.000410246486978529
0.000147488636423372
-5.38361713507207e-05
-0.000291942584916285
-0.000560568540906861
-0.000798207185001392
-0.00103800965794580
-0.00128589298290105
-0.00156059735553303
-0.00184657857617346
-0.00205633678584221
-0.00227591256405177
-0.00244737877537531
-0.00262663885746065
-0.00290124890593582
-0.00303182964562794
-0.00316553464497090
-0.00335297937560867
-0.00340914401985586
-0.00354974999268890
-0.00374441583135535
-0.00381020227596451
-0.00393891895480707
-0.00410281171711063
-0.00414770240958077
-0.00417749754143969
-0.00423618194939010
-0.00428861280458449
-0.00432921026883406
-0.00439707815279121
-0.00439831927836281
-0.00442472278544002
-0.00449243296571396
-0.00451415096510857
-0.00449212527403674
-0.00443405952718962
-0.00437737228822343
-0.00421076782094730
-0.00416585696952581
-0.00415700701844685
-0.00404221746060884
-0.00397100822701106
-0.00382030937777344
-0.00368234819534052
-0.00357618026841308
-0.00339044539439612
-0.00328443427011877
-0.00315543694027966
-0.00296987828388808
-0.00284266757017292
-0.00259940883479445
-0.00238714635750313
-0.00228952634698231
-0.00213044657279426
-0.00198151308027050
-0.00184602581442107
-0.00163032959754432
-0.00147437231050091
-0.00127866186086862
-0.00101164054823741
-0.000851772490865770
-0.000665544980468340
-0.000491401570209220
-0.000337162018240207
-0.000213912262801870
-0.000125918420936344
5.53529230327854e-05
0.000187121245940993
0.000357438843507403
0.000557488206088763
0.000639208803745355
0.000779509978742681
0.000962344591505886
0.00104732479967943
0.00112934900597116
0.00128647569253658
0.00139882273041168
0.00154617047809905
0.00172583891427058
0.00175598423242985
0.00185915905446045
0.00206000138928260
0.00215781717340473
0.00224411249926720
0.00236821385460590
0.00249966757441887
0.00252523404110017
0.00258521026348473
0.00277286230546749
0.00284604371793200
0.00289401800332756
0.00303737857630917
0.00311624847170874
0.00311787410641925
0.00320629859488268
0.00332972198747026
0.00337206116643326
0.00341791062294291
0.00348932053387376
0.00352018090397081
0.00353477949840556
0.00353056323585818
0.00353759502038287
0.00360138422522908
0.00361417263111296
0.00358933071802280
0.00354830568599876
0.00349269357297860
0.00343985899139057
0.00340290197023901
0.00339872545623971
0.00332019626122236
0.00327418633968282
0.00325905807393820
0.00317152600845533
0.00306123143039473
0.00293089372937205
0.00282470778991668
0.00272145482250258
0.00256035246764892
0.00236305899596049
0.00223141223822058
0.00206738686945211
0.00180158572561838
0.00160108081818654
0.00141663992429717
0.00119245684715374
0.000943147002409006
0.000754774067544446
0.000586215689775926
0.000381163971972640
0.000184559674212181
-6.43604717903656e-05
-0.000235158679909730
-0.000385600712108527
-0.000547322835951931
-0.000736526741568469
-0.00100856186119543
-0.00119775247191583
-0.00135826301739002
-0.00151927558959912
-0.00167751915470561
-0.00183089938828900
-0.00198323382151841
-0.00212506394571435
-0.00222353236696762
-0.00234515588009685
-0.00241293349040632
-0.00250017524017935
-0.00255548954139130
-0.00260481166024974
-0.00269164887574163
-0.00267375396200890
-0.00268164609442309
-0.00272298366227076
-0.00278005087623626
-0.00281442279334982
-0.00282881984165670
-0.00283668521817106
-0.00281014169512162
-0.00281862685146876
-0.00280654858624303
-0.00283580479338269
-0.00278865018617438
-0.00274146033501097
-0.00289537972774639
-0.00289254977630208
-0.00283390950274651
-0.00289652399502330
-0.00288189118455534
-0.00291273427688623
-0.00303337343588794
-0.00304696271135896
-0.00303898506663302
-0.00306742626540427
-0.00307359033519305
-0.00306415243009951
-0.00308335568007067
-0.00307184431029953
-0.00305506407755018
-0.00305614138910727
-0.00295666130069918
-0.00295020168194057
-0.00294032257102415
-0.00291691106775829
-0.00294305646421833
-0.00285973542419455
-0.00281450037772814
-0.00285060214219797
-0.00279593424977577
-0.00269303895934030
-0.00260273789841719
-0.00255718103786450
-0.00253915556311597
-0.00238452185674234
-0.00234073527807453
-0.00219358796636186
-0.00202276673592067
-0.00206294646573852
-0.00185375090897310
-0.00168857490552682
-0.00157918256667713
-0.00133663945374522
-0.00118190159752771
-0.00101690999490941
-0.000898091288684739
-0.000767099156949698
-0.000500639364210684
-0.000278068115078085
-0.000110611879526630
5.31773023322657e-05
0.000205882596140103
0.000431940914395419
0.000673089587688569
0.000877740587005427
0.00109236244945141
0.00123120802560464
0.00141661242558037
0.00164747370518093
0.00181892362085985
0.00201769388231792
0.00221852963465770
0.00237497863820382
0.00249363233982916
0.00262989522636033
0.00283018844571139
0.00294790615953779
0.00304978217269515
0.00318496483184369
0.00327306630824815
0.00339488900297859
0.00346122219764894
0.00353515193043769
0.00361538203065038
0.00368650671891153
0.00369716833132387
0.00358677197007673
0.00354878522937661
0.00348851913404964
0.00345519613092812
0.00347041385911588
0.00339436222532079
0.00334202140290415
0.00324693181460788
0.00312942695390376
0.00311862828678457
0.00303946388023206
0.00280534587416298
0.00269047380165375
0.00258807839284373
0.00239674415605094
0.00231312411827759
0.00210906940635411
0.00187705233958624
0.00174675989568684
0.00154368380226430
0.00136478244279942
0.00121402121947774
0.00104946572292334
0.000862596683534491
0.000680996289398195
0.000540608171841441
0.000376311036731707
0.000211026472532723
4.87505736211347e-05
-0.000136415802517789
-0.000358389656190639
-0.000462618460666917
-0.000572667874990316
-0.000749037995593227
-0.000831871956953023
-0.000978980127058406
-0.00104918712257557
-0.00113020345380150
-0.00129572928290592
-0.00134266451156755
-0.00143054026482218
-0.00151336634079435
-0.00161109226980699
-0.00171641231007094
-0.00170219910606974
-0.00180603581461973
-0.00186366450226927
-0.00184913391292149
-0.00192766145389903
-0.00194253384972427
-0.00197709468371144
-0.00196488951202902
-0.00193318950808703
-0.00196094949469028
-0.00195547530136402
-0.00201370943640953
-0.00203816406567341
-0.00197591139657305
-0.00198978521101658
-0.00197066509426968
-0.00190920202317947
-0.00187408105747323
-0.00173098283663677
-0.00168817630369972
-0.00168427034068237
-0.00155354305248565
-0.00149627248061520
-0.00146184505421523
-0.00139121669859186
-0.00129087749750369
-0.00122118005893824
-0.00115011565602117
-0.00103161187317546
-0.000923126858085936
-0.000830216192617357
-0.000728755011517066
-0.000601541073137497
-0.000466665104654069
-0.000353600734279027
-0.000320847811921468
-0.000200107342687232
-1.73548543863689e-05
8.56179877054331e-05
0.000235657967835294
0.000337660415433589
0.000469425044095715
0.000644819931834206
0.000760460122015303
0.000931615605908149
0.000987664812456188
0.00101981310163154
0.00120496982007012
0.00133219211059995
0.00135909607838300
0.00144109668906211
0.00156454813731955
0.00163744368615923
0.00175502329909435
0.00185545320120369
0.00184899459304148
0.00191385704391038
0.00194796468352706
0.00200926789001528
0.00213069592584517
0.00216476210842117
0.00227245343432628
0.00222815858109627
0.00217960222435920
0.00230139652692571
0.00228600640213813
0.00222137344821661
0.00218475698102665
0.00217991050257481
0.00217894467175029
0.00213578008237079
0.00216632647199518
0.00217788861069735
0.00212497697259053
0.00211390714158782
0.00206388156816843
0.00199643137034741
0.00192113875813220
0.00181594829498451
0.00171199526565715
0.00164086490483285
0.00155629519124659
0.00146748969581040
0.00141337133566680
0.00133924862083120
0.00122480709580486
0.00108352067461638
0.000985340901999052
0.000920406919781272
0.000827607126981746
0.000750161904618096
0.000715349219564701
0.000615973588552237
0.000499996799395319
0.000436721786606711
0.000369367588539831
0.000342383437120049
0.000324440754058699
0.000211276338979829
4.85836851417787e-05
-1.60307609087340e-05
3.82951450773561e-05
-9.75135321439779e-06
-7.73258010617894e-05
-1.21299102944761e-05
-8.08754043551829e-05
-0.000150688865844444
-9.83931445419018e-05
-0.000114652557744463
-0.000121367402070689
-0.000122636840943358
-0.000145818747159225
-0.000181914796842690
-0.000180962246487226
-0.000173776495988527
-0.000170707536912964
-0.000177722419653392
-0.000280123449229031
-0.000273446097916796
-0.000204949350286086
-0.000180145278739854
-0.000238412800592407
-0.000352708628551337
-0.000329364695761072
-0.000344053436334750
-0.000440825090305053
-0.000498614213197355
-0.000518492389884400
-0.000598370897650788
-0.000625950102531507
-0.000589399353056128
-0.000659030773458418
-0.000711424435437409
-0.000806765634236548
-0.000862674998953885
-0.000854723741079395
-0.000894726846716836
-0.000956353821407170
-0.00100448978212272
-0.00106841367432436
-0.00115013295182493
-0.00118941868188909
-0.00123032840122697
-0.00124809278304923
-0.00127159163782142
-0.00135086793894764
-0.00143400676455840
-0.00145572962850185
-0.00151864436151328
-0.00159034143642934
-0.00159848477548127
-0.00163064321786162
-0.00168085385992928
-0.00171035373688024
-0.00169625248432055
-0.00169080554431954
-0.00171107786359066
-0.00170663117220595
-0.00169768767592931
-0.00167029507381059
-0.00166886629578610
-0.00165442846549396
-0.00157148544964613
-0.00153703796641917
-0.00152252729216578
-0.00145407819915349
-0.00139184300926768
-0.00135584279679819
-0.00130121562768597
-0.00127372423789002
-0.00114878206467814
-0.000993757255925623
-0.000954561515034804
-0.000842078830771591
-0.000775031844761038
-0.000728997716018718
-0.000597585984663596
-0.000510158183728855
-0.000357696245798209
-0.000197124564733855
-0.000160587528313094
-9.62998212624200e-05
6.30303097961082e-05
0.000107059362216262
0.000151506044273244
0.000291539372063721
0.000372809096965661
0.000401552589864700
0.000408601404248881
0.000518026212958187
0.000538158177105643
0.000503482169969818
0.000555403427499712
0.000503307549732064
0.000506992824069958
0.000544665935244759
0.000583315059952616
0.000571917199067316
0.000513550459241761
0.000651009223068524
0.000739798872911450
0.000702526400972250
0.000730308985827293
0.000759328216356403
0.000659348547606875
0.000637442078028192
0.000732505731919799
0.000700201277459440
0.000645854826992718
0.000675961100861962
0.000712833195928528
0.000715023156944845
0.000776898279499019
0.000713793425575098
0.000587197707215328
0.000617697402381516
0.000602878465651404
0.000626590085476533
0.000721029076959248
0.000758744740520694
0.000753536805943114
0.000773838040524790
0.000818125210530827
0.000780750560307109
0.000744526066333435
0.000768640088904977
0.000780996251312214
0.000717716673551720
0.000607193311894765
0.000630002892245312
0.000669997155816962
0.000710158867065900
0.000807498977421588
0.000800126315953378
0.000822899822875911
0.000856218882469975
0.000818434155508179
0.000826807677741108
0.000896395448377021
0.000905735102844005
0.000856997644518032
0.000917394706044163
0.000988324630741353
0.000951366421891287
0.000974317749978901
0.00104227112586347
0.000996067995958647
0.000994116739202902
0.000979777675212574
0.000910220735840461
0.000925084337797450
0.000921543500404472
0.000955381382990730
0.000935006595132109
0.000887983412147246
0.000846103256396544
0.000838003753741816
0.000799241750669446
0.000679724159586339
0.000776423820622623
0.000817200190472152
0.000827431320331220
0.000815119423944264
0.000756022511282168
0.000769621530054039
0.000671939629514373
0.000666878906730766
0.000654991737442323
0.000577179361706008
0.000554723988778214
0.000440723167285952
0.000326705965629550
0.000333304722785144
0.000352948729859293
0.000362438157580769
0.000335120134641755
0.000278566792904158
0.000314218928106058
0.000311563288186605
0.000181364614838770
0.000111993318792116
7.18770143211600e-05
9.44277224576240e-06
-5.83261306006477e-05
-0.000183515255600781
-0.000245916151086476
-0.000252504126459598
-0.000307142468397359
-0.000385652546380868
-0.000465715198601941
-0.000545691593747506
-0.000548885319198007
-0.000655461610961794
-0.000781593878298850
-0.000801804172577363
-0.000933955590767113
-0.00101725262060327
-0.00112358029352464
-0.00128526707580704
-0.00139834306835908
-0.00152244065556488
-0.00161158704698124
-0.00170644204047321
-0.00181928244593223
-0.00193417232499897
-0.00204564496576992
-0.00217844341507387
-0.00229713867131039
-0.00239252499361911
-0.00249929857700252
-0.00264536130099003
-0.00276560380554798
-0.00283484578956703
-0.00298831751653509
-0.00308165433172761
-0.00310886023750030
-0.00325587216112766
-0.00336375001939103
-0.00340311673650476
-0.00348632501112846
-0.00352522064233270
-0.00354125298472908
-0.00358653639291035
-0.00356275683272415
-0.00352825906232425
-0.00351573973426710
-0.00345806373071838
-0.00347017137310161
-0.00344502120674733
-0.00333019119921687
-0.00330103785835362
-0.00324896021289732
-0.00317964599502233
-0.00306821369398321
-0.00293296395262622
-0.00282508733080341
-0.00262155181710213
-0.00250650106418135
-0.00238707498957666
-0.00216251512860936
-0.00199062730556960
-0.00180955653354147
-0.00163075865007812
-0.00144237568685561
-0.00127763475197543
-0.00108520084478467
-0.000843719748442346
-0.000663510856234986
-0.000457777571913010
-0.000252576849673112
-9.63975284985974e-05
8.95908198033446e-05
0.000335399063401800
0.000509419457226219
0.000670837786522345
0.000886058293716552
0.00105153237035777
0.00126395051722428
0.00142817786932866
0.00154973285019690
0.00176254369338004
0.00191090508399448
0.00206556089683467
0.00221349078867604
0.00234075033057316
0.00247205883218498
0.00254905541897614
0.00264426326503411
0.00271173441152584
0.00279561443270694
0.00282833646859359
0.00287260624789056
0.00295785243421861
0.00297264067829076
0.00299013608363737
0.00297083607625325
0.00302433538642717
0.00310158853788550
0.00307284363648890
0.00305305275711177
0.00299952464004392
0.00298116211979774
0.00297615432358327
0.00289573636269353
0.00285413317681787
0.00279452880155162
0.00269248376584415
0.00263343937224562
0.00256639048817220
0.00246863432437664
0.00240871694863145
0.00233286169626467
0.00221659200258856
0.00210784528531931
0.00202319805805260
0.00193877457370505
0.00180807300710299
0.00169474056664470
0.00164256541659242
0.00152589533770581
0.00141261096495171
0.00133828959267674
0.00123100058104086
0.00119726105159032
0.00113819642010824
0.000995177306683814
0.000892581170008100
0.000825474470135390
0.000744319499082451
0.000682850921661498
0.000652893078448500
0.000599011171138386
0.000500804381475319
0.000348165456987175
0.000265777409801586
0.000275642988763138
0.000207954042600136
0.000143933961044098
7.68823648797934e-05
-1.55016279209264e-05
-7.42796897404219e-05
-0.000133435389233085
-0.000200087353900926
-0.000273283750923454
-0.000344837785024623
-0.000427325750446883
-0.000485375419703402
-0.000500045072938491
-0.000529867107816031
-0.000613192076753535
-0.000638830311516117
-0.000684536292075464
-0.000774240790728200
-0.000808472122335786
-0.000881820904291430
-0.000870055166714181
-0.000831817615143322
-0.000913337732399526
-0.000925442086834636
-0.000926186338957748
-0.000937161634155146
-0.000913302611348357
-0.000955015302663043
-0.000974759790937299
-0.00100319405229605
-0.00101106586933618
-0.000992292848206873
-0.00103011987842365
-0.00107091510785757
-0.00110129933511729
-0.00107990596072710
-0.00109380953154123
-0.00108529061273110
-0.00102097604125945
-0.00107872692401209
-0.00115285599518117
-0.00111014455099721
-0.00105665158085699
-0.00104945133309336
-0.00109756347649391
-0.00108981251341469
-0.00105236997014615
-0.00110515033181557
-0.00100621434725269
-0.000853631117062221
-0.000828881466495375
-0.000753597698245301
-0.000655660126261210
-0.000622687465914140
-0.000539782412454173
-0.000492693427432656
-0.000451992942998558
-0.000315803786633069
-0.000235092063465814
-0.000122710991097179
-2.20635889792931e-05
4.71557842906378e-05
9.87170865174392e-05
0.000141122954250932
0.000283477963514898
0.000375046215003110
0.000424097497943450
0.000529730807870195
0.000678189469395818
0.000812441869082932
0.000902602860882311
0.00101309813243205
0.00111346689944789
0.00122401766083080
0.00129170351951906
0.00132100701452622
0.00143280058642937
0.00151999446391393
0.00160871420884639
0.00170110151091748
0.00175679795500848
0.00184871427708238
0.00194953418927348
0.00203553982578150
0.00212676752999727
0.00218608147348490
0.00219985103542385
0.00227584165960209
0.00229663548298753
0.00230054562673594
0.00247740652130624
0.00254092459427163
0.00252393726071077
0.00258808415226099
0.00258751858581611
0.00258893665153337
0.00266461612711225
0.00267942302730205
0.00267286474310264
0.00265366024437604
0.00256342649406530
0.00250918796779022
0.00239675147398344
0.00231148283696097
0.00231600946363830
0.00222941129757439
0.00208414779023391
0.00192916943000355
0.00176968932910215
0.00169502292273689
0.00162387758266645
0.00143541410264342
0.00127849123436951
0.00114654112952624
0.000919013724702800
0.000782609751617969
0.000643521411652639
0.000385846654019879
0.000170177396740492
5.59310729779128e-05
-8.23819459338183e-06
-0.000166508525115567
-0.000387017863311314
-0.000589581482083261
-0.000783648010611273
-0.000967364898641208
-0.00111218228798258
-0.00125537853167465
-0.00144850537555129
-0.00168307749383821
-0.00185210540568292
-0.00196342488675995
-0.00207839241280567
-0.00218861821514452
-0.00239948922747942
-0.00263158780878854
-0.00281493051211143
-0.00289279752043512
-0.00291922944639651
-0.00304343831561468
-0.00317840295321517
-0.00329666611250474
-0.00335011948194094
-0.00341244647696357
-0.00348399923861692
-0.00352197505797676
-0.00361467943868149
-0.00366345673080119
-0.00373836813336041
-0.00386353413676972
-0.00385152992972067
-0.00376575452268440
-0.00374471587262605
-0.00375936737994010
-0.00376618308997578
-0.00373826717779920
-0.00367048335316298
-0.00365373340967324
-0.00364083134806748
-0.00352355705584955
-0.00340414367505701
-0.00330323925988992
-0.00316763879754149
-0.00306195901537933
-0.00290426619726702
-0.00274395937156655
-0.00265297804449716
-0.00254915408565694
-0.00245023380782399
-0.00234543766386864
-0.00220366020285397
-0.00201433849850218
-0.00182821992841937
-0.00168351745515054
-0.00153940242504675
-0.00134440699725062
-0.00116878563329607
-0.00101468333663817
-0.000823136340416966
-0.000651700445594656
-0.000525721302356956
-0.000340290124022644
-0.000117257783682518
2.98157798971488e-05
0.000194442926619871
0.000414203708390701
0.000618789832856379
0.000811551210349606
0.000987538606357745
0.00114857054932198
0.00131334522954209
0.00148419843318823
0.00165361913585507
0.00176864975613562
0.00188772125874227
0.00201827375938725
0.00210962841330135
0.00229547154773014
0.00241888109452493
0.00247650152028423
0.00259903272872195
0.00261201126260456
0.00266179514472322
0.00268452913833793
0.00268416482214245
0.00278889912867653
0.00279211558211601
0.00279516415662547
0.00280209914824761
0.00275201208274762
0.00274391690657179
0.00274461180017257
0.00271733845387228
0.00263025557713135
0.00258176514825491
0.00254885593403090
0.00245921597370234
0.00244763063356578
0.00240780847166386
0.00230521287273925
0.00224544662604023
0.00218026613204186
0.00206653714416303
0.00191979168105121
0.00189269712780378
0.00192418105908899
0.00189398156383429
0.00182182066035374
0.00170923593645597
0.00164195204163478
0.00153385806238086
0.00143898229001970
0.00137676086528693
0.00129009704494588
0.00119059960855026
0.00106193402724020
0.00101858149007261
0.000953863748772901
0.000832558954908942
0.000736770222198917
0.000630421975063973
0.000520936931764862
0.000451088002807989
0.000350323351736925
0.000254192475658126
0.000169632897319190
4.07965920772924e-05
-3.76324475529444e-05
-0.000168885499688578
-0.000346335304601162
-0.000415613514873883
-0.000514039265523465
-0.000667553936200882
-0.000716549440257346
-0.000763647419888081
-0.000916250242995709
-0.00108972833213826
-0.00115875074064153
-0.00125068816412909
-0.00142428198475621
-0.00152242683571302
-0.00160617666369831
-0.00171710023270144
-0.00177679058280326
-0.00181277247191801
-0.00188155736876332
-0.00193163792106233
-0.00199530476550457
-0.00206889978408874
-0.00210368099739654
-0.00209379238963834
-0.00212187851592475
-0.00212968348996945
-0.00208008934845864
-0.00208597904489118
-0.00202804967115711
-0.00198732220400281
-0.00194527470652460
-0.00187768543601180
-0.00187156215224604
-0.00173736513004840
-0.00164177699517040
-0.00164627005727574
-0.00155587643852634
-0.00145256287240208
-0.00132466996769772
-0.00118931949653955
-0.00106575077350868
-0.000922073691107315
-0.000820198920993676
-0.000699200030801208
-0.000551461314169757
-0.000417483010815758
-0.000296909645392489
-0.000152022996713441
-1.10654248685194e-05
7.28281079075543e-05
0.000172866691217379
0.000318801116415415
0.000433578989496724
0.000507843567277533
0.000621294166996336
0.000717271007130087
0.000794138155558173
0.000847339651063379
0.000862521810619299
0.000874322393319140
0.000883305795567750
0.000956424909638152
0.000961574463170578
0.000934347944314631
0.000908232542239347
0.000837455584007216
0.000830919470468174
0.000740656029603386
0.000658007721952814
0.000574078064342665
0.000452761826250025
0.000378884511167588
0.000294591784795362
0.000197256610030792
2.33320859306474e-05
-0.000106496578786786
-0.000194223960277924
-0.000291453692697061
-0.000402783639065252
-0.000519591440088361
-0.000625180469493349
-0.000748159168296691
-0.000841449299720534
-0.000959292412021116
-0.00106823199549347
-0.00114466725869174
-0.00119065704774400
-0.00123897499043542
-0.00133363845785842
-0.00138601977120258
-0.00140345764562195
-0.00146660405440280
-0.00153786333120862
-0.00153244763205310
-0.00150619932406328
-0.00153786919682927
-0.00149629601453082
-0.00142960286852931
-0.00144718634060938
-0.00135851001151936
-0.00123676019172255
-0.00118785904732063
-0.00110306286608503
-0.000995847416721167
-0.000884276081180495
-0.000758079227301072
-0.000625100602297406
-0.000517346433771459
-0.000422040594384834
-0.000276524674891938
-0.000121908255765302
4.06154757047439e-05
0.000192408480139541
0.000337037305345227
0.000517595954055068
0.000713107772286996
0.000853253415236814
0.00100018229981838
0.00117315602150264
0.00130010280605639
0.00149178726853847
0.00157552442482363
0.00168556308485456
0.00186485875944300
0.00191430543432773
0.00205026024965939
0.00214461232001121
0.00216365634202653
0.00222445106559171
0.00229885266049827
0.00238218321680293
0.00238196016213372
0.00235559232446263
0.00239551935533505
0.00244487570672973
0.00248684562811448
0.00250016056278376
0.00249851403510945
0.00255745039461608
0.00255729584302458
0.00250081026506287
0.00246016035086150
0.00235610316975574
0.00235925920216971
0.00233092850418664
0.00222811590352237
0.00220971508688891
0.00210623207681401
0.00207015123837003
0.00203045738127678
0.00192312103139230
0.00186347438935087
0.00178002337520162
0.00170979616449678
0.00161580405998446
0.00145592349451761
0.00130720476127117
0.00121512331895360
0.00112843873310524
0.000979954270682555
0.000844038328951591
0.000709824145547362
0.000556213981442824
0.000454330203745847
0.000304003488039051
0.000123856248825032
-3.16193879517312e-05
-0.000177424888073436
-0.000319317763440607
-0.000463025239340147
-0.000638934506776572
-0.000806317588967183
-0.000965355146057512
-0.00117494365205777
-0.00131568632816581
-0.00145754718369108
-0.00168256429047689
-0.00183086311253494
-0.00191490443659202
-0.00204585627401178
-0.00217711549674994
-0.00228527842987807
-0.00240123626432462
-0.00251172739461978
-0.00261920323649918
-0.00266300444448513
-0.00273070131416121
-0.00285384888572180
-0.00287468407070712
-0.00292461552683212
-0.00303757263561300
-0.00304408245359634
-0.00303047462988609
-0.00302451005250393
-0.00298704895962178
-0.00293678964384529
-0.00285426356027891
-0.00284261367907209
-0.00281272462318805
-0.00272329823270720
-0.00261393992688630
-0.00253064249669654
-0.00246229437888347
-0.00229330000970988
-0.00217367496886572
-0.00208054659971818
-0.00192608313959698
-0.00180216813140474
-0.00169201006242158
-0.00151308220057880
-0.00137036176474240
-0.00127232840274806
-0.00112573561295149
-0.000966906007831225
-0.000796806845556963
-0.000639442453460406
-0.000464135513832842
-0.000308294588716480
-0.000193177471819368
-6.60598500670773e-05
5.25079947917106e-05
0.000200607490051752
0.000391046889878979
0.000583072333649533
0.000759411318695307
0.000884027966224181
0.00100334515356820
0.00114683673584619
0.00124657876277944
0.00133202283197583
0.00147397190908009
0.00156688854508523
0.00160222924779355
0.00173150035422850
0.00182728469177611
0.00186595511920906
0.00198242252554053
0.00204140753080033
0.00209322790397692
0.00219433161780529
0.00219875442283374
0.00224157861212412
0.00230819185115784
0.00231974450289748
0.00235138949753775
0.00235948219677020
0.00236625665158407
0.00236770801269905
0.00234442306525317
0.00233587800533179
0.00229924752107216
0.00221620550618198
0.00218402392084293
0.00217189409555338
0.00211644693185257
0.00210882112029168
0.00206193290996140
0.00194407419737445
0.00183819894823010
0.00174873213068700
0.00169978757937244
0.00161863125154333
0.00155388434036063
0.00151033411827065
0.00139859011264683
0.00128322756001594
0.00116194037901437
0.00104764260513882
0.000996043088265850
0.000906827389882281
0.000765277909819702
0.000652027545346527
0.000572507642001270
0.000492513326680353
0.000372551653974611
0.000332739670684745
0.000245589583671659
9.49420871178575e-05
2.58863714903157e-05
-4.79302209102173e-05
-0.000106975662638256
-0.000247310510090095
-0.000341929710516773
-0.000438091266962175
-0.000531511189774427
-0.000544479725411478
-0.000647448964344868
-0.000702014087657936
-0.000753192338999025
-0.000755757482204640
-0.000783282496043185
-0.000861539043176620
-0.000860213578232614
-0.000923718940344163
-0.000980255571464888
-0.000967035216543097
-0.000977248990622743
-0.000979732835561991
-0.000962708591358010
-0.000992074966538539
-0.000969890847710986
-0.000926577181327914
-0.000935334222002591
-0.000942151796248834
-0.000935361529309385
-0.000841811088893194
-0.000769813361195140
-0.000790389102263642
-0.000746087009653884
-0.000726158353681603
-0.000727110936359665
-0.000646259062605372
-0.000591105864846560
-0.000554795345620072
-0.000503548251578678
-0.000421130817671607
-0.000340770827840871
-0.000382900611240133
-0.000421461388785405
-0.000352035139905693
-0.000289662277715141
-0.000190433716582428
-0.000127750930696333
-0.000174864202000267
-0.000185219762817845
-8.58077958202452e-05
1.07869715224673e-05
4.05355115189199e-05
7.81835905968276e-05
0.000108278725371815
0.000163333117846318
0.000194119902238508
0.000167925042594703
0.000167898311671157
0.000179864343363267
0.000179313248902167
0.000154594792459315
0.000187090693678784
0.000194270985432186
0.000142664016581147
0.000147979731944345
0.000158675662777379
0.000182004212708324
0.000178894584342388
0.000163972696272934
0.000185621853569053
0.000176289670185321
0.000177948008265694
0.000200910561709682
0.000146254120041180
0.000141678194648440
0.000121966989561608
-3.00159870323394e-06
8.56282228151795e-05
0.000134851516510368
5.75827422896858e-05
4.41373940127576e-05
-0.000106296872258378
-0.000144275736991144
-0.000102358731875913
-0.000130547245133776
-9.05509015130867e-05
-0.000154217643958976
-0.000193493285888859
-0.000173805671093152
-0.000257726210674942
-0.000288477191879881
-0.000298749953898998
-0.000286426077257644
-0.000286903713890645
-0.000351577222860051
-0.000387782748203556
-0.000455076934178784
-0.000474939523940634
-0.000449456504783719
-0.000479631027974001
-0.000531031286414603
-0.000563868212141649
-0.000588980378393345
-0.000653027898004979
-0.000679717378799474
-0.000682488202964180
-0.000738757286513625
-0.000760392569692350
-0.000794642171502105
-0.000845143988157062
-0.000806415356243804
-0.000765367299030828
-0.000812936204500190
-0.000847753758883556
-0.000849881373843644
-0.000890169314759817
-0.000917134162499238
-0.000824156967254552
-0.000750342676575713
-0.000721918416754335
-0.000693460361861398
-0.000804605121456987
-0.000812204703912229
-0.000687738927208592
-0.000634016061261953
-0.000644704446474016
-0.000608492226509583
-0.000491124606510844
-0.000424906409469692
-0.000440025487223359
-0.000367018367724832
-0.000250669694831167
-0.000271793534804914
-0.000138080259103468
-3.35395982518172e-05
-2.13138013253200e-05
0.000165500584924594
0.000238042430385299
0.000252105067506818
0.000331705655848085
0.000400544177431117
0.000415326353406087
0.000533155341911611
0.000625013362568581
0.000624187179465079
0.000721912536862113
0.000742716904828045
0.000768815659319060
0.000806667776533363
0.000836310560113303
0.000895846622717533
0.000937462311820081
0.00101488106722245
0.00106484604360470
0.00106181308142359
0.00105625377184681
0.00106879827092070
0.00110346137567626
0.00117960384039832
0.00120571173121426
0.00117854979997080
0.00117143316033690
0.00113022063189696
0.00111423601888414
0.00114762534409722
0.00110774682280107
0.00105839840368825
0.00108733973712687
0.00107338137311961
0.000991147323099741
0.000951367129817093
0.000995999582143297
0.000938986928407548
0.000839435513100790
0.000820579634975838
0.000777839332783712
0.000712471705980544
0.000618237130369534
0.000581402617998830
0.000563139171788461
0.000477324403758050
0.000435754536091419
0.000404138593646533
0.000323594175306976
0.000239666479421068
0.000149806906994456
8.69839151610563e-05
-3.70271564115399e-05
-0.000146540518328848
-0.000197153936135841
-0.000310931002055881
-0.000385054647578933
-0.000435044095553963
-0.000510521570691793
-0.000578892576346775
-0.000647594881969269
-0.000679252503723120
-0.000753404193584828
-0.000858012967153030
-0.000915465321546236
-0.00102830933987633
-0.00105986899168201
-0.00112150797684926
-0.00125184117015159
-0.00126894946855842
-0.00131973870685499
-0.00137309652507255
-0.00144019902542723
-0.00153868175497955
-0.00165800322697294
-0.00172026907465778
-0.00174666229767894
-0.00177091402600986
-0.00180729230120996
-0.00190716218746644
-0.00188987515014141
-0.00194424067863395
-0.00205059761750810
-0.00204019680924183
-0.00206001673008451
-0.00208274497269962
-0.00208811837345984
-0.00212265601499574
-0.00215045907256922
-0.00216277492589562
-0.00213027079092811
-0.00210328993445458
-0.00204643075249805
-0.00198914983011008
-0.00200056368423063
-0.00197350120437648
-0.00188338659073167
-0.00172847623204159
-0.00168364772742194
-0.00167655003077286
-0.00158841231326665
-0.00151219466493703
-0.00138591060335745
-0.00122210446794405
-0.00110915641150788
-0.000992546226669333
-0.000834009641349169
-0.000688183696903639
-0.000515211416251709
-0.000365812568936041
-0.000225791784121183
-7.19205923015309e-05
1.21437073985753e-05
0.000167665987626284
0.000349360120742759
0.000440474635012684
0.000581472045159810
0.000775565530706741
0.000950679853177991
0.00103870935313356
0.00111546685780450
0.00127548809522523
0.00138789926228270
0.00149289162018881
0.00165036696735083
0.00176577576505554
0.00187073090629049
0.00197783072371372
0.00203289601088748
0.00207842335024864
0.00212565351916773
0.00216585220503532
0.00221657023564916
0.00226129502123527
0.00225722276656413
0.00222472519415142
0.00221408226600111
0.00217208085342051
0.00218434724924776
0.00216854547530176
0.00208637905893220
0.00199279162241169
0.00189393957928630
0.00190585476386019
0.00179210625654903
0.00170843723686325
0.00169357412012076
0.00152940856209284
0.00137162137665065
0.00123756931364269
0.00117657132236296
0.00102675769763060
0.000904297967687882
0.000913245385077701
0.000691381806971592
0.000477863053146308
0.000430487514487865
0.000305138413779176
0.000198752262314130
0.000116592010367427
9.39505965874332e-06
-5.07800551785920e-05
-0.000132393659526784
-0.000235673059622314
-0.000331580778755409
-0.000434572595968277
-0.000521842042496985
-0.000580407983169096
-0.000611101810368453
-0.000673837935935495
-0.000651726171052403
-0.000678720973008069
-0.000801654958740414
-0.000840200905002533
-0.000865422514889929
-0.000902031481167356
-0.000974637429833152
-0.000962630196932039
-0.000982192169652549
-0.00101471430553154
-0.000930569907336079
-0.000911215792519897
-0.000948976217272417
-0.000955090977807345
-0.000933409630996422
-0.000889730767232422
-0.000829105038070210
-0.000747350350036129
-0.000708436354612374
-0.000671037136753014
-0.000555591796062487
-0.000549587973743044
-0.000522726288900088
-0.000463631673794893
-0.000445349305593226
-0.000259431427404167
-0.000233927166823591
-0.000303939430137632
-0.000193101978952228
-8.09385421997888e-05
2.68699012026019e-05
4.96348501052069e-05
9.24610684302252e-05
0.000220947694793594
0.000312425266511625
0.000376004385527580
0.000449497608193639
0.000537905278219029
0.000616591642286792
0.000678186145082833
0.000687297847169788
0.000730978295491411
0.000776300708856326
0.000782297973941297
0.000833905198423679
0.000829865467649853
0.000775616311329657
0.000789953523860731
0.000819697934952330
0.000944673932660010
0.00101164969964138
0.000974452437806193
0.00104497964311733
0.00109448605668824
0.00111805188430296
0.00111416376833112
0.00111792268860818
0.00111462091336342
0.00112182611888670
0.00114054277411789
0.00105030018337771
0.00102612500459365
0.00107581609688218
0.00104691392743874
0.000995019152204648
0.000987466414023217
0.000957864212142638
0.000896545224432259
0.000860777369516086
0.000889138699324832
0.000918549443581043
0.000870786640238066
0.000795695321313303
0.000676732757282537
0.000637904814496579
0.000731291474982854
0.000661440927997106
0.000592968418568773
0.000595025735274035
0.000475301287133050
0.000389392088455978
0.000355103304464492
0.000320375842061793
0.000233410232684612
0.000229783471639067
0.000266215393316429
0.000246596254578328
0.000222666320846479
0.000118579297573334
1.96356009545084e-05
9.25243658535635e-06
5.85212933013679e-05
9.06860201225257e-05
7.39782891193741e-05
3.18595811444666e-05
6.55737149257262e-06
2.82869452969870e-05
5.61980362185111e-05
-9.54994778565421e-06
-7.30975386166222e-05
-0.000116344985172070
-0.000111699632004960
-0.000102426168236427
-0.000160380797677719
-0.000127517983646697
-0.000136832890833376
-0.000165690969156831
-0.000193541147590828
-0.000207225834926527
-0.000218302381914186
-0.000349152312857508
-0.000395890407465940
-0.000343664913403714
-0.000302230057177466
-0.000408385194378926
-0.000512802468540166
-0.000454781657359007
-0.000442089179023792
-0.000460250081474305
-0.000497084922807964
-0.000553080381642523
-0.000529111362261712
-0.000484726933575392
-0.000545635433405676
-0.000536770463027678
-0.000478621216254238
-0.000494051679576471
-0.000476752032312158
-0.000493841114075888
-0.000439625701714590
-0.000404892121394020
-0.000424042581759263
-0.000386269238246761
-0.000409740734072308
-0.000398892890867479
-0.000365554342803627
-0.000351422108207515
-0.000358702349758495
-0.000367059343631873
-0.000301609737413919
-0.000272503245015017
-0.000306471598381606
-0.000296004429097074
-0.000306814376598723
-0.000320382542092759
-0.000239996691944562
-0.000263708862434555
-0.000280779403367113
-0.000186672003336561
-9.95533600040588e-05
-3.54882695777548e-05
-7.85715421254452e-05
-3.91999622861405e-05
3.45080619867843e-05
4.82728901279472e-05
7.80695891592842e-05
0.000152196155164361
0.000284765410625809
0.000319101934016430
0.000340967941734469
0.000418493413909538
0.000423320210891340
0.000474148634407463
0.000582238138468192
0.000521253602021048
0.000564639295328853
0.000648669287474775
0.000547442604838544
0.000598288931761175
0.000679046561068901
0.000660881531220170
0.000684046255404596
0.000663731675373853
0.000654628943224509
0.000714208951308493
0.000771235539370210
0.000776234134971574
0.000770297706457512
0.000785539222060905
0.000714194071493495
0.000697457936169599
0.000736952010448491
0.000734829546859217
0.000737974518963114
0.000655087376985009
0.000621109662652586
0.000635197401858107
0.000577993813764053
0.000546862427196970
0.000495627774040202
0.000488507493159176
0.000500866029913638
0.000370214255403525
0.000276019326922068
0.000296888626163252
0.000267230609775169
0.000194095885810697
0.000205194275334719
0.000157563859822432
-1.06706953600622e-05
-0.000100656644982990
-0.000149408304088041
-0.000252501041794773
-0.000421754744605067
-0.000469358482089461
-0.000463414283441352
-0.000611881871984110
-0.000708718289802732
-0.000841140304994639
-0.000984809315815198
-0.00104034479433352
-0.00108402327282136
-0.00119240159462223
-0.00140927815826402
-0.00147171237397345
-0.00147778128355910
-0.00155111768295370
-0.00163786723150281
-0.00176538848950557
-0.00185975910310489
-0.00183976466475855
-0.00193067803544736
-0.00211762953025243
-0.00213426009808842
-0.00214019563688566
-0.00214451566411469
-0.00218109202542351
-0.00227646090658183
-0.00231217688214386
-0.00224008738402063
-0.00223017144330242
-0.00231498742528956
-0.00230048018131455
-0.00228553499058236
-0.00225980092479972
-0.00220424924784126
-0.00221810243922562
-0.00223460655442239
-0.00224251500095832
-0.00221541101390400
-0.00214057876858760
-0.00211149139392674
-0.00205726126188637
-0.00201711861891980
-0.00195736109436851
-0.00183714662593715
-0.00178182747395383
-0.00171667526012470
-0.00163234189630714
-0.00158857050859623
-0.00152981398332301
-0.00144011039047385
-0.00140347376797934
-0.00135149712130499
-0.00123649362953124
-0.00110903129446633
-0.00101118472918678
-0.000967837624191148
-0.000919685876182754
-0.000826373332698935
-0.000710700900245698
-0.000661275293885026
-0.000561088893270778
-0.000407317003704790
-0.000310395220486654
-0.000266613086925247
-0.000205775445113190
-9.37068097860205e-05
2.18141079531087e-05
7.73403923961702e-05
9.31900968274846e-05
0.000222149240332694
0.000362054559966216
0.000500868595354671
0.000602882005071743
0.000647973679488061
0.000748042835329521
0.000859484521248533
0.00100911086455621
0.00111653821521768
0.00117177425993564
0.00126314587786395
0.00141232848802333
0.00152045298102160
0.00157903453209855
0.00165492863221970
0.00173360329444773
0.00185530209915703
0.00192172530149687
0.00200140353652948
0.00204813749686135
0.00208406220764036
0.00215503580923834
0.00218426562296720
0.00228589385106226
0.00233640160665669
0.00232981851387535
0.00238584519820204
0.00239479317318338
0.00238417752776460
0.00244115875851790
0.00243021245009146
0.00240670156088029
0.00247918088702821
0.00248777880981908
0.00242763957267659
0.00238118882498469
0.00236961747374458
0.00241581976330494
0.00237137373407521
0.00228481911043392
0.00225172515868440
0.00223405233101005
0.00222569557904343
0.00220621460522864
0.00215005566746342
0.00207754672885450
0.00198319120070533
0.00186588379590489
0.00182676667755640
0.00174703757755040
0.00164145735129406
0.00159126971751199
0.00150047974819003
0.00139668947832224
0.00127058195427633
0.00119484884922782
0.00114435412259434
0.00102897082824351
0.000968353890759950
0.000917594775566428
0.000823452169203920
0.000708115047728653
0.000599630379970333
0.000508789076727401
0.000384260174514304
0.000301577732649627
0.000183448669748980
9.30647014642361e-05
5.05128895503759e-05
-8.49259312999351e-05
-0.000175416773883565
-0.000289311211615697
-0.000417314462583214
-0.000444769432176653
-0.000480578559792964
-0.000567205873268044
-0.000586673514795049
-0.000668344716684000
-0.000767397543908066
-0.000771817774414436
-0.000883231570957257
-0.000953711618470443
-0.00100175159927396
-0.00116735784137985
-0.00121521075073666
-0.00118098728868270
-0.00121765348002084
-0.00124269015276681
-0.00135295834683710
-0.00131311578692049
-0.00125634300309372
-0.00143232448042657
-0.00145896219069080
-0.00145625759768890
-0.00141959148056902
-0.00142168256581954
-0.00149934471483324
-0.00153032402431808
-0.00161389562366459
-0.00155376740403170
-0.00151984137503952
-0.00154911847552796
-0.00148631945393035
-0.00148764033309035
-0.00146323618102642
-0.00145709493269734
-0.00144675810957892
-0.00137621003760714
-0.00132878444551913
-0.00123027336594177
-0.00113795602250853
-0.00111143184331716
-0.00104903480013789
-0.000993247434620699
-0.000979948498879963
-0.000847366863318939
-0.000772710797178178
-0.000678860885691037
-0.000574754353415870
-0.000609011736252611
-0.000494426170859654
-0.000304364445252361
-0.000240030291679787
-0.000189693903198034
-8.39763413706862e-05
-6.91997353169782e-05
-8.48260036520543e-05
4.05038110945455e-05
0.000157304189152434
0.000118499219295920
0.000185854308263806
0.000279437104196631
0.000278303717722181
0.000408285433399591
0.000391344567956509
0.000280309585315628
0.000329569513701067
0.000356731802822345
0.000317988366767921
0.000314981660765952
0.000389450447429098
0.000422965201507779
0.000369410000354868
0.000335173276890366
0.000270835647956034
0.000204794228777416
0.000207055942059569
7.93392999452536e-05
3.22226414616722e-05
8.59317554968797e-05
-8.94054010157674e-05
-0.000160174468462273
-0.000133625116977960
-0.000271197527581109
-0.000298278372811431
-0.000274957037068013
-0.000359619533641187
-0.000394763026453404
-0.000487875601337642
-0.000595494840683806
-0.000540635264667309
-0.000548535046772827
-0.000557852721703362
-0.000560620820757656
-0.000633164508758917
-0.000642177995883522
-0.000647761637926827
-0.000609978038551091
-0.000617337417741393
-0.000691014522878373
-0.000647743335400684
-0.000613007706498507
-0.000641660271370057
-0.000579552061333359
-0.000553184895188252
-0.000554941136975291
-0.000459221848640272
-0.000431643466470639
-0.000435123957930941
-0.000400157101800911
-0.000399871860358338
-0.000373354960981267
-0.000323799543336136
-0.000243218163929075
-0.000267435332660186
-0.000282827828393115
-0.000168133230974901
-0.000167851555600880
-0.000174256103378365
-0.000132471603181004
-8.61494679694319e-05
-2.11874433205117e-05
-2.40065376896936e-05
5.08234097671423e-06
-3.25636278870045e-05
-7.95184555022521e-05
3.67781939608402e-06
-6.83853604008133e-06
7.61574389660958e-06
6.17922423373440e-05
3.49580859125487e-05
3.21818882361669e-05
3.25439245171033e-05
4.07507470593682e-05
3.55369767143898e-05
2.72258640814727e-05
7.94952185387210e-05
8.77673076368882e-06
-5.96920456157318e-07
6.55454375136877e-05
-1.96135699200362e-05
-2.63233541895680e-05
-1.43458484753723e-06
-3.86722085883306e-05
-3.89239778776229e-05
-3.70621221398792e-05
-2.54591487679079e-05
-3.51383973053032e-05
-7.59201242975749e-05
-0.000104750207568145
-0.000105784215938023
-0.000148603049280531
-0.000208485044940616
-0.000139064000983637
-0.000167648352123351
-0.000252810331718543
-0.000204060763359273
-0.000247511108146128
-0.000258577283788704
-0.000216419099797243
-0.000269663496584869
-0.000271886047636514
-0.000270941587289002
-0.000342463864008948
-0.000433796027369482
-0.000475426277316160
-0.000474825523821778
-0.000450734812461064
-0.000461802384897254
-0.000454601184906309
-0.000290617596150682
-0.000433778095545847
-0.000771584532878933
-0.000788612584520365
-0.000729978783793612
-0.000704001655775102
-0.000652060373306469
-0.000714481791482839
-0.000765551763891992
-0.000662550013839649
-0.000685908110355129
-0.000650720642739842
-0.000670093707220190
-0.000808245828221104
-0.000773273398026362
-0.000787756751585533
-0.000792227703514641
-0.000817468085366926
-0.000936881015445721
-0.000783204179660970
-0.000515887658231975
-0.000455522876851688
-0.000354959241130501
-0.000373569047439162
-0.000389372389081046
-0.000235315906983402
-0.000287604912163459
-0.000327268298964754
-0.000177649206559067
-0.000117944924932090
-7.06251974655459e-05
6.71576336095825e-05
0.000115007575484185
0.000100451203628609
0.000162371092744422
0.000321525996673273
0.000424583845322388
0.000446327811274188
0.000562213539042489
0.000652056245964161
0.000683176542648027
0.000803755274725972
0.000912153755634222
0.000986588551149623
0.00107897141360269
0.00116358125683348
0.00123928795185037
0.00131815388223174
0.00145947281648859
0.00153808010186509
0.00153939016354343
0.00161238934241425
0.00171744992171995
0.00179758363585393
0.00184291046631159
0.00186193139320864
0.00193185794593603
0.00203029917659507
0.00202580065293972
0.00209972627911981
0.00214497259001774
0.00214220602156303
0.00225518482598801
0.00227076836631056
0.00225277390861891
0.00229049185424344
0.00232542224858577
0.00230817319498470
0.00230780290565036
0.00232698882765220
0.00233384780596140
0.00236640394536067
0.00237592765606223
0.00232988665454400
0.00229587597268534
0.00232291690546134
0.00228393256061935
0.00228253378217062
0.00228629999116492
0.00221967038635256
0.00220131910198944
0.00213349113499447
0.00205812385281561
0.00205302264332516
0.00202337369368877
0.00197498268391584
0.00188635904045412
0.00178697651503143
0.00174378633040192
0.00171298460978107
0.00164324508005706
0.00152075651528250
0.00145961975082940
0.00138684360837033
0.00122635549102995
0.00112372859930602
0.00107481161098249
0.000992603352394497
0.000925975195463735
0.000821863285460580
0.000706218235825702
0.000632579510802032
0.000462468384588419
0.000351033430975463
0.000299676978714984
0.000138583070352496
1.61777425117293e-05
-0.000105410619366708
-0.000316621755191235
-0.000403591000576569
-0.000492048504715612
-0.000631137915211824
-0.000712747067050685
-0.000882263322831278
-0.00100237828771711
-0.00108782723047504
-0.00117940409066854
-0.00130685519400039
-0.00142183390805279
-0.00146705445787706
-0.00158947178715014
-0.00161179375228720
-0.00165839656241175
-0.00183051113182760
-0.00187461707304749
-0.00191419466533233
-0.00194481702160136
-0.00196699628432745
-0.00196421228758291
-0.00200107501390800
-0.00209198497284245
-0.00199599178533232
-0.00199331256569600
-0.00204628370676137
-0.00195088524825083
-0.00190216590374108
-0.00192339501786669
-0.00186712007136109
-0.00179515978949454
-0.00179273779022913
-0.00171854683438069
-0.00158103845977524
-0.00157591426439389
-0.00152094799199065
-0.00140326644828217
-0.00136834084661779
-0.00128874712315813
-0.00126464304634722
-0.00120340859508350
-0.00109689152581416
-0.00102703083915396
-0.000952481683459445
-0.000889351203148112
-0.000808801108814112
-0.000770465082353540
-0.000720710857525970
-0.000671512854754937
-0.000643351306595916
-0.000559304630213057
-0.000475195635460554
-0.000384188378866848
-0.000301791003471811
-0.000291629903681324
-0.000234011948690491
-0.000142094628724665
-8.75666533166708e-05
-1.67313392014012e-05
5.66843827129571e-06
4.42549338718479e-05
0.000158178318231892
0.000200545856499899
0.000202595408028321
0.000245239537293793
0.000287171023308312
0.000395969415259572
0.000482852435270855
0.000493525477530561
0.000515860706149711
0.000609249066677107
0.000647486325500655
0.000640936426954308
0.000733895566843463
0.000777946407829511
0.000788583747878375
0.000837406218688068
0.000812431909946421
0.000815777809199139
0.000925697206616505
0.000918148726796870
0.000934886596318547
0.000931836329377092
0.000949812032665189
0.00102062749879696
0.000993261582751650
0.00100643149227578
0.00101325129730078
0.00103414520140662
0.00103151965000569
0.00104306864746232
0.00106251739415068
0.00102686654690697
0.00102042701994601
0.00103384427097036
0.00101829740309844
0.000985004226355724
0.000948110080133500
0.000941812094523389
0.000963149246910149
0.000846337753357034
0.000804748258966086
0.000839528593553176
0.000786952886896835
0.000811869223714368
0.000778360420420796
0.000704256349374326
0.000684025862788431
0.000635931113088048
0.000568747850020728
0.000506733722515484
0.000467383300900224
0.000474696607470335
0.000408201523187657
0.000347485223370683
0.000336996537131000
0.000250389702062677
0.000225994263883607
0.000197335099221405
0.000110145523357659
2.43516736546923e-05
-2.03328751702969e-05
-1.88377340354862e-05
-3.72571044072600e-05
-6.34483409877618e-05
-0.000126041659164144
-0.000178280459016875
-0.000215830729171529
-0.000269172380696574
-0.000287243998490681
-0.000316172196595943
-0.000360981264768157
-0.000384553116693667
-0.000424149331497574
-0.000488784938689975
-0.000546110131238180
-0.000589588141780979
-0.000646269652658020
-0.000718227475020683
-0.000743161287600600
-0.000779698102953290
-0.000841564034909936
-0.000879458620771345
-0.000946848229082491
-0.000987689692439631
-0.00104695781993954
-0.00109036608964558
-0.00114763902216666
-0.00122305891170328
-0.00124159101670102
-0.00133296590602072
-0.00132838721895808
-0.00131032743052756
-0.00135858124595089
-0.00136888443296428
-0.00143584675888789
-0.00141222611699718
-0.00140067200225218
-0.00147274872174137
-0.00148817032598487
-0.00152851610581649
-0.00157673913200654
-0.00158516667929689
-0.00162469206209579
-0.00165535142993917
-0.00161784499612978
-0.00163982023254135
-0.00161848056933010
-0.00159442990202834
-0.00169405361169183
-0.00170913289547215
-0.00165824464724281
-0.00169567192731705
-0.00171943373507133
-0.00164839271648745
-0.00171222753219894
-0.00174515499393053
-0.00168319154294025
-0.00172956861757470
-0.00172108737419308
-0.00175062934078682
-0.00179122432725563
-0.00173512062426624
-0.00170564964630387
-0.00174069267606413
-0.00175112513119188
-0.00174353683406608
-0.00170528207281123
-0.00162200033410485
-0.00169197668761129
-0.00165688427373325
-0.00155990934932191
-0.00159033067218260
-0.00152297128766421
-0.00144589601201965
-0.00136482521602275
-0.00127409317040431
-0.00127778941280042
-0.00123983795675656
-0.00112667323126729
-0.00102526996893666
-0.000939351661873502
-0.000855995009206154
-0.000791034111186768
-0.000716169278731336
-0.000572466782880205
-0.000437222252466540
-0.000311250625836763
-0.000216262255586575
-0.000108263497817624
2.32071123660216e-05
0.000171688833144863
0.000351395797900373
0.000435933916308215
0.000600887230430898
0.000764549921467062
0.000795817104961874
0.000901029400296913
0.00107811987282145
0.00121522643509782
0.00134603500232751
0.00149973666379148
0.00158677261454923
0.00173129297643223
0.00185275402271511
0.00191004810988847
0.00205094027122811
0.00221113704484686
0.00229879273780355
0.00237313182614539
0.00249652691853271
0.00251581594631816
0.00255089459718363
0.00263820390995150
0.00268912775288392
0.00274701124227377
0.00279311251606877
0.00281917213252648
0.00280967783336841
0.00282913203551985
0.00287401765379698
0.00290281859407578
0.00289149575621224
0.00286133707795344
0.00286563461717300
0.00277743982007038
0.00269667201102386
0.00272013096785223
0.00261620646346223
0.00253106729671870
0.00250964413429983
0.00238838661535674
0.00228458010224870
0.00218441140100097
0.00204953680424303
0.00194802500532688
0.00186640226056319
0.00175498969886355
0.00157940491061076
0.00142220344111379
0.00132530125624477
0.00116959449710578
0.00103127999571541
0.000933391325278699
0.000829646234544867
0.000738446763881662
0.000600170576884338
0.000475978624382591
0.000378658126112157
0.000246846556055864
0.000145357400839465
4.66493845993909e-05
-0.000117409059908873
-0.000223496277477988
-0.000272296539523396
-0.000357884614754171
-0.000476075134647873
-0.000567711698210829
-0.000632153344631528
-0.000737569358143460
-0.000791256630034520
-0.000847042748969966
-0.000948831134711985
-0.000990535324198971
-0.00106923943223297
-0.00108787849398301
-0.00109379876202166
-0.00117680873283712
-0.00117183778867583
-0.00121229127630469
-0.00128682679481965
-0.00131316701091837
-0.00134751387342671
-0.00133606996630395
-0.00135428619427714
-0.00140797897879619
-0.00141618144248902
-0.00141448383349211
-0.00139046345461690
-0.00137472722980519
-0.00141934269152845
-0.00138773457987540
-0.00133294020993674
-0.00136098292730107
-0.00135560832857198
-0.00133848153934224
-0.00126371041620160
-0.00120646182662384
-0.00127891717867968
-0.00127441158821476
-0.00122125870971544
-0.00118600933487727
-0.00119088323592209
-0.00118835310877031
-0.00115630208282902
-0.00116113281218848
-0.00110897164157461
-0.00111028699436975
-0.00108667979676490
-0.000973172758980461
-0.000986754787956059
-0.000963563658496334
-0.000888191741812321
-0.000919111142766873
-0.000890202707840970
-0.000807309679752670
-0.000727719933131787
-0.000693765886660849
-0.000620912380820293
-0.000524594169323365
-0.000501480709888966
-0.000428242996158268
-0.000384286134468042
-0.000378136204232717
-0.000330159081730841
-0.000243029271270494
-0.000138800554884462
-0.000113367140164549
-5.34058815519955e-05
3.35997831347967e-05
6.34893601627695e-05
0.000135661481240170
0.000201721531340233
0.000269502560601573
0.000319612061370123
0.000374279551428334
0.000458631017813325
0.000525220172662859
0.000614494455797985
0.000648239941359670
0.000651404738572570
0.000771164776404030
0.000846182148269996
0.000811400632287729
0.000845947774691904
0.000933418806570128
0.000971745201430645
0.000971847276386235
0.00104919947733491
0.00107923322588984
0.00107154104009161
0.00114614855550634
0.00119184165867449
0.00124593472954561
0.00128740000835015
0.00126772830595775
0.00127340162712108
0.00128693436509129
0.00125614964616713
0.00128452877669917
0.00135673557090549
0.00133721388085440
0.00128778462257732
0.00132871609294749
0.00131491193654948
0.00123196880183682
0.00121529244321255
0.00115606787412771
0.00119806755320428
0.00117533514545889
0.00103027642149796
0.000999576429163689
0.000891987943397581
0.000785904555180856
0.000704705949948927
0.000655861916536935
0.000577868042668808
0.000489289632551717
0.000500554634742709
0.000370895744018540
0.000336307611475064
0.000284508016396963
9.17492938281939e-05
4.75407133374262e-05
-8.50134339043862e-05
-0.000167349905532177
-0.000266079857481536
-0.000437861915460154
-0.000408037577272928
-0.000496001988917669
-0.000645036759711779
-0.000704492457659924
-0.000827037226632328
-0.000882612480390570
-0.000875728760778678
-0.000989750899224760
-0.00108242127507378
-0.00107884945812192
-0.00118793765455337
-0.00123833394671497
-0.00117286974809062
-0.00121452887641059
-0.00127802873536449
-0.00128546453221073
-0.00133059611077741
-0.00132370839285851
-0.00130797245629552
-0.00136262920553946
-0.00136658274105788
-0.00140683330846272
-0.00141275050864767
-0.00133270215984776
-0.00131715579453246
-0.00133116216283209
-0.00129395157350658
-0.00128789674769052
-0.00126764148715349
-0.00119361283385171
-0.00117302631623659
-0.00113324155869005
-0.00107034911752915
-0.00104338683855961
-0.00100766334598674
-0.000916999704505237
-0.000882745725036393
-0.000920773972184321
-0.000913647073551900
-0.000918428902895272
-0.000846159603164978
-0.000794447304688468
-0.000801373322852044
-0.000700749825720024
-0.000700448681750032
-0.000701109651722405
-0.000602326320134026
-0.000591015255414202
-0.000589220188707085
-0.000504945631735314
-0.000473075622678447
-0.000574467600522066
-0.000525428800612993
-0.000407849515945422
-0.000402609855351379
-0.000333222466517062
-0.000313871241877433
-0.000247389571533194
-0.000128471259738832
-0.000131639809525232
-0.000101297660701130
-8.77600329574513e-06
2.68910368342712e-05
9.60893289194109e-05
0.000214258429989300
0.000222636281459785
0.000272698460229588
0.000351694559801592
0.000365776140629697
0.000394424920875220
0.000452863619468875
0.000466370029571124
0.000505014299133286
0.000568161318400024
0.000636028291056281
0.000697479864358774
0.000685667618874364
0.000797631332611566
0.000826198034915979
0.000772133615353656
0.000843107261198890
0.000877156760717153
0.000842407210711862
0.000912625078157809
0.000974763282776046
0.000915623995044967
0.000921763732601910
0.000948972497981249
0.000933669760793840
0.000924311471833299
0.000880335779949419
0.000928493080789679
0.00101527537287744
0.000947898063667765
0.000933674098101598
0.000889789268035557
0.000792593128114767
0.000798058104219912
0.000776557708196854
0.000680719990188017
0.000673646173206635
0.000730657175269442
0.000701525749695548
0.000592498757437845
0.000548723558142257
0.000569000271850833
0.000466113347189499
0.000397442530424819
0.000379732170628913
0.000370462136830021
0.000361563660581048
0.000309832807559651
0.000310907191597956
0.000267299760541739
0.000235808462390743
0.000249496716155946
0.000164926123228213
6.96148608569658e-05
9.98087861030683e-05
8.66459355013305e-05
2.01737651433831e-06
-4.19494401488407e-05
-2.78152746573213e-05
2.82089328063506e-05
-9.68505568849308e-06
-2.45938154568393e-05
-2.19623748339615e-06
-4.68076164870013e-05
-6.30486368459415e-05
-1.46820285145565e-06
1.04181192738650e-05
3.33030829260395e-06
1.67381868853766e-05
-3.72445170782497e-06
2.12674777690935e-05
5.04678687537208e-05
5.82294363136526e-05
2.13961469214041e-05
3.55554622109722e-05
4.95597912181367e-05
9.19501503933163e-06
4.63987949040501e-05
7.48656354632260e-05
0.000107471310104721
0.000122412256702855
0.000142573797531611
0.000135952889498174
0.000127122696604580
0.000186305919882219
0.000149730506380319
0.000118414083399383
0.000106341398833827
8.62740393405481e-05
0.000110439606355914
9.64704023795626e-05
8.65214528744218e-05
7.89149556143620e-05
5.22796075498278e-05
2.59439145029283e-05
-1.59909690799864e-05
-2.54916772435721e-06
-1.79415264429039e-05
-5.91882032194491e-05
-4.59714911814402e-05
-0.000146951772636097
-0.000252869662803867
-0.000280985425956910
-0.000347177390911160
-0.000366179640165516
-0.000418326002748568
-0.000474321196238527
-0.000431392917965354
-0.000483833115440380
-0.000618500034281944
-0.000622580970541069
-0.000617688371925631
-0.000705937880790533
-0.000753163948422841
-0.000739504690774719
-0.000738221464163082
-0.000768736296805610
-0.000751071397186749
-0.000774704489631475
-0.000830857095171673
-0.000813045469904967
-0.000774396368237120
-0.000769267538381477
-0.000756277273700583
-0.000699482222310977
-0.000666777853042966
-0.000653353475821490
-0.000645227593400026
-0.000541965280119214
-0.000465496764673130
-0.000461365428065133
-0.000353646471944238
-0.000285409688402361
-0.000275479095575761
-0.000242224881175233
-0.000125156311124854
-7.39026630696316e-05
-9.72449292936872e-05
-1.87017628697461e-05
5.15133252172717e-05
5.93482598359430e-05
0.000151804725332134
0.000249532547351699
0.000251262615901879
0.000315428188379023
0.000297638860674176
0.000304292522166669
0.000346716106771474
0.000328254916805726
0.000369887168346814
0.000391370663372221
0.000443027507766125
0.000439564134830128
0.000446038943036768
0.000517669603797089
0.000479033908631656
0.000490120071980904
0.000489818901365275
0.000427515758987980
0.000447602855055642
0.000496525022520622
0.000498623270517911
0.000474511062182188
0.000523653374080446
0.000544643229819286
0.000548027475756676
0.000524727902213371
0.000569338182103820
0.000610244250568748
0.000526029761416247
0.000550127077912457
0.000614643674725777
0.000608161528054225
0.000585982777856025
0.000622938430259445
0.000643722115085374
0.000645280185852677
0.000683559762838399
0.000738039219780369
0.000720602527099636
0.000738008660487992
0.000805053134875990
0.000796286640149155
0.000806683309910135
0.000792475980734615
0.000837485970731535
0.000863361002517724
0.000818622928131845
0.000849962013104371
0.000853585816189852
0.000802396100398362
0.000768161546029287
0.000759617561459685
0.000769973436546163
0.000754103224821492
0.000720962162817163
0.000709849191882235
0.000614980565393761
0.000524007903711556
0.000560115082049126
0.000541704058452872
0.000511986447492259
0.000493962078511610
0.000368470568992407
0.000372556858627666
0.000378102209351638
0.000253578018716727
0.000200433513338267
0.000140892744215748
0.000101375290317145
0.000110273793493757
9.28607005378490e-05
4.05938908371451e-05
-2.92601346553578e-05
-5.31770612097571e-05
-5.06426934952930e-05
-7.51927880361292e-05
-0.000124437470042507
-0.000202349857973392
-0.000207550764695199
-0.000266768983451442
-0.000268362193356726
-0.000236627668718006
-0.000369392995197320
-0.000359421974912824
-0.000417985310446998
-0.000440174265600861
-0.000392428496792272
-0.000490701391159298
-0.000516393474706991
-0.000502023992928624
-0.000510878984047967
-0.000612140098352416
-0.000680724430380231
-0.000654340083882694
-0.000678563483022465
-0.000713732580335904
-0.000696195775434756
-0.000709327078352331
-0.000720856503600285
-0.000757152579210452
-0.000788714079270605
-0.000756418209452026
-0.000765162168808597
-0.000792610265337555
-0.000823277767711090
-0.000792763352821844
-0.000751700503622761
-0.000736675939895495
-0.000724449970328021
-0.000747099532673179
-0.000761630987688449
-0.000767089134449268
-0.000770308746995170
-0.000718872484856110
-0.000655810640002930
-0.000642513692245590
-0.000569735011148076
-0.000503835532825061
-0.000499407505986476
-0.000456866612178679
-0.000415479050780743
-0.000368818264423751
-0.000356676342460744
-0.000347838363821786
-0.000291378658122206
-0.000304168228768820
-0.000249328424594495
-0.000153569556857409
-0.000174328978104974
-0.000201555846789550
-0.000142814226346584
-8.62661799412834e-05
-9.78513883405263e-05
-7.12816522214954e-05
-3.35936745253029e-05
-2.24316012285808e-05
-1.08508727051593e-05
1.45449545525090e-06
2.73264705823539e-05
-1.16904094716030e-05
-4.55231799486899e-05
-1.80329362503073e-05
-2.60022801168525e-05
-3.70670771666148e-05
-6.29944397565829e-05
-7.29321451317766e-05
-0.000109286598141782
-0.000117991008583545
-8.90056747998891e-05
-9.03622020141093e-05
-0.000115353021856528
-0.000179016712225692
-0.000178005337932365
-0.000194130995086841
-0.000180364626163190
-0.000190493240347589
-0.000230866143116550
-0.000180647083517940
-0.000148866357855688
-0.000140682195608139
-0.000165438894786014
-0.000178954807374723
-0.000166810215142998
-0.000197364887000688
-0.000216454755447195
-0.000127417667483183
-6.48548203616173e-05
-9.18707950298092e-05
-5.83623013700318e-05
-6.34965132846688e-05
-0.000125325706359849
-9.64036928778356e-05
-5.02968544239657e-05
-5.01298044020260e-05
-1.47653979887785e-05
2.25758392379749e-05
-1.86235040055127e-05
1.06668771359608e-05
9.75896168989721e-05
9.37803078687516e-05
0.000125604528807042
0.000125870755037336
0.000107552173835270
0.000174852873744522
0.000157205136960143
0.000167038970466606
0.000222458663424967
0.000186173303643522
0.000168756011250619
0.000192371484894269
0.000173532219015904
0.000183127863726815
0.000232087151523732
0.000190137956082452
0.000190077448321375
0.000249563591352837
0.000241028167898154
0.000266335745763415
0.000283292307950616
0.000279862097147676
0.000344853244686663
0.000353890965930370
0.000333602737976060
0.000378536789277950
0.000375593260940859
0.000381429862633658
0.000462905351947871
0.000449650512663933
0.000457384617118466
0.000546039899441224
0.000507635963270410
0.000488991222165369
0.000597110355016861
0.000626299468290830
0.000645211038815425
0.000730648857119753
0.000784246514113365
0.000804392869093924
0.000795031435216291
0.000808083559181432
0.000834383179632363
0.000907766188950880
0.000967945327121269
0.000951227730539497
0.00100482352715209
0.00102352694340949
0.00100003278806279
0.00100215692842494
0.00101649572913097
0.00109030626791905
0.00111025844476704
0.00113157791845830
0.00112653160485007
0.00108971691541278
0.00111229765482795
0.00113141951464002
0.00114106758931353
0.00111952529073847
0.00106163661957920
0.00105606269948883
0.00104900462359755
0.00107057472376638
0.00111679883598951
0.00106103074121517
0.00106876188515937
0.00104026963962546
0.000969893163896138
0.000942528023633002
0.000879013162553122
0.000871023861592661
0.000870149351708065
0.000850582318506170
0.000758931374088974
0.000683540259282936
0.000652551706846509
0.000575646836234469
0.000544178493047198
0.000499987640569231
0.000420112043078191
0.000343296128613204
0.000301974929854865
0.000197416985254151
4.78852643171734e-05
1.70369151492622e-05
-6.31031109737990e-05
-0.000193214439500622
-0.000271917155557873
-0.000374972825392064
-0.000445846603917488
-0.000503142216672785
-0.000607000523275332
-0.000704858319469963
-0.000785858226320357
-0.000799618487788223
-0.000861031511104642
-0.00100521147508090
-0.00105811344523772
-0.00110696751974757
-0.00117964238123065
-0.00124481512029448
-0.00129017948273628
-0.00136416178450702
-0.00143155534725622
-0.00144581228544880
-0.00150868498513674
-0.00154154031634107
-0.00161623766008418
-0.00165851786637788
-0.00160872286666688
-0.00163705746157859
-0.00168014163555583
-0.00170569435178308
-0.00168863876847453
-0.00165986217713481
-0.00166205780167758
-0.00165484821787970
-0.00163012102908738
-0.00162918846245219
-0.00161124313027258
-0.00155748087594461
-0.00155232671983228
-0.00152221725869396
-0.00142848701842354
-0.00140432597314330
-0.00137120184425413
-0.00129964301147595
-0.00127120588606502
-0.00118387961226503
-0.00113907916195601
-0.00111155391172829
-0.00104226383506614
-0.000991051156171494
-0.000938520899932769
-0.000936438029365547
-0.000881387245006522
-0.000791550930087510
-0.000753603795095614
-0.000694449581364154
-0.000655345637860307
-0.000649262559367969
-0.000589188047069911
-0.000520994608714318
-0.000546974227058001
-0.000491015963654178
-0.000424082676534425
-0.000414504491637189
-0.000363815269022467
-0.000358939951547796
-0.000337857635230705
-0.000341214657785116
-0.000326633875431384
-0.000289446966488356
-0.000274208574115846
-0.000256320224243183
-0.000281481715927612
-0.000252450932526074
-0.000164919574139901
-0.000144284368168428
-0.000191411229737497
-0.000157826279096298
-0.000142880750767631
-0.000143530184466272
-5.87666684798194e-05
-4.85454522019779e-05
-3.86173915381960e-05
-3.17577965400773e-05
-2.16524351883152e-05
1.28071034192345e-05
-3.87812688202871e-06
4.24142322705023e-05
5.52764148320506e-05
9.82336440081611e-06
6.30836961824599e-05
7.58547408665322e-05
6.29244547237562e-05
0.000122795503770945
0.000196759649856588
0.000255301382292288
0.000253163042534155
0.000249447060257779
0.000272173439163055
0.000316259402911214
0.000299557090883980
0.000276164760167390
0.000382433438965606
0.000417441518903416
0.000426232742319499
0.000495615445285580
0.000498749101704164
0.000532700869899614
0.000536309615204758
0.000578978948024016
0.000672805137751134
0.000637968958427564
0.000627485725913246
0.000666420198583246
0.000741021162973254
0.000779351375871791
0.000738975222025680
0.000742184009688103
0.000725275083445105
0.000722632449785685
0.000754340964179896
0.000749303914034378
0.000741029056644393
0.000742286660304838
0.000724819873780476
0.000688621802639613
0.000691300011925780
0.000657840993828298
0.000616918362778058
0.000615653052533762
0.000603204848713403
0.000614619350240737
0.000582079045275190
0.000541775540078611
0.000505390851408993
0.000454115484693887
0.000359580471747165
0.000302260418887919
0.000329108009264498
0.000254752759696206
0.000204932184884576
0.000204171300303155
0.000180982890363914
0.000169894828242363
0.000121634891321687
0.000108994199005554
9.63987905574015e-05
6.68075595680229e-05
5.14026840443016e-05
1.86891652024279e-05
-2.01622139148228e-05
1.39558566363718e-05
3.41047805865813e-05
-5.42792658730029e-05
-6.93922493848298e-05
-6.40922247846909e-05
-7.82767939836226e-05
-4.21284876950079e-05
-2.55952606860888e-05
-3.55146365783732e-05
-2.86622854912100e-05
-2.40319231261132e-05
6.26368201211314e-06
3.46632862786045e-05
3.83861636607019e-05
9.13386294938601e-05
5.77714440498145e-05
3.57434930755574e-05
0.000121453586001570
0.000135857214298438
0.000161193915632225
0.000165846416060882
0.000158657858867990
0.000188413581171130
0.000177363212176251
0.000179123927063403
0.000213196910749920
0.000225575194564405
0.000230271898031349
0.000249012093804275
0.000242199699340855
0.000228193348681192
0.000221031841368706
0.000227503484067739
0.000200524725742355
0.000197373761186714
0.000211481572833900
0.000180872245558330
0.000185350042495047
0.000171598823500494
0.000113157854662402
0.000123555914745586
8.69046317735656e-05
-2.11392156787226e-06
2.38946336785340e-06
-4.00943206836946e-05
-6.01856548876478e-05
-7.92173447057998e-05
-0.000110651353457496
-0.000112144925574906
-0.000181119035967861
-0.000162724659221865
-0.000196994601102589
-0.000266768031728200
-0.000260295087068490
-0.000288374904719737
-0.000310516393610247
-0.000336221345941522
-0.000374173859587053
-0.000383104771334640
-0.000364525644328322
-0.000358882865447605
-0.000356125433055410
-0.000390167971152309
-0.000455811457189070
-0.000468179690559838
-0.000417694862176981
-0.000415696083156290
-0.000436389488999618
-0.000444223665317809
-0.000471753264207031
-0.000426782236865364
-0.000365913959975526
-0.000369849488144141
-0.000395217067142131
-0.000384203929132276
-0.000348030536536808
-0.000316895770223749
-0.000288596814646294
-0.000207937892534691
-0.000148774219233090
-0.000119664312365924
-4.35452632204480e-05
-3.81944867301343e-05
-9.47445781623201e-06
3.27000440085712e-05
8.47241183805458e-05
0.000139082941332358
0.000160205839201524
0.000231519122937520
0.000235950998747683
0.000270135230463637
0.000320800532465562
0.000320515285037448
0.000388340881167881
0.000439985335662421
0.000458418442967883
0.000465090655222014
0.000449559095952203
0.000482178886851905
0.000492627978859748
0.000519669118296004
0.000590132010541495
0.000559805353895033
0.000571011695461650
0.000621361438052581
0.000617781452391446
0.000616088132166679
0.000591733441634332
0.000613859841037057
0.000622317212082741
0.000599356944912302
0.000587562233396701
0.000567300506664559
0.000528474089564694
0.000512282882582680
0.000548343856400631
0.000560423780266608
0.000571236297949032
0.000547193621665967
0.000515072860753478
0.000537516599712511
0.000507228383166849
0.000478511295769950
0.000512792691482131
0.000480506253513915
0.000443779899601200
0.000413301999767561
0.000399988569713873
0.000459027685555493
0.000442716772668454
0.000427262380719249
0.000454017381691010
0.000413878187059717
0.000360360786608447
0.000363219226965761
0.000368763382831032
0.000348046180227577
0.000329130931486565
0.000289384697875947
0.000264733174078309
0.000259871362428976
0.000248069856364825
0.000215271202367795
0.000222150920320452
0.000211032917761216
0.000198255555395033
0.000183045400089998
0.000120504391399372
0.000102385559093907
7.88676170364866e-05
9.26696020149542e-05
9.05554995601676e-05
5.48746315295823e-05
1.03023894053145e-05
-3.59226110057875e-05
-6.85794965206554e-05
-0.000105147330156079
-9.58986601357381e-05
-0.000115381415637614
-0.000180884290259016
-0.000225712077313318
-0.000263767002487008
-0.000273687747046907
-0.000271882110402011
-0.000318686171964799
-0.000356103425376872
-0.000400562557873947
-0.000417698860203437
-0.000461504027061004
-0.000508672042780773
-0.000526883232496509
-0.000593099305569460
-0.000581141218937766
-0.000619043144709686
-0.000679437081662044
-0.000721746455753518
-0.000769891539023675
-0.000825463623683405
-0.000858516409420105
-0.000848440152274179
-0.000965125760803005
-0.000994657788226689
-0.000998765676248894
-0.00108712217193030
-0.00110862026232979
-0.00108151629569633
-0.00110932435490874
-0.00116338235354611
-0.00116905397586756
-0.00124748354410393
-0.00129665431691429
-0.00131601699485714
-0.00132474437537525
-0.00128102469736177
-0.00126529962776850
-0.00127908531340431
-0.00133805432448071
-0.00132245088490549
-0.00134464542015230
-0.00140172819161556
-0.00134108966279221
-0.00133328670850968
-0.00134434510711564
-0.00130285077972435
-0.00130154554990412
-0.00127629391846202
-0.00118657510400713
-0.00118801045553550
-0.00123419909386367
-0.00114869058855053
-0.00102613977338102
-0.00100639703362095
-0.000972081655018720
-0.000886275627306752
-0.000870281465451157
-0.000833944070914647
-0.000741929668070140
-0.000675748241325449
-0.000587929297374812
-0.000523478422741306
-0.000483672304437448
-0.000354155617410949
-0.000268973739281737
-0.000274088084925923
-0.000193424317478339
-0.000105844217812994
-6.16272934499840e-05
-1.00544410851633e-05
9.36270454238829e-06
7.28467283549072e-05
0.000224180391787208
0.000292094474454134
0.000308547412681661
0.000370068220881961
0.000426497501272372
0.000467625390055213
0.000507736958594336
0.000598476936347847
0.000643987713247753
0.000668783756380087
0.000733644909148872
0.000801317536985948
0.000840217221586830
0.000901938143561232
0.000976959893429026
0.000978865430320504
0.00103829236038983
0.00109641220686381
0.00109338735842570
0.00112554405554622
0.00119271993549123
0.00122725387013922
0.00123362990759798
0.00125366895672805
0.00123831126529758
0.00125404082357104
0.00133279921650011
0.00139708116919966
0.00137302252015697
0.00132402698919574
0.00131919593615763
0.00133833179204103
0.00136879967765559
0.00134782926452633
0.00132565939872965
0.00128388814743083
0.00123863569221825
0.00124296900174876
0.00117764921262420
0.00116023240335657
0.00114515483365267
0.00102371852947101
0.000997747229360755
0.00100586852494253
0.000930449052681866
0.000882985061607684
0.000797750086619331
0.000725637043697063
0.000723568316461609
0.000634874224335604
0.000569738754934903
0.000498052600931800
0.000390888139140344
0.000351697856654951
0.000288961764968398
0.000200414970823424
0.000135957805241702
7.30382586651146e-05
-1.06615349929484e-05
-8.31688794081487e-05
-9.00314892838949e-05
-0.000156158566658284
-0.000237191770500331
-0.000258752366050636
-0.000294213191714441
-0.000336602732526110
-0.000381712940999535
-0.000403714878306651
-0.000434133633192602
-0.000499237945101463
-0.000519149872068638
-0.000562195853383152
-0.000619788493752544
-0.000591595779774892
-0.000608872666291624
-0.000603208469173637
-0.000631853545261194
-0.000678327360377935
-0.000631296775268844
-0.000652930210753908
-0.000655855439216708
-0.000657423565900288
-0.000685874113614844
-0.000629018452928563
-0.000622416647439721
-0.000609540489424632
-0.000544355325671759
-0.000563857159854706
-0.000581529044867537
-0.000559822432118153
-0.000508028517273686
-0.000486729695784973
-0.000456473823606061
-0.000412924683766036
-0.000428855790228013
-0.000395063262329884
-0.000366752577543039
-0.000353621573019254
-0.000303675535357186
-0.000260533190128243
-0.000220527536917245
-0.000191059254883257
-0.000170944704285461
-0.000167147806872237
-0.000135429897444581
-5.41072419100885e-05
-6.41570364007293e-05
-7.95449489722699e-05
-2.40220362729104e-05
9.50390563097869e-06
6.44520079121946e-05
0.000123093760304300
0.000166256456548837
0.000211104715893100
0.000243169523529332
0.000235948239411670
0.000277937065915452
0.000330339005154912
0.000327560572782843
0.000385083895405529
0.000434290365037384
0.000508196021659373
0.000554434004180138
0.000555807704963911
0.000597003057495513
0.000631058580812791
0.000667218352831753
0.000683930957754129
0.000729504809890642
0.000760539797392497
0.000755134524155281
0.000753923935195928
0.000795780823432821
0.000861208221188150
0.000864521930200155
0.000881737477113305
0.000859227723668425
0.000809607326433976
0.000817275760897616
0.000828767092458094
0.000866249793346654
0.000816841974287073
0.000816388369130223
0.000862721831599629
0.000807448729001337
0.000818421131521205
0.000801983817650864
0.000792658890840272
0.000783604536526497
0.000750320209094610
0.000736067048501852
0.000725864478562812
0.000739817621878558
0.000660879900649789
0.000618580103627338
0.000604953825228520
0.000572035328561995
0.000529099904633981
0.000473656125343993
0.000477754864274331
0.000423194400917950
0.000387987747591083
0.000389629874754007
0.000302865053509898
0.000240064622279235
0.000219315503503204
0.000172994537778628
0.000146159571556765
9.40221443006450e-05
4.93841444195553e-05
2.37209856525311e-05
-5.51898002116502e-05
-9.39840504060285e-05
-0.000108841368264869
-0.000135761100742755
-0.000212028511463451
-0.000267161288075357
-0.000250808003774736
-0.000269009951600676
-0.000303940593694136
-0.000361880307452722
-0.000381628907024005
-0.000412449352909867
-0.000429782914591730
-0.000417465898241796
-0.000416887025674022
-0.000403034280353971
-0.000411750209718358
-0.000391080053621309
-0.000446102513481019
-0.000489424888572314
-0.000434456330158959
-0.000387408319443558
-0.000361278175593194
-0.000336809170670005
-0.000330131203649167
-0.000327263604883186
-0.000261604822675086
-0.000243077364670317
-0.000228402534469705
-0.000175781236908845
-0.000145048011286946
-7.64345404775746e-05
-4.42059338064738e-05
-7.57564015880874e-05
-4.71752791266677e-05
-3.65174111411015e-06
2.91298613670498e-06
4.43225095918631e-05
4.79368194957974e-05
7.93678485377036e-05
0.000184254519636005
0.000173092269902044
0.000135132830338933
0.000178788631961631
0.000170498417699410
0.000142023989119813
0.000152302895598049
0.000148180646969691
0.000102249834153018
2.02124028190465e-05
6.84828601888221e-05
7.15001276054439e-05
-6.69359665206626e-05
-8.34864858838347e-05
-6.90712842742114e-05
-9.69760469165859e-05
-0.000152377411400395
-0.000235912258529112
-0.000279138246399846
-0.000305539085575601
-0.000332538450000701
-0.000331147580068603
-0.000388262938072046
-0.000479533860614563
-0.000537929145692715
-0.000604215328253837
-0.000632590344512440
-0.000653220296275219
-0.000708756337768310
-0.000789152878044099
-0.000853953096046105
-0.000865454643395580
-0.000905611389183623
-0.000960458634507351
-0.000999561375884177
-0.00102395530775365
-0.00100925321115096
-0.00102020256236070
-0.00102657473314080
-0.00103298369628066
-0.00104050734888755
-0.000973564192374070
-0.000949519622988788
-0.00102327692000589
-0.00104538700850192
-0.00101153207266464
-0.000980614628066796
-0.000964077519547537
-0.000981992004970174
-0.000978622635941839
-0.000954571455397932
-0.000896485512430729
-0.000847721617518680
-0.000855534918131262
-0.000829010185411203
-0.000803569984563310
-0.000725248761343167
-0.000690534641969940
-0.000687295834777455
-0.000582842692978591
-0.000582887974161945
-0.000573682413909378
-0.000520500225677747
-0.000461884751497870
-0.000402431230727203
-0.000318422328188799
-0.000235564992343722
-0.000225374049698406
-0.000109921164292608
-2.40511948631372e-05
3.01510886670009e-05
0.000117147407407465
0.000167440098263416
0.000276238772097646
0.000362940695274494
0.000389158947863724
0.000460250722150732
0.000538720921291489
0.000614207708602654
0.000707539113245339
0.000789807975317585
0.000855061751001385
0.000910322179058740
0.000995885291329524
0.00105957300721276
0.00108075919560092
0.00115078170844215
0.00123737286324167
0.00131452214046007
0.00134621467161030
0.00136705725914078
0.00143507026030646
0.00150260577797298
0.00154791464642623
0.00157630228052088
0.00166689673771279
0.00168425162500379
0.00170524200556827
0.00177442134419567
0.00177554349222558
0.00183826003599647
0.00187751343197568
0.00190636960151287
0.00188182483233858
0.00189721867968237
0.00196981617481320
0.00191312033030297
0.00190968201351986
0.00190475100985072
0.00188839035130395
0.00187327425942067
0.00181302759764453
0.00177738122760758
0.00170330985175495
0.00168283482923050
0.00165164772924048
0.00159025645282425
0.00151162765443159
0.00137378850277715
0.00131154012265100
0.00125168005215842
0.00118179636730773
0.00106438752179969
0.000909220475011985
0.000803883511227106
0.000620434621882247
0.000472552401621726
0.000468040761068380
0.000416081451303825
0.000213077607782637
7.08411798325415e-05
-2.62465667976386e-05
-0.000184911785060464
-0.000322309075481329
-0.000461220349079738
-0.000582564251572961
-0.000738353086824475
-0.000837496395048305
-0.000959913191488795
-0.00110369827188009
-0.00119829331736725
-0.00132528990179466
-0.00138764756859132
-0.00152972643178785
-0.00171389344223059
-0.00179478350896602
-0.00190901541434187
-0.00197682036681670
-0.00206091693520222
-0.00216223328742046
-0.00214177806555000
-0.00221693259286866
-0.00231216680895287
-0.00236217543771161
-0.00242711949461238
-0.00237516346125105
-0.00237638112818559
-0.00240700378647361
-0.00232357795793547
-0.00234608314792098
-0.00238236801380054
-0.00233056650326802
-0.00231841094454921
-0.00225816032299875
-0.00220401923689693
-0.00223656929462877
-0.00217066396314522
-0.00205764243470938
-0.00193565039877271
-0.00182027816917085
-0.00174483784561659
-0.00170034147483690
-0.00164570133619193
-0.00149800903871338
-0.00137057796027605
-0.00126345605560942
-0.00120220943914305
-0.00105364714672831
-0.000890403786020073
-0.000816078923348727
-0.000618370109586977
-0.000491477196199242
-0.000407587064558754
-0.000250613860672644
-0.000134393107803277
-1.49413951746168e-06
0.000153595324777314
0.000354718017390923
0.000510540308117982
0.000621581758969256
0.000729292698557487
0.000844719812363906
0.000977587493711809
0.00106041811609472
0.00125726215572527
0.00142555136930724
0.00147773630757911
0.00157442430592965
0.00167270675823872
0.00174307365758494
0.00181289786912316
0.00191797384186046
0.00202077019004491
0.00206111578448940
0.00211805271111722
0.00216635869092038
0.00218433672089624
0.00228021020371720
0.00231144408390222
0.00231439482870584
0.00231365901772612
0.00230345918880779
0.00228974158366441
0.00227140292607331
0.00227766409689735
0.00222699211004155
0.00220400891954824
0.00211301911581458
0.00205360014868134
0.00198538835229556
0.00185302400767981
0.00178582100692395
0.00167127060356592
0.00155128846840270
0.00146734825318404
0.00136670889800428
0.00125589910128127
0.00114349874072403
0.00100533470423173
0.000887214166890402
0.000740992263875881
0.000621185093497303
0.000506550729392359
0.000262614052986265
0.000123218580067430
2.55456968403678e-05
-0.000111411509676458
-0.000191183668792405
-0.000342296021882049
-0.000529812496898927
-0.000702607676738864
-0.000829793059890420
-0.000971550801497898
-0.00111487874622441
-0.00122255743121997
-0.00135498002903788
-0.00148593198214613
-0.00167147114565665
-0.00184816849819370
-0.00195865253775239
-0.00209854761771780
-0.00222844136119008
-0.00235387091040622
-0.00248782098232027
-0.00254973699175991
-0.00263338573899318
-0.00278365185932813
-0.00293659007919558
-0.00302131843214255
-0.00302807313673299
-0.00312375516467512
-0.00320376448670828
-0.00323917287612687
-0.00330060639235001
-0.00324138665651901
-0.00328330577148705
-0.00337295296538173
-0.00334488637960504
-0.00339538598783435
-0.00341451172339788
-0.00335903892681841
-0.00330699910926313
-0.00326428075233792
-0.00319830086076536
-0.00317726865034672
-0.00315749591784567
-0.00301203607320488
-0.00294203632664349
-0.00283783342683790
-0.00262390543761697
-0.00253656870691103
-0.00242192629591855
-0.00223617684743417
-0.00215119825377997
-0.00197660623041756
-0.00182275785367310
-0.00169734187513143
-0.00148239682179238
-0.00134058382223174
-0.00117144125890846
-0.000983014993921500
-0.000795954452324708
-0.000668520628883940
-0.000518735187892645
-0.000300689463587887
-0.000168376111263768
-4.34641835091298e-05
0.000137028198178726
0.000316857305975518
0.000406332751727803
0.000505090521670155
0.000634596452422009
0.000729072405368711
0.000872780303008653
0.000959985579732372
0.00103158181155148
0.00119120980931004
0.00123934397409574
0.00126472481568576
0.00134698545913537
0.00147651385396384
0.00159332618355850
0.00153927195645875
0.00154076428274304
0.00160029054577416
0.00162060506365201
0.00170481411730238
0.00172623456743654
0.00169649113449712
0.00170764070030767
0.00173202238829617
0.00169006891738881
0.00169374218219293
0.00177224446056023
0.00169025535213009
0.00160886091110825
0.00157075453822841
0.00154560143379975
0.00156744297959378
0.00152701542455475
0.00144152654674436
0.00141062467367611
0.00144362917772398
0.00142647501986545
0.00133082214308246
0.00122601072960123
0.00123386540075636
0.00122767234272821
0.00117008252856685
0.00119268764016624
0.00120865237323386
0.00113488789881018
0.00107913827022287
0.00107497559124411
0.00104197747897416
0.00101521491209084
0.000984931121893027
0.00100228561749191
0.00103621976948531
0.000948899412841797
0.000848638127124133
0.000834250201911857
0.000787049700915361
0.000734326675777197
0.000745399232426394
0.000698875059171797
0.000653230064868922
0.000628730598106557
0.000563030396087498
0.000543430278909227
0.000483772820160056
0.000422350980777111
0.000369647164268088
0.000264863144388841
0.000219178068242911
0.000185033951181452
0.000172860001565027
0.000128967428216384
6.81469416460345e-05
5.68516686105625e-05
-1.13612965037646e-05
-1.80666468432378e-05
5.53208144921769e-06
-7.89658843757479e-05
-0.000120880278783773
-0.000137319494762380
-0.000150340908078732
-0.000149694535686820
-0.000192810927045173
-0.000245022667071737
-0.000282003421244923
-0.000242957503744350
-0.000224037245187816
-0.000247489074603919
-0.000184202610881528
-0.000130720781831997
-0.000118931008707222
-7.22595874330523e-05
-9.49012489218149e-05
-0.000113753638970593
-0.000101783935595421
-0.000120167906051734
-7.71017695835496e-05
-0.000101176472999498
-0.000116481837897027
-4.71762294034761e-05
-8.18498120854372e-05
-0.000139015452394915
-8.40466705740539e-05
-1.15295431400853e-05
-1.93802708488988e-05
1.33364555881599e-05
9.83832820838870e-05
0.000101775034822111
8.72228498565164e-05
0.000111322160908003
0.000140756399657391
0.000216626626508685
0.000340751640676018
0.000326179460755327
0.000296221296979979
0.000365056030305908
0.000323756858222595
0.000372908384843100
0.000466205133847666
0.000484330935838244
0.000531115043040700
0.000571124431207153
0.000583909328953638
0.000583701915324468
0.000620873807258704
0.000619735630249210
0.000636885738171173
0.000651187174750305
0.000642230391513152
0.000675594646661040
0.000714737298452519
0.000704080484781997
0.000662258103145774
0.000707175329971790
0.000786506484639062
0.000845781948346343
0.000795744116611132
0.000787052697161670
0.000834049276923565
0.000829945189650516
0.000875160322475637
0.000826393379818313
0.000782724382407452
0.000773137988786346
0.000780966579722673
0.000809231638421011
0.000821155602510260
0.000830066955479651
0.000821064032131176
0.000857478562245859
0.000866671534223542
0.000841741723816085
0.000833463071535476
0.000865785165212572
0.000916753437081894
0.000936874118432201
0.000885936201515563
0.000841099859902812
0.000907506087502412
0.000934660749579876
0.000880360020248077
0.000865426716408280
0.000876200518439134
0.000889815112592061
0.000900943575592379
0.000867547428806859
0.000852731343614011
0.000862756149120969
0.000827699216997502
0.000788771413134981
0.000770852578836241
0.000764783484277416
0.000721850408961160
0.000683626189016309
0.000635409368546363
0.000577189126058073
0.000554658891977766
0.000500203250698803
0.000472110623380217
0.000464874255440719
0.000396658199656059
0.000342547087184215
0.000311808028594385
0.000262616067109889
0.000277928989530238
0.000197832967585754
9.87846503729628e-05
0.000121318921323663
6.02309890717834e-05
9.51778980784468e-06
-1.47803295178051e-06
-6.12612113627620e-06
1.15308015690374e-05
-3.22554997090663e-05
-8.70794911325845e-05
-8.10533171949146e-05
-6.31472125415655e-05
-0.000129230808801566
-0.000145762689940057
-8.90749783588518e-05
-0.000148688857984141
-0.000159972380810380
-9.28515647245831e-05
-6.02315726771252e-05
-0.000109942431133199
-0.000121044617677626
1.27258297222355e-05
-9.48377502648867e-06
-5.74769052501090e-05
-5.24012425952236e-06
3.76786546350871e-06
4.10328585894071e-05
0.000110956245553435
0.000126819517602845
0.000107427223534882
0.000162169152914506
0.000233607808023817
0.000210804768697965
0.000202691596161193
0.000271058332112908
0.000311458712054433
0.000356115156567975
0.000402214757545938
0.000421624291798786
0.000438975921661111
0.000450383916549573
0.000450448032658528
0.000435196314728827
0.000420995037994700
0.000442491630674837
0.000455836496831807
0.000423760346426008
0.000401605381101078
0.000384627413599290
0.000403741985713424
0.000388560976513972
0.000346169922504132
0.000286383498002891
0.000256566834111069
0.000274082177238455
0.000207666543481366
0.000161139046788534
6.81266978936890e-05
-1.62496817345925e-05
1.20088717646638e-05
-9.61067285228268e-05
-0.000250003888082375
-0.000284520595852271
-0.000335284663239648
-0.000392831971222947
-0.000484818239610689
-0.000576638587714626
-0.000647317687012787
-0.000744251117818351
-0.000788691104671386
-0.000851525534881148
-0.000936151615736662
-0.00103014791915015
-0.00112439426407931
-0.00120687732609099
-0.00126197366575667
-0.00128902440775818
-0.00136578110652991
-0.00146697964803835
-0.00154584243749241
-0.00157516421872089
-0.00158230133165290
-0.00160916217423718
-0.00169062479844570
-0.00170191492056702
-0.00170469496869842
-0.00179292523424053
-0.00182091255216179
-0.00183412492923338
-0.00184767505621053
-0.00189266595178523
-0.00194196441383085
-0.00192241865163425
-0.00189344313235267
-0.00184306523762714
-0.00186113040460953
-0.00190964950346981
-0.00188144021352358
-0.00186653827906810
-0.00184973263732530
-0.00189305707245893
-0.00188855727782027
-0.00181883207017094
-0.00178624760208066
-0.00173945967283288
-0.00173709614604462
-0.00171151170536447
-0.00164896288332656
-0.00164823283000032
-0.00162918207777551
-0.00155736936224130
-0.00153024079900504
-0.00142699853890761
-0.00135225525274436
-0.00134281657343934
-0.00125191635634422
-0.00123191430964894
-0.00127802515118347
-0.00124626717545169
-0.00119088308123281
-0.00111995139953379
-0.00105752509212465
-0.000997309263051562
-0.000918374722742357
-0.000913892602941218
-0.000906294007645982
-0.000874959258309644
-0.000839190365660016
-0.000801142268223174
-0.000729566339490475
-0.000714292742184739
-0.000752896339031395
-0.000712606537123577
-0.000652373658036538
-0.000606544684183064
-0.000554553900989703
-0.000535879413878178
-0.000525448950831873
-0.000477472195442843
-0.000442789311024328
-0.000421967073511027
-0.000402193734748764
-0.000331065801704114
-0.000229239419663898
-0.000250327402237858
-0.000242409245219051
-0.000135705500778656
-0.000128439181375057
-8.99172938032678e-05
-1.43745560237463e-05
2.19602867540303e-05
0.000130636195008478
0.000208909858755213
0.000236822419035541
0.000277527244042126
0.000304357999917819
0.000430713167949275
0.000518382368157422
0.000511087208508077
0.000586226737043907
0.000707046153400075
0.000792155700099948
0.000876306243510314
0.000959824212475473
0.000995033500019788
0.00107332350073080
0.00115548337638913
0.00121473411752544
0.00130085563335338
0.00138911492072270
0.00146864385203037
0.00151666593207059
0.00154927560603044
0.00162184542970188
0.00168543441401315
0.00173628553112328
0.00181710497415814
0.00188647431695816
0.00190428864759241
0.00190114846612342
0.00191147122188429
0.00197443707776195
0.00205115956833044
0.00207787938411151
0.00209235298316404
0.00205776529539151
0.00206242590485061
0.00206937081184023
0.00205066701609873
0.00209285068422037
0.00207785619841641
0.00203532058818048
0.00207795801636358
0.00206728669314401
0.00197245330108910
0.00193915658918726
0.00191437852838774
0.00183132602978439
0.00175841715567824
0.00173360324057335
0.00167864158073744
0.00153993302206914
0.00145503700268925
0.00143186834517447
0.00132455336897756
0.00119667844918681
0.00112807747238492
0.00107378874082805
0.000999606852213262
0.000917538990627804
0.000783177472017318
0.000709964974736757
0.000635052000790210
0.000461827125471768
0.000361162191573126
0.000281207206223391
0.000158226492558340
-7.30795475750057e-06
-0.000109603456213656
-0.000185043051807845
-0.000279422587578466
-0.000353214754243480
-0.000432795565889930
-0.000519601531694636
-0.000622105636342516
-0.000693308999660181
-0.000786557598498403
-0.000905710663170893
-0.000990409361714804
-0.00102938861767099
-0.00113115807131127
-0.00118251252567488
-0.00117729432350187
-0.00126743245384361
-0.00132402276578052
-0.00140947381150696
-0.00149310867928317
-0.00148724772516243
-0.00152419744956589
-0.00154746651626301
-0.00156091920849487
-0.00164095969153728
-0.00164651439739504
-0.00161963153888617
-0.00164458486406812
-0.00163823044237983
-0.00162424150107558
-0.00163747580631060
-0.00164334271925537
-0.00160319083103680
-0.00160036640840378
-0.00160427245401532
-0.00156961818938321
-0.00156708185736402
-0.00156802023020990
-0.00155742130953989
-0.00151283832418752
-0.00147295991157467
-0.00145187193583023
-0.00143545801873856
-0.00140938648185671
-0.00136561366000045
-0.00132576752227394
-0.00125978427773678
-0.00120265606247820
-0.00118153916199191
-0.00109300236834400
-0.00101419225208275
-0.000955006130854361
-0.000941695365953397
-0.000926858810799356
-0.000825966475187290
-0.000792596843971118
-0.000692868416642600
-0.000631826124294639
-0.000584223575932716
-0.000501798880727660
-0.000450185899256210
-0.000362363707651650
-0.000327319841390035
-0.000213336371694162
-0.000152837531110444
-0.000106629030278595
5.36792726462654e-05
0.000172950398041962
0.000222881026703092
0.000252737812041790
0.000322611039936085
0.000367860188580949
0.000446307123072529
0.000539334218904841
0.000589207669992007
0.000693902491952017
0.000780221576754627
0.000815329037835610
0.000861762888870352
0.000916943973523523
0.000991171579860755
0.00103086379896581
0.00105385627406314
0.00112010145653354
0.00115356892186966
0.00113765293563141
0.00117826571176188
0.00124304311406554
0.00128474367004451
0.00128262646733717
0.00128093855662165
0.00128705303211106
0.00126237232150352
0.00135096470588309
0.00140882217423950
0.00134617282283251
0.00137825097098535
0.00140597064891516
0.00136208748686627
0.00136196298285782
0.00133552629346369
0.00131829587680805
0.00131077475829429
0.00128850471346816
0.00124902606847257
0.00119975037486533
0.00117613647586857
0.00112243499309564
0.00109985140629128
0.00103421909554143
0.000988357463333074
0.00100599047994983
0.000967778690836028
0.000913040890253498
0.000829007067514880
0.000715304705044275
0.000642299883687763
0.000605384476604733
0.000549360489949820
0.000523413574365001
0.000433392189564472
0.000318898110542634
0.000262670212988922
0.000156842721240871
8.43184586857149e-05
1.61119105450780e-05
-5.83199168411497e-05
-0.000130251241532342
-0.000232385854210193
-0.000300225042050535
-0.000360700726024454
-0.000422337017280086
-0.000515950923624633
-0.000569054132180504
-0.000618534583571062
-0.000673952823704802
-0.000697322038078916
-0.000819103041237455
-0.000922936203635540
-0.000980707808622210
-0.00100658393617945
-0.00104287775064870
-0.00110562757346042
-0.00110121965331308
-0.00108522634617380
-0.00113080574903564
-0.00115221865872953
-0.00108662272335498
-0.00112428553658133
-0.00118566410530604
-0.00115737954752783
-0.00116588768925960
-0.00116890707603746
-0.00110213499115421
-0.00111793469863306
-0.00111714631247358
-0.00100131198989713
-0.000992026630307930
-0.000971030814249865
-0.000911354882035411
-0.000868642930914430
-0.000821253277767333
-0.000755870641936394
-0.000645626951124392
-0.000606418954541752
-0.000580184839839859
-0.000523684051684867
-0.000473824290148563
-0.000406726884996580
-0.000331816644510781
-0.000248653598245738
-0.000151288055012273
-0.000113622279320040
-6.20878260903979e-05
-1.01105331784623e-05
7.56929884998314e-05
0.000204273054013520
0.000211272384287540
0.000263602047821934
0.000336429500840083
0.000352549719233366
0.000431765783948634
0.000499181356578120
0.000547921527744677
0.000601755981559435
0.000651821087984814
0.000701522019351160
0.000714427429942148
0.000746503575988200
0.000794554424810698
0.000853798986304426
0.000918263645830208
0.000975155606548483
0.000999209849150873
0.000992031049788480
0.00103291530841673
0.00108800846153038
0.00110788221540709
0.00114180674546894
0.00119653272193297
0.00119830976443296
0.00120482990056303
0.00123582546066480
0.00122969213154960
0.00126385733207265
0.00127820225271797
0.00124581699650193
0.00128055244424893
0.00127546746868568
0.00123291718959372
0.00121950501771401
0.00122514681368905
0.00122415264224792
0.00120728404822486
0.00119597883097768
0.00119097478862003
0.00119152937927545
0.00112244837275235
0.00112534063758879
0.00113906547233746
0.00104402688416698
0.00104551933935575
0.00104341710740144
0.000945455691096164
0.000890378761309236
0.000894905512240491
0.000860311045669633
0.000804083032273120
0.000768900864561353
0.000711240405345706
0.000630126487734550
0.000587650213362103
0.000609885406848107
0.000564199532337817
0.000500357692538600
0.000465831138938224
0.000416403044837796
0.000379774038474103
0.000327349782077295
0.000241249722798891
0.000187756256529914
0.000189365068275151
0.000149378264702964
0.000114001628091254
5.26498580571477e-05
2.11058425946842e-05
1.05371796911413e-05
-8.93808131434604e-05
-0.000145022794284673
-0.000141793313145495
-0.000158845191988473
-0.000197478161829672
-0.000226170223128541
-0.000243739929998910
-0.000249687847023932
-0.000266699950834735
-0.000305414932693751
-0.000361897275912568
-0.000381059944024003
-0.000379267314680298
-0.000437036648239868
-0.000464340276174688
-0.000472865300466729
-0.000526189301670570
-0.000501386763258616
-0.000498108249716935
-0.000568894240668101
-0.000581216659523918
-0.000612787234458381
-0.000614771670335159
-0.000599328619613502
-0.000645955817265858
-0.000664341814753087
-0.000687940684005000
-0.000730949380108328
-0.000763084289940110
-0.000827913722594644
-0.000902761284732421
-0.000913241049010054
-0.000909066145365358
-0.000968296251080361
-0.000947676086555589
-0.000933530188998120
-0.000999160619353816
-0.00101216112177326
-0.00105349953258710
-0.00112459349508889
-0.00113531450977852
-0.00110070633464701
-0.00115430465847879
-0.00122472738607343
-0.00123395093226904
-0.00124932420973849
-0.00123921578168620
-0.00126101146360881
-0.00129534434172015
-0.00128862685780362
-0.00132840657517818
-0.00134880783087098
-0.00132219138605620
-0.00134141568157631
-0.00135438468084530
-0.00139385256475592
-0.00141003159282306
-0.00142201927230175
-0.00147117239685159
-0.00139629436880497
-0.00135380589893302
-0.00134197898735010
-0.00132206671776274
-0.00135644808845655
-0.00133150203724171
-0.00126973545816284
-0.00124816531533398
-0.00123039387385212
-0.00116219063579116
-0.00112709737817660
-0.00110384003100506
-0.00103643794915051
-0.000973777252819232
-0.000935206842617262
-0.000851091947164235
-0.000820451282807184
-0.000773866691686180
-0.000679848960998086
-0.000682315859535976
-0.000674574539108264
-0.000578765584282266
-0.000441395965037614
-0.000401106293236140
-0.000331472606448813
-0.000246069861188190
-0.000193869433908844
-0.000110289127329821
-7.60641019567743e-05
1.70657145980613e-05
0.000111705036299341
0.000188565177949656
0.000235837404524020
0.000281852804282643
0.000399482433347131
0.000450482498178140
0.000508019151274510
0.000546297051833378
0.000607500295807490
0.000678169730937306
0.000704421789621321
0.000759798687494531
0.000819079907642646
0.000880346801915586
0.000928686179708969
0.000976022210520551
0.000978910268513049
0.000991986979336890
0.00106811540570210
0.00114146318539323
0.00111312002313845
0.00108536861827519
0.00115335909214429
0.00115012151116385
0.00116901542907525
0.00125119953170539
0.00122250304300431
0.00120498074746499
0.00126556920065182
0.00124642545279261
0.00122445328026722
0.00124752863313055
0.00121396245212871
0.00123533393752381
0.00124415988275243
0.00115020151709471
0.00114342638793504
0.00117459077194232
0.00116547239774444
0.00111939138160791
0.00108114647760658
0.00109874019588928
0.00109194402960260
0.00110464422983860
0.00106524725327075
0.00101395313443843
0.00101705687884014
0.000960778810270417
0.000935664870490487
0.000951969376297792
0.000890232961063049
0.000867886196613739
0.000870166846801150
0.000774220039446572
0.000721383788175487
0.000728827847562066
0.000738506386772975
0.000702395475737989
0.000624168045556499
0.000578486805604863
0.000578817597575238
0.000571763592453574
0.000509076306251330
0.000441547008461440
0.000404826825626770
0.000388526414066179
0.000367725308203566
0.000344439320556553
0.000290424182454663
0.000246800862302079
0.000275346548948310
0.000232931099670832
0.000163653098449146
0.000128970116567277
9.52880379854015e-05
0.000126415238491724
5.02366557073586e-05
6.47360230305338e-05
-1.25014607164073e-07
-0.000158333451504156
-7.95597910691725e-05
-0.000143040664657335
-0.000153260702659956
-0.000143492320706322
-0.000226297148214627
-0.000219276204871228
-0.000287137442716556
-0.000344060396906940
-0.000313698293874616
-0.000362158052537751
-0.000461511154654843
-0.000461487024976677
-0.000460847602069592
-0.000516149285596015
-0.000561000173279211
-0.000658993825133578
-0.000709415285144743
-0.000680088791646014
-0.000723774840919731
-0.000704101366422663
-0.000756225978034664
-0.000832893707752049
-0.000773837371307451
-0.000837324487965816
-0.000855336292450843
-0.000833933206338600
-0.000929881909466062
-0.000957658489773294
-0.000985026971343785
-0.00101775594759374
-0.00105487900087894
-0.00108284591165059
-0.00108434380763669
-0.00110346672575893
-0.00113351479630360
-0.00118470033467347
-0.00118097430763285
-0.00117222000093598
-0.00119428818698900
-0.00121275929759960
-0.00119727149445900
-0.00117300826122403
-0.00121216483428739
-0.00121817221694513
-0.00123162825383467
-0.00132158816581921
-0.00121604380297200
-0.00112955732527738
-0.00115889400972918
-0.00111903957676844
-0.00117104120388369
-0.00118214584445219
-0.00114324525519116
-0.00112663922109668
-0.00108160437077757
-0.00106381455331025
-0.000988306959127243
-0.000944915861170585
-0.000920887062266189
-0.000890118723615743
-0.000893234754073831
-0.000800433644848155
-0.000729166077224406
-0.000699850565720155
-0.000670401649885548
-0.000631166695809568
-0.000583262786562813
-0.000514672455656040
-0.000418158923346681
-0.000350217550806207
-0.000340122710923829
-0.000293510412298019
-0.000199687761734637
-0.000271011250461726
-0.000216352618269404
-3.52244729752371e-05
2.42171384954659e-05
9.59032152306350e-05
0.000160817785514560
0.000231385551186687
0.000274018517403398
0.000313294311093699
0.000371802403197670
0.000401430079822500
0.000423775857478206
0.000513090563357233
0.000592922011859969
0.000570838009844090
0.000585461956736886
0.000681134172356517
0.000724372571381853
0.000703409282899301
0.000766887434354873
0.000792340718560105
0.000742958375627518
0.000761128997399685
0.000805690000959773
0.000857527273249341
0.000854676509563015
0.000831130835606084
0.000910921423771987
0.000925261410148988
0.000866984975396692
0.000858091347036085
0.000844791989503664
0.000792473178089699
0.000721043384457491
0.000707765337834534
0.000728291616919492
0.000707463950633560
0.000641176793431981
0.000648069128468656
0.000636540401643124
0.000558757999649622
0.000568579283392570
0.000549217639900608
0.000494284733031201
0.000481026785987631
0.000442178337187684
0.000398395711529282
0.000348140899533043
0.000342418049685378
0.000295833225431998
0.000227375620788450
0.000217942490681580
0.000170030894241187
0.000170312786456250
0.000132398375243454
0.000113116651967644
0.000155793090316543
8.96800376976969e-05
3.50777087867726e-05
5.34517332297568e-05
4.53388620799799e-05
1.93777245115356e-05
4.07918735643165e-06
2.93108818471666e-06
-6.19158996769898e-06
1.23968448771805e-05
5.07960017078091e-05
-3.03996505950366e-05
-0.000112483014547458
-8.39832906194360e-05
-9.20909176799611e-05
-0.000100833684878481
-0.000105661510816049
-0.000171698148452357
-0.000137877662770975
-0.000155773869380837
-0.000243215788203770
-0.000185875686537109
-0.000161566745588431
-0.000190383736280708
-0.000250874946181270
-0.000251698379369749
-0.000194349369995912
-0.000246656711769582
-0.000212978015862788
-0.000226050788465848
-0.000323859201269983
-0.000294679236907172
-0.000286324162334708
-0.000288417036012376
-0.000291337404127816
-0.000343190503257063
-0.000346759417553031
-0.000335701081979636
-0.000366935201958185
-0.000388621520813786
-0.000396630510011207
-0.000371920727177866
-0.000344905119200831
-0.000352916640606864
-0.000412884689598130
-0.000403913319122253
-0.000303026226986205
-0.000339981324203151
-0.000418777403451429
-0.000361127594030108
-0.000290095604302394
-0.000304471832243252
-0.000297736044122772
-0.000310257181340177
-0.000279001966720003
-0.000196433004749395
-0.000219610477221792
-0.000217051243665694
-0.000248612915350677
-0.000275219241722908
-0.000159372907762929
-0.000112849429472917
-0.000118308030601497
-2.23069588253111e-05
2.87168538518756e-05
-2.82935807619822e-05
-7.45975158864099e-06
7.21394539550602e-05
0.000117476711057378
0.000184151427472017
0.000216752337747934
0.000213739489116023
0.000297509714329465
0.000346441729906886
0.000354411919737601
0.000433757145716456
0.000485677842898724
0.000539717921745648
0.000566680590488460
0.000603422679241703
0.000656477177781341
0.000654554629715420
0.000719201229815241
0.000816312549560081
0.000854614042842456
0.000837586712380443
0.000818973321246972
0.000915646794029072
0.000970322946742215
0.000943719443912983
0.000974251813373144
0.000939099767159490
0.000976319334941564
0.00106311551421882
0.00103682504958044
0.00101158476940753
0.00104083141322448
0.00106454561611031
0.00106479677997910
0.00106282025641562
0.00103326103497196
0.000990976472673708
0.000948389696875296
0.000939995811551597
0.000908698960948300
0.000887077382159305
0.000879666620142814
0.000792087022027488
0.000803786166256160
0.000814981711341005
0.000749406400577328
0.000775268052393017
0.000689628088452281
0.000589080914331817
0.000615025026213942
0.000589129711183105
0.000576666356184248
0.000528320215816720
0.000480247899553561
0.000490649132971726
0.000477356865385801
0.000461119926189042
0.000403977269317792
0.000396022657384663
0.000377195986875449
0.000360280886373303
0.000328143195650839
0.000280296107708651
0.000327599691124618
0.000285033161966197
0.000254516762415307
0.000236212834752081
0.000248432524729338
0.000254232769578380
0.000197084410704846
0.000203114390266279
0.000175976295733236
0.000152268067930166
9.39065253611915e-05
0.000150829717815135
0.000148048389355928
0.000110778257204700
9.85527269929776e-05
-2.37002985560153e-05
5.35299229175834e-05
2.80347427030137e-05
-5.63318031841220e-05
-4.46949283987408e-05
-5.93401811487837e-05
-9.50320094468893e-05
-0.000164401307246678
-0.000208673650438822
-0.000225952045638813
-0.000228300521748857
-0.000312388712647085
-0.000319602927224434
-0.000321543238943676
-0.000384486235638475
-0.000405766355194608
-0.000474799974246469
-0.000507243531531021
-0.000556431327347386
-0.000620507865734203
-0.000658080272752966
-0.000696082752414480
-0.000733323375715802
-0.000790412496323953
-0.000783568090310920
-0.000776537009248854
-0.000840938526584232
-0.000864832412469361
-0.000843109548760086
-0.000871192333897304
-0.000954241424234850
-0.000936618453879408
-0.000882539562550890
-0.000884835776044892
-0.000832579484247007
-0.000811211350111059
-0.000847606613674517
-0.000922848903286280
-0.000888370142638637
-0.000837854466112242
-0.000845613542388302
-0.000773095288483479
-0.000781434634792681
-0.000816047000635507
-0.000774616127964212
-0.000712232958739048
-0.000712597983154186
-0.000642152550717530
-0.000504302812339299
-0.000533641802253220
-0.000535254218525676
-0.000460414677345939
-0.000415775864569223
-0.000370313950671806
-0.000354647208001957
-0.000264391211262636
-0.000224975295357464
-0.000290630730111108
-0.000266798747929844
-0.000177280245364582
-8.65027305812305e-05
-6.10088568475353e-05
-1.56853155499448e-05
6.52066767005355e-05
8.87225476107911e-05
0.000118418784992316
0.000190298339266719
0.000206336592477590
0.000200295818775535
0.000320205926001709
0.000396763901259418
0.000361307783808424
0.000388239681321845
0.000438009247537776
0.000498006774371408
0.000549550222243163
0.000537427159463025
0.000578902236464183
0.000605502094534909
0.000580223652922405
0.000589520830597490
0.000638028199800165
0.000659581447104805
0.000663857776802304
0.000679758002647777
0.000676649556092872
0.000695921179107941
0.000736061119256143
0.000735730105137835
0.000717427614807921
0.000781392870196851
0.000730594085970022
0.000661614445425098
0.000719639803941328
0.000731143072323080
0.000681796407447277
0.000663730241750660
0.000699418584399561
0.000657596389347859
0.000688017716977019
0.000731110377075348
0.000668169161736740
0.000651401949179649
0.000674969050214935
0.000684837012438457
0.000714029913965817
0.000695456014633713
0.000650387869224378
0.000677120131058739
0.000617996909842020
0.000627850092640845
0.000664383658620960
0.000611101345169960
0.000643219379568336
0.000602801970957643
0.000516576618795206
0.000454112130112812
0.000413523492697969
0.000449239000563360
0.000386220450070418
0.000359690901876384
0.000378865523695957
0.000270897515244712
0.000176121673896894
0.000179746288312792
0.000125448838252353
6.79887373112820e-05
8.53784690052351e-05
1.07408238311990e-05
-0.000112117248909911
-0.000138348016819947
-0.000151881753585315
-0.000269427978333283
-0.000334208882332021
-0.000397490094901443
-0.000447653185977899
-0.000492513149026124
-0.000582631763189738
-0.000647356410330815
-0.000652458626173740
-0.000712707050064907
-0.000759859055209944
-0.000718332463472393
-0.000800658718325096
-0.000855383027783532
-0.000918031416034992
-0.00102214084380620
-0.00104458053821958
-0.00106434791403281
-0.00115212507656260
-0.00115474556069131
-0.00113053823999579
-0.00119556591193188
-0.00120785874711672
-0.00120245673751725
-0.00128019927043027
-0.00136504945667639
-0.00129220239991440
-0.00122896580318908
-0.00124245826513629
-0.00122579202670565
-0.00126319297949109
-0.00130169884494507
-0.00125743404094322
-0.00125212539028084
-0.00123066491016161
-0.00114847289064571
-0.00113469237863640
-0.00117510970539954
-0.00114318873215026
-0.00109843478053264
-0.00112606431367738
-0.00110972891264012
-0.00104388796874687
-0.000990197375013793
-0.000963161767978278
-0.000914379512240515
-0.000841593231849771
-0.000843531849431472
-0.000834878790221794
-0.000714181338182058
-0.000661378048323655
-0.000643835598401168
-0.000547889908065926
-0.000480807420106544
-0.000455408102511115
-0.000387878243383213
-0.000314020653001208
-0.000294655099576602
-0.000275216829069151
-0.000204321105015239
-0.000133526845602461
-0.000116795861135728
-6.15879891159921e-05
-2.67645435067010e-05
-7.50504877785830e-06
6.36878039968281e-05
0.000131414651822652
0.000136590709603652
0.000191485136186813
0.000274179219648616
0.000289829785676545
0.000380201830837308
0.000392168320841577
0.000388079175290876
0.000460895228055911
0.000478222427664718
0.000513165695116200
0.000525062722585439
0.000512496789677641
0.000524831846925231
0.000533664579345405
0.000590031607881940
0.000631318837120816
0.000595578462222939
0.000562615152804398
0.000571129008752713
0.000567895459066321
0.000548771377417374
0.000564838143724735
0.000586422710934187
0.000601473772622399
0.000602541701539110
0.000582312401930150
0.000580092585367211
0.000590453996233986
0.000605954005818745
0.000555344030024152
0.000499894357819617
0.000521203577202201
0.000515104394352246
0.000505466073074929
0.000511120540800993
0.000509761314104633
0.000473645194944421
0.000444317857501364
0.000461902088502262
0.000393274305555709
0.000350291440938242
0.000366798643121231
0.000299659670812971
0.000277343806655272
0.000282145919942891
0.000268394272709342
0.000234641751658080
0.000168729473381473
0.000173813034966561
0.000142690543953650
3.99303744278701e-05
3.02591710303057e-05
3.38462032524578e-05
-3.03814528183743e-05
-3.35815084728730e-05
-5.90323660424919e-05
-0.000152711683078464
-0.000144978946350179
-0.000165546798435287
-0.000236987439056841
-0.000264116369286717
-0.000288496598622271
-0.000266295326194368
-0.000288966468948340
-0.000315610252127033
-0.000342454928562481
-0.000405373161661097
-0.000428039216748872
-0.000470701315917593
-0.000478135549990184
-0.000482996419752639
-0.000483473887495522
-0.000501742342804716
-0.000594525738717546
-0.000610750499459101
-0.000590552524792991
-0.000558152589449765
-0.000513090517401595
-0.000537205938037637
-0.000596728690906780
-0.000576757505587540
-0.000535095338215133
-0.000572644623215739
-0.000558970735048181
-0.000543480320474394
-0.000587497670208421
-0.000554652904262660
-0.000536293467436400
-0.000569801326497874
-0.000543922546881896
-0.000527915985874832
-0.000447007294875477
-0.000431844917750279
-0.000466830673987013
-0.000378240837166919
-0.000383704451993623
-0.000397451922271959
-0.000326805902832330
-0.000247262138235760
-0.000224388548887280
-0.000182128002759843
-0.000134266907166065
-0.000196187737365303
-0.000135150009791563
-2.74301208030359e-05
-4.75715194644977e-05
5.48421279169986e-06
4.45532288459205e-05
4.36028346726047e-05
9.59840816643975e-05
0.000135976135377867
0.000193471805578831
0.000245909095153003
0.000285384834230449
0.000342502059456962
0.000397615404220488
0.000457258407832768
0.000464530901819948
0.000446324472123898
0.000520668238879303
0.000559021562513102
0.000579897066640953
0.000618597176721991
0.000630463218540882
0.000655171928448226
0.000666025825902068
0.000716551841623101
0.000704793548506473
0.000689256801122369
0.000767016669605951
0.000762670997249444
0.000772647531569035
0.000793173603523059
0.000749608168527800
0.000723535384810248
0.000722952199324070
0.000746971781098651
0.000737887780279820
0.000737722183941543
0.000749812405561912
0.000665287161212902
0.000656817274004169
0.000681365683940172
0.000600651741040466
0.000588008183427817
0.000593836071403899
0.000550957300259825
0.000511293500738717
0.000489373316181272
0.000471303285609466
0.000391038598905880
0.000369900917958859
0.000375294425363677
0.000266352433139261
0.000230566353962018
0.000239611905040960
0.000201708374606611
0.000142208297491777
7.10730023852335e-05
4.59539130751807e-05
1.46074587281220e-05
2.12332750610500e-05
1.79392479169138e-05
-9.22061580399714e-05
-0.000140666956301558
-0.000167037171662869
-0.000190490863762989
-0.000212957313499089
-0.000266807608123756
-0.000295633689921147
-0.000353311892357340
-0.000365125464345155
-0.000412669789067408
-0.000454811844932621
-0.000438110945942256
-0.000441466573936466
-0.000391666976366452
-0.000431283879637476
-0.000532732107628959
-0.000509132034992703
-0.000504093830793480
-0.000559306989910411
-0.000558262120693271
-0.000565122494267740
-0.000525080974356911
-0.000517583375461683
-0.000586549095808238
-0.000556771931569031
-0.000516590305185005
-0.000496446990385238
-0.000495114713441822
-0.000503789877988936
-0.000481011313901973
-0.000405531137964914
-0.000356470503098123
-0.000419127668133896
-0.000394877702671579
-0.000293297674120652
-0.000302510323451912
-0.000285468439783614
-0.000253393925959529
-0.000256098868960279
-0.000174584367138806
-0.000173401675336038
-0.000168138715701645
-8.06604059230409e-05
-4.50837906726775e-05
7.38803004210808e-06
7.48280318583028e-05
0.000103607029720578
0.000104686442576636
0.000155258509065703
0.000189760955811096
0.000226518263081559
0.000341021358297766
0.000332494708767541
0.000321144703349674
0.000480972731475546
0.000510198166069458
0.000478207860796474
0.000604910906734375
0.000664201250201444
0.000628700023260933
0.000688308868085343
0.000774012235838413
0.000760727564681218
0.000841458143128691
0.000941143824990789
0.000883135432944471
0.000944149211416061
0.00100580243600369
0.000957936010171565
0.000973277661749705
0.00103094676110167
0.00106411688463382
0.00109344043489877
0.00113222272079746
0.00105416916137358
0.00106936381804594
0.00115067475494243
0.00112842875323054
0.00114704209852540
0.00117592059054381
0.00116897812347794
0.00118556907976178
0.00119527773954751
0.00119615946645759
0.00117292634136668
0.00116563007409781
0.00119851224213477
0.00115101654121140
0.00115735330081783
0.00117478552953777
0.00114166329531521
0.00114934356370782
0.00111312859536987
0.00111348512110325
0.00113872040160075
0.00106545743998431
0.00103437402279759
0.00104852583511345
0.00103333061320338
0.000987479339641375
0.000928982795727578
0.000893223691052043
0.000853581552325977
0.000810472912032694
0.000762329546616343
0.000732107800462209
0.000648779047958481
0.000608771098101464
0.000564691135158046
0.000461015497550044
0.000460067248102556
0.000425995035567088
0.000331164691242414
0.000279345285578647
0.000221525675446745
0.000101099963928561
5.52244467968777e-05
1.70661958094342e-05
-4.01274238850746e-05
-6.76018430943692e-05
-0.000188665497764084
-0.000275364868081969
-0.000301058452842382
-0.000368186424237753
-0.000434876919994904
-0.000542469208988283
-0.000602633976519300
-0.000626709586011813
-0.000733082285954918
-0.000799568553261878
-0.000834593075835350
-0.000852554872978750
-0.000904175783693226
-0.000934601586597061
-0.000964207962353996
-0.00105897634153042
-0.00108281193903792
-0.00111250236398277
-0.00116266919154654
-0.00119096251471333
-0.00123359011317469
-0.00122746481033182
-0.00124550289849957
-0.00129432274826129
-0.00129330341375642
-0.00130167408677821
-0.00133701332908046
-0.00133032426431242
-0.00130195160032706
-0.00130950990984722
-0.00128192680233170
-0.00130984978364026
-0.00137290868277773
-0.00129543574978804
-0.00123953736778155
-0.00123369654934216
-0.00118721650655679
-0.00121563685225020
-0.00120547712911417
-0.00112035954655262
-0.00109252639917926
-0.00105921908782754
-0.00102795147786694
-0.00102176721334132
-0.000968544991178959
-0.000947498375960194
-0.000925320745990845
-0.000846685601761834
-0.000840660521834948
-0.000818792127926500
-0.000731435394383197
-0.000687876471672482
-0.000605617329187282
-0.000564241708814421
-0.000564048899834120
-0.000455857156340045
-0.000471101773271698
-0.000500367145184271
-0.000420150195319664
-0.000411408648958798
-0.000325363273546273
-0.000273043009888241
-0.000292191080193192
-0.000217011381782015
-0.000188057827660515
-0.000116869021378747
-1.37468312946254e-05
-1.32466562638456e-05
4.15269095569215e-06
7.33941498303636e-06
1.03120644298116e-05
2.21712584284006e-05
5.98992770134288e-05
0.000169137120158922
0.000195286709150366
0.000147950611727694
0.000182073254291524
0.000229074932272937
0.000202327145340107
0.000235570333448081
0.000254427036105227
0.000218754129630128
0.000236118903114075
0.000254855614105054
0.000261681670838883
0.000238553400370662
0.000221379600535698
0.000210398873766096
0.000178428855348258
0.000180778118782357
0.000180376812096057
0.000141893582930877
0.000148642814506275
0.000171377834418998
9.34582057484334e-05
9.45180468228557e-05
9.96042581357059e-05
2.56273291987341e-05
1.42815301491694e-05
-1.01563566427032e-05
-3.52551635686638e-05
-6.52456826398051e-05
-0.000100224018715807
-0.000113977783554766
-0.000100405002939326
-0.000186852143290466
-0.000283665750867890
-0.000157860948771358
-0.000148749348121804
-0.000302482499277197
-0.000310911437748196
-0.000248714390610765
-0.000266501058330597
-0.000331555844138798
-0.000341634921953791
-0.000314743290349959
-0.000370559251382154
-0.000406907872583986
-0.000342066383578157
-0.000364462086170470
-0.000429137195575287
-0.000435395357212247
-0.000410676185870873
-0.000411921124597043
-0.000429776259990327
-0.000381382750442647
-0.000356829685042168
-0.000427118344878217
-0.000436053128409304
-0.000353574849261484
-0.000338040649831095
-0.000394204797305342
-0.000388915840102593
-0.000344633873269820
-0.000322289783395307
-0.000298216022336348
-0.000322468025650791
-0.000322524610950019
-0.000305664776546006
-0.000281882569611023
-0.000177023240666712
-0.000145820595299497
-0.000157303622444651
-0.000117912932202522
-6.52904922995390e-05
-5.64218586387888e-05
-9.50874352130171e-05
-4.31311001161738e-05
6.06333144001070e-05
0.000143708142265666
0.000125432598482291
8.43917678487216e-05
0.000123723295960616
0.000171453248106346
0.000235390990852835
0.000223578438880274
0.000214600589827718
0.000278793794231564
0.000320683312094694
0.000340655760233144
0.000362890620476719
0.000408469214302194
0.000373582903932963
0.000326749335270993
0.000409352925814641
0.000439220213553968
0.000413474881862017
0.000469086665783838
0.000462946677912743
0.000408198597691785
0.000459125777260225
0.000454790708161679
0.000432973239272791
0.000481036715061578
0.000501232853346272
0.000547192578832279
0.000546292322106674
0.000496431096605452
0.000498039623309370
0.000570544062149478
0.000560796144023343
0.000487394478894565
0.000572730502821264
0.000647796866038828
0.000611955816610248
0.000587536660861625
0.000587177849490068
0.000633636256601307
0.000636943632621501
0.000581408321073020
0.000608206502102995
0.000662256927920772
0.000698145945602988
0.000708131963058030
0.000635892275517094
0.000665780684207959
0.000755463967678338
0.000735762321715789
0.000741873687578494
0.000711692433553655
0.000691428315834486
0.000726782881541581
0.000691219718985110
0.000665159558895852
0.000627984561842378
0.000579621621770397
0.000565263926545612
0.000523988960160722
0.000506597783657519
0.000528416572775274
0.000534893811872266
0.000484701816489768
0.000430483108158111
0.000418070208698271
0.000355035076109136
0.000294901213650212
0.000278791302391346
0.000240205511980536
0.000183272932715539
0.000137250038096042
0.000112661930247153
7.89199162147902e-05
5.42010586671182e-05
2.42200619412269e-05
-8.67560958468916e-05
-0.000139555994866507
-0.000101176396836409
-0.000144435280480404
-0.000252442289213308
-0.000253238221440175
-0.000223369527773285
-0.000281482810195377
-0.000278415100755945
-0.000319958838386405
-0.000413098564937994
-0.000399121133175075
-0.000375406698770173
-0.000352571924822072
-0.000360756538144815
-0.000427081160314540
-0.000427966047632782
-0.000408568061212384
-0.000442051873039437
-0.000477479270828720
-0.000499586687462865
-0.000477205610563556
-0.000456291274776190
-0.000479712814568538
-0.000466969220024480
-0.000446747909071752
-0.000423088562925521
-0.000386050411386796
-0.000366822011672318
-0.000379163709946866
-0.000387628672156437
-0.000332732233542274
-0.000340287673245272
-0.000351756636219958
-0.000308720737810289
-0.000293449846793314
-0.000218581461623839
-0.000208184426876992
-0.000301422880877289
-0.000275855447945856
-0.000193790456569418
-0.000172156537954853
-0.000140181578528786
-0.000153951334448321
-0.000120243258033279
-4.38700512936474e-05
-8.60206731483615e-05
-2.35080170286983e-05
4.91387112105102e-05
-7.69538358705857e-06
8.81080089953912e-06
8.59151636847244e-05
7.43062292858365e-05
2.88162667771896e-05
9.53364873116902e-05
0.000135272229116192
0.000127373188311815
0.000144640609126512
0.000158467044927026
0.000189389720360835
0.000210248245809508
0.000219278782181345
0.000175650275213730
0.000185327930582941
0.000256062655860783
0.000236859793287216
0.000239569910798778
0.000248083612998649
0.000240757409300798
0.000267079599281503
0.000279146990270309
0.000280727048328000
0.000221105036480358
0.000206351977583701
0.000263592047139767
0.000264991631275535
0.000284170743754189
0.000250870847916520
0.000206850640739953
0.000246259871513415
0.000240435710207958
0.000236259332999644
0.000221518157237188
0.000233550890932568
0.000222409681909488
0.000184383728700928
0.000262830003696228
0.000315335792879470
0.000301749634774575
0.000230961028187018
0.000187408630016179
0.000201970012895520
0.000203363210078482
0.000210810560312815
0.000213414570671802
0.000215740690148998
0.000226188817170545
0.000218080621214547
0.000173297367264347
0.000227163010819238
0.000225701106523415
0.000106998819984179
0.000116514448087501
0.000178114613932518
0.000144922769129607
0.000116187401779468
0.000179538726867887
0.000174767215558336
0.000103058761720556
6.43170119726566e-05
6.29705176020456e-05
5.18808709285068e-05
5.80892466926075e-05
7.58365102557601e-05
9.48064891980849e-06
1.70494064537774e-05
8.46653884118709e-05
5.22940618782819e-05
-1.83436241337098e-05
9.48269633466836e-06
1.12550752385943e-05
-4.62614481865131e-05
-2.15047516280542e-05
-2.02258373175823e-05
-8.65802360479506e-05
-0.000125391306097171
-0.000123418358586260
-0.000172086077180573
-0.000199734228221455
-0.000189707660703089
-0.000194352511979048
-0.000215754357470832
-0.000196385488419342
-0.000192304423351644
-0.000284433104801849
-0.000295101141712237
-0.000263365919328251
-0.000316281431835108
-0.000346899855858922
-0.000315202306554880
-0.000333120524601078
-0.000413661925715836
-0.000436724124895953
-0.000370455217904642
-0.000438961270350653
-0.000498906613163008
-0.000456496559947688
-0.000503187469863384
-0.000480728527879251
-0.000448697800810045
-0.000489851571850650
-0.000487494512408233
-0.000506880985121079
-0.000503515149564500
-0.000459280035902090
-0.000498799656345668
-0.000492772513280038
-0.000482480457053498
-0.000462478631574328
-0.000428569034027042
-0.000490920670536568
-0.000481827797744288
-0.000489389251719459
-0.000485702114727680
-0.000436445573601638
-0.000480806850279265
-0.000458247798284681
-0.000442945438764859
-0.000414000109449049
-0.000377314667811888
-0.000492134447567523
-0.000505303787334697
-0.000448777118824779
-0.000465229197218306
-0.000451830022842472
-0.000409310449529379
-0.000370835251298978
-0.000326141466390020
-0.000336909502887188
-0.000414551844778899
-0.000397543570013035
-0.000350838441483141
-0.000353433564620431
-0.000355124481273918
-0.000379869757608518
-0.000371984591352224
-0.000394344616234541
-0.000431295274554060
-0.000383543956047845
-0.000311558177119089
-0.000355366821105072
-0.000356312713144362
-0.000288442903284292
-0.000374955652296656
-0.000391757572971265
-0.000320087196903671
-0.000321041220200442
-0.000325058779084237
-0.000332115108975515
-0.000352206053812925
-0.000295114593052155
-0.000236679707656098
-0.000240742595067882
-0.000241817384111602
-0.000278083275410701
-0.000262522138034509
-0.000215576602881562
-0.000208542080273668
-0.000169978234822930
-0.000136932011977819
-9.08153845869642e-05
-4.39610799973123e-05
-6.56876693791908e-05
-2.53572409112790e-05
2.61643295596925e-05
-2.26588994891774e-05
3.19949038825618e-05
0.000121248651675225
0.000107798466477067
8.66800872673457e-05
8.04583676569837e-05
0.000178726304315044
0.000255665948608197
0.000228937525834270
0.000303381451885159
0.000330818340532044
0.000319950609087849
0.000401402018196118
0.000400731726590244
0.000396665453489646
0.000462932533251479
0.000506382682908200
0.000553646469931870
0.000591504828981506
0.000603162902989816
0.000562550315779937
0.000580351556176826
0.000652836567398705
0.000613008454354045
0.000641507836783077
0.000734476601399869
0.000759632325652184
0.000754308180732899
0.000747011065695844
0.000787513732526364
0.000800574081926158
0.000787701951521029
0.000848339997885432
0.000828461211381395
0.000748316644978679
0.000765265087174569
0.000806042323904528
0.000790794722485551
0.000780396546655844
0.000787472624181582
0.000790582323071440
0.000811700833804530
0.000719494705180743
0.000704863994037233
0.000746705763554942
0.000740253727599303
0.000743587038552818
0.000706853349295749
0.000721231247858221
0.000678858179632620
0.000638370712681926
0.000569035696235751
0.000497737725962679
0.000509735592625376
0.000444026070049723
0.000367492883791236
0.000346881531264067
0.000326462279367483
0.000283923198799307
0.000270771624848436
0.000201103397635052
0.000125171035615264
0.000148911429032808
0.000114280025872908
2.72931222077055e-05
-1.60353334544361e-05
-9.99451062398293e-05
-0.000170650375604620
-0.000163928458182152
-0.000237037627137653
-0.000261276332424902
-0.000255097747502635
-0.000308866437899846
-0.000372036231021911
-0.000448754846194932
-0.000481813363509440
-0.000568451933531815
-0.000572744230119229
-0.000550069751976667
-0.000630904327364617
-0.000642668108446958
-0.000730920049707013
-0.000781838839581526
-0.000707921100910890
-0.000749070447233369
-0.000749695970778974
-0.000757542748292843
-0.000821428120263100
-0.000813708137267795
-0.000814793615594318
-0.000852850849358378
-0.000898417711011474
-0.000881988617520180
-0.000835398951915263
-0.000785932347621801
-0.000768899160559182
-0.000826011799276159
-0.000838765958816103
-0.000791490060137758
-0.000773566236761760
-0.000793049788246916
-0.000760753469920918
-0.000669498355932890
-0.000647654280674968
-0.000693825414197947
-0.000688012826233440
-0.000621972356897498
-0.000604599753628707
-0.000557940514276638
-0.000507933103899312
-0.000496703652927764
-0.000459000399356855
-0.000448654663774839
-0.000340340446256988
-0.000271448434769184
-0.000252646850399971
-0.000174826103121131
-0.000179094860979268
-0.000172892195446099
-0.000127153614451654
-4.11619814827269e-05
-1.99107839906709e-05
-4.33855445410813e-05
4.95781050352129e-05
0.000129351725085609
0.000130707839963993
0.000164342124739871
0.000207331960274004
0.000242906132926670
0.000305415991702631
0.000313838316801380
0.000328861283278421
0.000351627557131664
0.000398152696087557
0.000461114160931224
0.000468962505939139
0.000525005445105613
0.000531870007935709
0.000513106227729878
0.000555572726959248
0.000586359624004977
0.000630885091483364
0.000611267444713803
0.000600853547200195
0.000636615861366039
0.000609275264579026
0.000598297587934553
0.000628138253432553
0.000649534954033371
0.000626340318602488
0.000539327162247858
0.000539183788569844
0.000645998254096227
0.000686888248856405
0.000574636682016845
0.000528784812304224
0.000611749403467030
0.000526256122346425
0.000492358203279864
0.000506829750700888
0.000451634986425376
0.000444690415066304
0.000466693244385681
0.000496059098435211
0.000410373246892135
0.000396263952700551
0.000412907326952450
0.000353243934459755
0.000380771402375970
0.000361805899197236
0.000272449949881661
0.000248083743842500